motor_no,snapshot_date,long_n,long_win_rate,long_top2_rate,long_top3_rate,long_avg_exhibition_time,deashi_score,nobi_score,mawariashi_score,recent_runs_count,recent_valid_finish_count,recent_top2_rate,recent_top3_rate,recent_avg_exhibition_time,recent_avg_exhibition_rank,recent_finish_quality,recent_trend_delta,rider_adjusted_quality,course_adjusted_quality,course_diversity,long_score_35,recent_score_40,rider_score_15,course_score_10,motor_score_100,motor_rank,reliability,normalization_version,source
12,2026-08-19,871,0.16303099885189437,0.3168771526980482,0.4902411021814007,6.825579793340987,0.1267508610792193,0.19609644087256028,0.17158438576349025,10,10,0.5,0.8,6.901,4.4,0.7,-0.12,0.63,0.677,1.0,10.038,29.447,9.45,7.416,56.351,C,1.0,shimonoseki_motor_recent10_norms_v1,boaters_motor_recent10+shimonoseki_motor_type_master_v1
15,2026-08-19,876,0.14269406392694065,0.3013698630136986,0.4600456621004566,6.827888127853881,0.12054794520547946,0.18401826484018266,0.1610159817351598,10,10,0.3,0.3,6.942,6.2,0.44,-0.08,0.396,0.399,1.0,2.915,14.833,5.94,5.192,28.881,D,1.0,shimonoseki_motor_recent10_norms_v1,boaters_motor_recent10+shimonoseki_motor_type_master_v1
17,2026-08-19,909,0.18921892189218922,0.3696369636963696,0.5401540154015402,6.80931793179318,0.14785478547854786,0.2160616061606161,0.18905390539053904,10,10,0.3,0.5,6.891,4.2,0.44,0.4,0.484,0.449,1.0,30.915,21.193,7.26,5.592,64.961,B,1.0,shimonoseki_motor_recent10_norms_v1,boaters_motor_recent10+shimonoseki_motor_type_master_v1
18,2026-08-19,945,0.16296296296296298,0.3164021164021164,0.48994708994708996,6.805111111111111,0.12656084656084657,0.195978835978836,0.17148148148148148,10,10,0.7,0.8,6.85,2.3,0.76,0.16,0.684,0.73,0.833333,12.823,34.953,10.26,7.507,65.543,B,1.0,shimonoseki_motor_recent10_norms_v1,boaters_motor_recent10+shimonoseki_motor_type_master_v1
19,2026-08-19,919,0.191512513601741,0.3797606093579978,0.5342763873775843,6.8112513601741025,0.15190424374319914,0.21371055495103375,0.1869967355821545,10,10,0.1,0.3,6.886,4.0,0.32,0.0,0.352,0.352,0.5,30.269,13.353,5.28,3.816,52.719,C,1.0,shimonoseki_motor_recent10_norms_v1,boaters_motor_recent10+shimonoseki_motor_type_master_v1
20,2026-08-19,931,0.18045112781954886,0.3523093447905478,0.5080558539205156,6.806756176154672,0.14092373791621912,0.20322234156820623,0.17781954887218043,10,10,0.2,0.3,6.894,5.6,0.3,-0.12,0.354,0.292,0.833333,22.762,12.667,5.31,4.003,44.741,D,1.0,shimonoseki_motor_recent10_norms_v1,boaters_motor_recent10+shimonoseki_motor_type_master_v1
21,2026-08-19,897,0.1505016722408027,0.3311036789297659,0.5027870680044593,6.815986622073578,0.13244147157190636,0.20111482720178372,0.17597547380156073,10,10,0.3,0.5,6.907,4.6,0.46,0.04,0.492,0.458,1.0,13.438,20.273,7.38,5.664,46.756,C,1.0,shimonoseki_motor_recent10_norms_v1,boaters_motor_recent10+shimonoseki_motor_type_master_v1
22,2026-08-19,913,0.13910186199342825,0.3198247535596933,0.4939759036144578,6.816812705366922,0.12792990142387733,0.19759036144578312,0.17289156626506022,10,10,0.1,0.2,6.965,5.7,0.32,0.0,0.342,0.317,1.0,8.731,9.373,5.13,4.536,27.77,D,1.0,shimonoseki_motor_recent10_norms_v1,boaters_motor_recent10+shimonoseki_motor_type_master_v1
23,2026-08-19,941,0.14240170031880978,0.30818278427205104,0.5015940488841658,6.815154091392136,0.12327311370882042,0.20063761955366632,0.17555791710945803,10,10,0.3,0.4,6.827,2.6,0.44,-0.24,0.474,0.431,1.0,9.115,20.98,7.11,5.448,42.653,D,1.0,shimonoseki_motor_recent10_norms_v1,boaters_motor_recent10+shimonoseki_motor_type_master_v1
24,2026-08-19,843,0.16370106761565836,0.3155397390272835,0.4887307236061684,6.821767497034401,0.1262158956109134,0.19549228944246738,0.17105575326215894,10,9,0.222222,0.222222,6.89,4.5,0.355556,0.08,0.368889,0.341111,0.833333,9.162,13.97,5.533,4.396,33.06,D,0.9,shimonoseki_motor_recent10_norms_v1,boaters_motor_recent10+shimonoseki_motor_type_master_v1
25,2026-08-19,873,0.14776632302405499,0.3024054982817869,0.4753722794959908,6.811179839633447,0.12096219931271478,0.19014891179839633,0.16638029782359678,10,10,0.4,0.4,6.861,3.5,0.54,-0.2,0.574,0.525,1.0,6.331,22.207,8.61,6.2,43.347,D,1.0,shimonoseki_motor_recent10_norms_v1,boaters_motor_recent10+shimonoseki_motor_type_master_v1
26,2026-08-19,824,0.15169902912621358,0.3131067961165049,0.4842233009708738,6.816347087378641,0.12524271844660195,0.19368932038834952,0.1694781553398058,10,10,0.1,0.4,6.867,4.5,0.36,0.08,0.384,0.352,1.0,7.562,14.6,5.76,4.816,32.738,D,1.0,shimonoseki_motor_recent10_norms_v1,boaters_motor_recent10+shimonoseki_motor_type_master_v1
29,2026-08-19,819,0.14163614163614163,0.29181929181929184,0.4554334554334554,6.812454212454212,0.11672771672771674,0.1821733821733822,0.1594017094017094,10,10,0.0,0.5,6.945,4.8,0.38,0.04,0.418,0.382,1.0,3.915,14.013,6.27,5.056,29.255,D,1.0,shimonoseki_motor_recent10_norms_v1,boaters_motor_recent10+shimonoseki_motor_type_master_v1
30,2026-08-19,801,0.15106117353308365,0.3096129837702871,0.4893882646691635,6.821585518102372,0.12384519350811485,0.19575530586766543,0.1712858926342072,10,10,0.4,0.5,6.909,3.6,0.58,-0.04,0.618,0.568,1.0,7.3,24.12,9.27,6.544,47.234,C,1.0,shimonoseki_motor_recent10_norms_v1,boaters_motor_recent10+shimonoseki_motor_type_master_v1
31,2026-08-19,945,0.1746031746031746,0.3576719576719577,0.5312169312169313,6.799756613756614,0.1430687830687831,0.2124867724867725,0.18592592592592594,10,10,0.8,0.8,6.906,4.4,0.78,0.04,0.702,0.75,1.0,27.623,31.973,10.53,8.0,78.126,A,1.0,shimonoseki_motor_recent10_norms_v1,boaters_motor_recent10+shimonoseki_motor_type_master_v1
32,2026-08-19,924,0.21753246753246752,0.37012987012987014,0.5248917748917749,6.815800865800866,0.14805194805194807,0.20995670995670995,0.1837121212121212,10,10,0.3,0.5,6.892,4.8,0.48,0.16,0.48,0.456,1.0,28.5,20.273,7.2,5.648,61.621,B,1.0,shimonoseki_motor_recent10_norms_v1,boaters_motor_recent10+shimonoseki_motor_type_master_v1
34,2026-08-19,901,0.1709211986681465,0.3462819089900111,0.5083240843507214,6.818512763596004,0.13851276359600445,0.20332963374028856,0.1779134295227525,10,10,0.4,0.6,6.907,5.6,0.56,-0.16,0.504,0.551,1.0,18.362,22.64,7.56,6.408,54.97,C,1.0,shimonoseki_motor_recent10_norms_v1,boaters_motor_recent10+shimonoseki_motor_type_master_v1
36,2026-08-19,931,0.21267454350161116,0.3995703544575725,0.5886143931256713,6.792738990332976,0.159828141783029,0.23544575725026853,0.20601503759398496,10,10,0.1,0.5,6.9,4.5,0.42,-0.04,0.424,0.415,1.0,34.346,16.4,6.36,5.32,62.426,B,1.0,shimonoseki_motor_recent10_norms_v1,boaters_motor_recent10+shimonoseki_motor_type_master_v1
38,2026-08-19,890,0.149438202247191,0.3146067415730337,0.46741573033707867,6.808494382022472,0.1258426966292135,0.18696629213483149,0.16359550561797753,10,10,0.3,0.4,6.888,3.5,0.52,-0.08,0.51,0.492,1.0,7.731,20.413,7.65,5.936,41.73,D,1.0,shimonoseki_motor_recent10_norms_v1,boaters_motor_recent10+shimonoseki_motor_type_master_v1
40,2026-08-19,954,0.16247379454926625,0.34067085953878407,0.4989517819706499,6.806184486373166,0.13626834381551364,0.19958071278825995,0.17463312368972744,10,10,0.5,0.5,6.898,3.3,0.56,-0.24,0.586,0.538,1.0,17.315,25.987,8.79,6.304,58.396,B,1.0,shimonoseki_motor_recent10_norms_v1,boaters_motor_recent10+shimonoseki_motor_type_master_v1
41,2026-08-19,930,0.15591397849462366,0.35053763440860214,0.5258064516129032,6.810043010752688,0.14021505376344087,0.2103225806451613,0.1840322580645161,10,9,0.333333,0.444444,6.882,5.2,0.511111,-0.02,0.54,0.516667,1.0,22.085,19.382,8.1,6.133,55.7,C,0.9,shimonoseki_motor_recent10_norms_v1,boaters_motor_recent10+shimonoseki_motor_type_master_v1
43,2026-08-19,881,0.18274687854710556,0.3654937570942111,0.5096481271282634,6.813802497162316,0.14619750283768446,0.20385925085130535,0.17837684449489216,10,10,0.3,0.3,6.919,6.4,0.32,-0.56,0.308,0.295,1.0,24.269,13.473,4.62,4.36,46.723,C,1.0,shimonoseki_motor_recent10_norms_v1,boaters_motor_recent10+shimonoseki_motor_type_master_v1
44,2026-08-19,942,0.18789808917197454,0.3673036093418259,0.5148619957537155,6.804681528662421,0.14692144373673036,0.2059447983014862,0.1802016985138004,10,10,0.4,0.7,6.853,3.2,0.58,0.28,0.58,0.567,0.833333,27.438,28.307,8.7,6.203,70.648,B,1.0,shimonoseki_motor_recent10_norms_v1,boaters_motor_recent10+shimonoseki_motor_type_master_v1
45,2026-08-19,892,0.17713004484304934,0.35201793721973096,0.5112107623318386,6.807410313901346,0.14080717488789238,0.20448430493273545,0.1789237668161435,10,9,0.111111,0.333333,6.868,4.9,0.355556,0.08,0.38,0.341111,1.0,23.162,13.15,5.7,4.729,46.741,C,0.9,shimonoseki_motor_recent10_norms_v1,boaters_motor_recent10+shimonoseki_motor_type_master_v1
46,2026-08-19,872,0.16857798165137614,0.3555045871559633,0.536697247706422,6.805630733944954,0.14220183486238533,0.21467889908256882,0.1878440366972477,10,10,0.4,0.8,6.856,2.8,0.64,0.24,0.576,0.617,0.833333,27.285,29.973,8.64,6.603,72.501,A,1.0,shimonoseki_motor_recent10_norms_v1,boaters_motor_recent10+shimonoseki_motor_type_master_v1
48,2026-08-19,824,0.15776699029126215,0.3179611650485437,0.48058252427184467,6.814842233009709,0.1271844660194175,0.19223300970873788,0.16820388349514562,10,10,0.6,0.7,6.93,5.2,0.62,0.2,0.62,0.605,1.0,8.731,29.307,9.3,6.84,54.177,C,1.0,shimonoseki_motor_recent10_norms_v1,boaters_motor_recent10+shimonoseki_motor_type_master_v1
49,2026-08-19,886,0.18961625282167044,0.3690744920993228,0.5338600451467269,6.812528216704289,0.14762979683972913,0.21354401805869078,0.1868510158013544,10,10,0.5,0.7,6.858,2.4,0.66,0.04,0.686,0.651,1.0,29.038,31.42,10.29,7.208,77.956,A,1.0,shimonoseki_motor_recent10_norms_v1,boaters_motor_recent10+shimonoseki_motor_type_master_v1
50,2026-08-19,880,0.17954545454545454,0.33295454545454545,0.4818181818181818,6.819045454545455,0.13318181818181818,0.19272727272727275,0.1686363636363636,10,10,0.1,0.2,6.91,5.1,0.34,-0.2,0.364,0.333,1.0,13.715,10.067,5.46,4.664,33.906,D,1.0,shimonoseki_motor_recent10_norms_v1,boaters_motor_recent10+shimonoseki_motor_type_master_v1
51,2026-08-19,900,0.16111111111111112,0.3233333333333333,0.5055555555555555,6.806577777777778,0.12933333333333333,0.20222222222222222,0.17694444444444443,10,10,0.0,0.0,6.914,5.6,0.06,-0.04,0.072,0.066,0.5,15.331,2.867,1.08,1.528,20.805,D,1.0,shimonoseki_motor_recent10_norms_v1,boaters_motor_recent10+shimonoseki_motor_type_master_v1
52,2026-08-19,929,0.1797631862217438,0.35306781485468247,0.5231431646932185,6.811969860064585,0.141227125941873,0.20925726587728743,0.18310010764262646,10,9,0.333333,0.666667,6.896,4.0,0.6,0.18,0.668889,0.596667,1.0,25.077,25.418,10.033,6.773,67.301,B,0.9,shimonoseki_motor_recent10_norms_v1,boaters_motor_recent10+shimonoseki_motor_type_master_v1
54,2026-08-19,961,0.16649323621227888,0.32049947970863685,0.5067637877211238,6.815587929240374,0.12819979188345473,0.20270551508844956,0.17736732570239333,10,10,0.0,0.1,6.875,5.0,0.32,0.16,0.352,0.345,0.666667,14.654,7.133,5.28,4.093,31.161,D,1.0,shimonoseki_motor_recent10_norms_v1,boaters_motor_recent10+shimonoseki_motor_type_master_v1
55,2026-08-19,965,0.1616580310880829,0.33264248704663213,0.5191709844559586,6.80041450777202,0.13305699481865285,0.20766839378238344,0.18170984455958547,10,10,0.4,0.7,6.973,6.6,0.58,-0.12,0.522,0.576,1.0,21.223,23.853,7.83,6.608,59.514,B,1.0,shimonoseki_motor_recent10_norms_v1,boaters_motor_recent10+shimonoseki_motor_type_master_v1
56,2026-08-19,914,0.23413566739606126,0.4048140043763676,0.5557986870897156,6.811236323851204,0.16192560175054704,0.22231947483588624,0.19452954048140045,10,9,0.333333,0.444444,6.891,3.9,0.488889,-0.25,0.493333,0.485556,0.833333,32.669,20.762,7.4,5.551,66.383,B,0.9,shimonoseki_motor_recent10_norms_v1,boaters_motor_recent10+shimonoseki_motor_type_master_v1
58,2026-08-19,832,0.13701923076923078,0.2764423076923077,0.45072115384615385,6.821442307692307,0.11057692307692309,0.18028846153846156,0.15775240384615383,10,10,0.3,0.4,6.904,5.2,0.4,-0.32,0.438,0.396,1.0,1.746,16.993,6.57,5.168,30.477,D,1.0,shimonoseki_motor_recent10_norms_v1,boaters_motor_recent10+shimonoseki_motor_type_master_v1
59,2026-08-19,958,0.1826722338204593,0.33924843423799583,0.4989561586638831,6.813016701461378,0.13569937369519833,0.19958246346555325,0.17463465553235907,10,10,0.2,0.2,6.865,3.1,0.38,0.04,0.398,0.372,1.0,18.392,15.26,5.97,4.976,44.598,D,1.0,shimonoseki_motor_recent10_norms_v1,boaters_motor_recent10+shimonoseki_motor_type_master_v1
60,2026-08-19,852,0.13615023474178403,0.3039906103286385,0.4859154929577465,6.817769953051643,0.12159624413145541,0.1943661971830986,0.17007042253521126,10,10,0.3,0.4,6.9,3.6,0.44,-0.08,0.44,0.415,1.0,5.362,19.793,6.6,5.32,37.075,D,1.0,shimonoseki_motor_recent10_norms_v1,boaters_motor_recent10+shimonoseki_motor_type_master_v1
61,2026-08-19,899,0.1668520578420467,0.3259176863181313,0.5172413793103449,6.809844271412681,0.13036707452725252,0.20689655172413796,0.1810344827586207,10,10,0.3,0.3,6.928,5.7,0.3,-0.2,0.302,0.273,1.0,18.915,14.253,4.53,4.184,41.883,D,1.0,shimonoseki_motor_recent10_norms_v1,boaters_motor_recent10+shimonoseki_motor_type_master_v1
62,2026-08-19,888,0.15990990990990991,0.34459459459459457,0.5157657657657657,6.820078828828828,0.13783783783783785,0.2063063063063063,0.18051801801801798,10,10,0.5,0.6,6.899,4.4,0.6,-0.32,0.65,0.597,1.0,18.285,26.18,9.75,6.776,60.991,B,1.0,shimonoseki_motor_recent10_norms_v1,boaters_motor_recent10+shimonoseki_motor_type_master_v1
64,2026-08-19,919,0.18171926006528835,0.32752992383025026,0.5048966267682263,6.811893362350381,0.13101196953210012,0.20195865070729055,0.1767138193688792,10,10,0.2,0.6,6.959,6.6,0.54,0.28,0.584,0.54,1.0,17.838,18.88,8.76,6.32,51.798,C,1.0,shimonoseki_motor_recent10_norms_v1,boaters_motor_recent10+shimonoseki_motor_type_master_v1
66,2026-08-19,929,0.17007534983853606,0.3595263724434876,0.5231431646932185,6.816167922497309,0.14381054897739506,0.20925726587728743,0.18310010764262646,10,10,0.2,0.3,6.862,3.7,0.46,-0.2,0.486,0.447,1.0,23.815,16.18,7.29,5.576,52.861,C,1.0,shimonoseki_motor_recent10_norms_v1,boaters_motor_recent10+shimonoseki_motor_type_master_v1
67,2026-08-19,903,0.16279069767441862,0.3266888150609081,0.4806201550387597,6.811506090808416,0.13067552602436325,0.1922480620155039,0.1682170542635659,10,10,0.3,0.5,6.891,3.1,0.46,-0.2,0.47,0.452,1.0,11.315,22.053,7.05,5.616,46.035,C,1.0,shimonoseki_motor_recent10_norms_v1,boaters_motor_recent10+shimonoseki_motor_type_master_v1
70,2026-08-19,704,0.171875,0.32670454545454547,0.5113636363636364,6.806718750000001,0.1306818181818182,0.20454545454545456,0.1789772727272727,10,9,0.555556,0.666667,6.908,4.5,0.666667,-0.12,0.6,0.642222,0.833333,19.562,28.792,9.0,6.804,64.158,B,0.9,shimonoseki_motor_recent10_norms_v1,boaters_motor_recent10+shimonoseki_motor_type_master_v1
71,2026-08-19,702,0.1866096866096866,0.3646723646723647,0.5185185185185185,6.805270655270656,0.1458689458689459,0.2074074074074074,0.18148148148148147,10,10,0.3,0.4,6.911,4.7,0.4,0.0,0.43,0.395,1.0,27.669,18.12,6.45,5.16,57.399,C,1.0,shimonoseki_motor_recent10_norms_v1,boaters_motor_recent10+shimonoseki_motor_type_master_v1
72,2026-08-19,712,0.15168539325842698,0.34831460674157305,0.5365168539325843,6.798904494382022,0.13932584269662923,0.21460674157303372,0.1877808988764045,10,10,0.1,0.2,6.913,4.7,0.36,-0.16,0.386,0.348,1.0,23.9,10.8,5.79,4.784,45.274,C,1.0,shimonoseki_motor_recent10_norms_v1,boaters_motor_recent10+shimonoseki_motor_type_master_v1
73,2026-08-19,618,0.15857605177993528,0.30258899676375406,0.44983818770226536,6.817038834951457,0.12103559870550162,0.17993527508090615,0.15744336569579287,10,10,0.3,0.3,6.958,6.1,0.42,0.04,0.442,0.408,1.0,4.762,14.873,6.63,5.264,31.529,D,1.0,shimonoseki_motor_recent10_norms_v1,boaters_motor_recent10+shimonoseki_motor_type_master_v1
