lane,lane1_trust_band,lane2_sashi_band,lane5_remain_band,outside_attack_band,entry_course,starts,win_rate,second_rate,third_rate,top3_rate
1,35-54_中間,35未満_弱い,35未満_弱い,missing,1,1,0.0,0.0,0.0,0.0
1,35-54_中間,35未満_弱い,35未満_弱い,低リスク,1,522,0.0,0.0,0.0,0.0
1,55-74_信頼,35-54_中間,35-54_中間,中間,1.0,8,62.5,12.5,25.0,100.0
1,55-74_信頼,35-54_中間,35-54_中間,中間,2.0,1,0.0,0.0,100.0,100.0
1,55-74_信頼,35-54_中間,35未満_弱い,中間,1.0,6,100.0,0.0,0.0,100.0
1,55-74_信頼,35-54_中間,35未満_弱い,低リスク,1.0,2,50.0,50.0,0.0,100.0
1,55-74_信頼,35未満_弱い,35-54_中間,missing,1.0,11,72.73,27.27,0.0,100.0
1,55-74_信頼,35未満_弱い,35-54_中間,中間,1.0,857,71.88,17.04,7.58,96.5
1,55-74_信頼,35未満_弱い,35-54_中間,中間,2.0,6,33.33,16.67,50.0,100.0
1,55-74_信頼,35未満_弱い,35-54_中間,中間,3.0,2,0.0,50.0,50.0,100.0
1,55-74_信頼,35未満_弱い,35-54_中間,低リスク,1.0,86,60.47,18.6,12.79,91.86
1,55-74_信頼,35未満_弱い,35未満_弱い,missing,1,1,0.0,0.0,0.0,0.0
1,55-74_信頼,35未満_弱い,35未満_弱い,missing,1.0,38,63.16,13.16,15.79,92.11
1,55-74_信頼,35未満_弱い,35未満_弱い,中間,1.0,1973,68.22,16.17,9.07,93.46
1,55-74_信頼,35未満_弱い,35未満_弱い,中間,2.0,5,40.0,40.0,20.0,100.0
1,55-74_信頼,35未満_弱い,35未満_弱い,低リスク,1,194,0.0,0.0,0.0,0.0
1,55-74_信頼,35未満_弱い,35未満_弱い,低リスク,1.0,686,49.13,24.78,14.43,88.34
1,55-74_信頼,35未満_弱い,35未満_弱い,低リスク,2.0,1,0.0,0.0,0.0,0.0
1,55-74_信頼,35未満_弱い,35未満_弱い,低リスク,3.0,3,0.0,33.33,0.0,33.33
1,75以上_強信頼,35-54_中間,35-54_中間,missing,1.0,15,60.0,33.33,6.67,100.0
1,75以上_強信頼,35-54_中間,35-54_中間,中間,1.0,504,80.56,14.68,3.17,98.41
1,75以上_強信頼,35-54_中間,35-54_中間,中間,2.0,1,0.0,100.0,0.0,100.0
1,75以上_強信頼,35-54_中間,35-54_中間,低リスク,1.0,90,63.33,17.78,10.0,91.11
1,75以上_強信頼,35-54_中間,35-54_中間,低リスク,4.0,1,0.0,0.0,0.0,0.0
1,75以上_強信頼,35-54_中間,35未満_弱い,missing,1.0,1,0.0,0.0,0.0,0.0
1,75以上_強信頼,35-54_中間,35未満_弱い,中間,1.0,24,66.67,20.83,4.17,91.67
1,75以上_強信頼,35-54_中間,35未満_弱い,低リスク,1.0,12,16.67,41.67,16.67,75.0
1,75以上_強信頼,35未満_弱い,35-54_中間,missing,1.0,52,75.0,15.38,3.85,94.23
1,75以上_強信頼,35未満_弱い,35-54_中間,中間,1.0,3164,75.0,16.28,5.66,96.93
1,75以上_強信頼,35未満_弱い,35-54_中間,中間,2.0,6,16.67,50.0,33.33,100.0
1,75以上_強信頼,35未満_弱い,35-54_中間,中間,3.0,2,0.0,100.0,0.0,100.0
1,75以上_強信頼,35未満_弱い,35-54_中間,中間,4.0,2,100.0,0.0,0.0,100.0
1,75以上_強信頼,35未満_弱い,35-54_中間,低リスク,1.0,463,57.45,21.81,11.45,90.71
1,75以上_強信頼,35未満_弱い,35-54_中間,低リスク,2.0,2,0.0,0.0,100.0,100.0
1,75以上_強信頼,35未満_弱い,35-54_中間,低リスク,3.0,1,0.0,0.0,0.0,0.0
1,75以上_強信頼,35未満_弱い,35未満_弱い,missing,1.0,19,63.16,5.26,26.32,94.74
1,75以上_強信頼,35未満_弱い,35未満_弱い,中間,1.0,557,63.73,19.39,9.87,93.0
1,75以上_強信頼,35未満_弱い,35未満_弱い,中間,2.0,1,0.0,0.0,0.0,0.0
1,75以上_強信頼,35未満_弱い,35未満_弱い,低リスク,1,14,0.0,0.0,0.0,0.0
1,75以上_強信頼,35未満_弱い,35未満_弱い,低リスク,1.0,416,46.39,23.8,16.35,86.54
1,75以上_強信頼,35未満_弱い,35未満_弱い,低リスク,2.0,1,100.0,0.0,0.0,100.0
2,35-54_中間,35-54_中間,35-54_中間,中間,2.0,33,18.18,42.42,30.3,90.91
2,35-54_中間,35-54_中間,35-54_中間,中間,6.0,1,0.0,100.0,0.0,100.0
2,35-54_中間,35-54_中間,35-54_中間,低リスク,2.0,6,16.67,0.0,50.0,66.67
2,35-54_中間,35-54_中間,35-54_中間,低リスク,3.0,1,0.0,100.0,0.0,100.0
2,35-54_中間,35-54_中間,35未満_弱い,missing,2.0,4,0.0,50.0,25.0,75.0
2,35-54_中間,35-54_中間,35未満_弱い,中間,2,25,0.0,0.0,0.0,0.0
2,35-54_中間,35-54_中間,35未満_弱い,中間,2.0,89,8.99,32.58,23.6,65.17
2,35-54_中間,35-54_中間,35未満_弱い,中間,3.0,6,16.67,16.67,33.33,66.67
2,35-54_中間,35-54_中間,35未満_弱い,中間,4.0,1,0.0,100.0,0.0,100.0
2,35-54_中間,35-54_中間,35未満_弱い,低リスク,1.0,1,100.0,0.0,0.0,100.0
2,35-54_中間,35-54_中間,35未満_弱い,低リスク,2,6,0.0,0.0,0.0,0.0
2,35-54_中間,35-54_中間,35未満_弱い,低リスク,2.0,47,19.15,36.17,17.02,72.34
2,35-54_中間,55-74_信頼,35-54_中間,missing,1.0,1,100.0,0.0,0.0,100.0
2,35-54_中間,55-74_信頼,35-54_中間,missing,2.0,37,18.92,54.05,21.62,94.59
2,35-54_中間,55-74_信頼,35-54_中間,missing,3.0,2,50.0,50.0,0.0,100.0
2,35-54_中間,55-74_信頼,35-54_中間,中間,1.0,3,33.33,33.33,33.33,100.0
2,35-54_中間,55-74_信頼,35-54_中間,中間,2.0,1496,15.04,38.64,26.07,79.75
2,35-54_中間,55-74_信頼,35-54_中間,中間,3.0,52,13.46,25.0,32.69,71.15
2,35-54_中間,55-74_信頼,35-54_中間,中間,4.0,4,0.0,25.0,50.0,75.0
2,35-54_中間,55-74_信頼,35-54_中間,中間,5.0,1,0.0,0.0,0.0,0.0
2,35-54_中間,55-74_信頼,35-54_中間,中間,6.0,1,0.0,0.0,0.0,0.0
2,35-54_中間,55-74_信頼,35-54_中間,低リスク,1.0,2,50.0,0.0,50.0,100.0
2,35-54_中間,55-74_信頼,35-54_中間,低リスク,2.0,512,30.47,33.59,18.75,82.81
2,35-54_中間,55-74_信頼,35-54_中間,低リスク,3.0,38,31.58,34.21,18.42,84.21
2,35-54_中間,55-74_信頼,35-54_中間,低リスク,4.0,5,100.0,0.0,0.0,100.0
2,35-54_中間,55-74_信頼,35-54_中間,低リスク,5.0,3,66.67,33.33,0.0,100.0
2,35-54_中間,55-74_信頼,35-54_中間,低リスク,6.0,1,0.0,0.0,100.0,100.0
2,35-54_中間,55-74_信頼,35未満_弱い,missing,2.0,8,0.0,25.0,37.5,62.5
2,35-54_中間,55-74_信頼,35未満_弱い,中間,1.0,1,100.0,0.0,0.0,100.0
2,35-54_中間,55-74_信頼,35未満_弱い,中間,2,1,0.0,0.0,0.0,0.0
2,35-54_中間,55-74_信頼,35未満_弱い,中間,2.0,392,9.44,35.97,29.08,74.49
2,35-54_中間,55-74_信頼,35未満_弱い,中間,3.0,14,7.14,57.14,28.57,92.86
2,35-54_中間,55-74_信頼,35未満_弱い,中間,4.0,1,0.0,0.0,0.0,0.0
2,35-54_中間,55-74_信頼,35未満_弱い,中間,5.0,3,0.0,66.67,33.33,100.0
2,35-54_中間,55-74_信頼,35未満_弱い,中間,6.0,1,100.0,0.0,0.0,100.0
2,35-54_中間,55-74_信頼,35未満_弱い,低リスク,1.0,2,50.0,0.0,0.0,50.0
2,35-54_中間,55-74_信頼,35未満_弱い,低リスク,2,3,0.0,0.0,0.0,0.0
2,35-54_中間,55-74_信頼,35未満_弱い,低リスク,2.0,217,19.82,26.73,24.42,70.97
2,35-54_中間,55-74_信頼,35未満_弱い,低リスク,3.0,6,66.67,0.0,16.67,83.33
2,35-54_中間,55-74_信頼,35未満_弱い,低リスク,4.0,2,50.0,0.0,50.0,100.0
2,35-54_中間,55-74_信頼,35未満_弱い,低リスク,5.0,1,0.0,0.0,0.0,0.0
2,35-54_中間,75以上_強信頼,35-54_中間,missing,2.0,1,0.0,0.0,0.0,0.0
2,35-54_中間,75以上_強信頼,35-54_中間,中間,1.0,1,0.0,100.0,0.0,100.0
2,35-54_中間,75以上_強信頼,35-54_中間,中間,2.0,72,19.44,44.44,16.67,80.56
2,35-54_中間,75以上_強信頼,35-54_中間,中間,3.0,1,0.0,0.0,100.0,100.0
2,35-54_中間,75以上_強信頼,35-54_中間,中間,4.0,1,100.0,0.0,0.0,100.0
2,35-54_中間,75以上_強信頼,35-54_中間,中間,5.0,1,0.0,0.0,100.0,100.0
2,35-54_中間,75以上_強信頼,35-54_中間,低リスク,2.0,18,44.44,16.67,5.56,66.67
2,35-54_中間,75以上_強信頼,35未満_弱い,中間,2.0,2,0.0,50.0,0.0,50.0
2,35-54_中間,75以上_強信頼,35未満_弱い,中間,3.0,1,0.0,0.0,100.0,100.0
2,35-54_中間,75以上_強信頼,35未満_弱い,低リスク,2.0,2,0.0,0.0,0.0,0.0
2,35未満_弱い,35-54_中間,35-54_中間,missing,1.0,1,100.0,0.0,0.0,100.0
2,35未満_弱い,35-54_中間,35-54_中間,missing,2.0,5,0.0,60.0,20.0,80.0
2,35未満_弱い,35-54_中間,35-54_中間,中間,2.0,344,10.17,39.24,29.94,79.36
2,35未満_弱い,35-54_中間,35-54_中間,中間,3.0,15,13.33,20.0,26.67,60.0
2,35未満_弱い,35-54_中間,35-54_中間,中間,4.0,4,25.0,50.0,0.0,75.0
2,35未満_弱い,35-54_中間,35-54_中間,低リスク,2.0,29,24.14,27.59,24.14,75.86
2,35未満_弱い,35-54_中間,35-54_中間,低リスク,3.0,2,50.0,0.0,0.0,50.0
2,35未満_弱い,35-54_中間,35未満_弱い,missing,1.0,2,50.0,50.0,0.0,100.0
2,35未満_弱い,35-54_中間,35未満_弱い,missing,2,14,0.0,0.0,0.0,0.0
2,35未満_弱い,35-54_中間,35未満_弱い,missing,2.0,37,10.81,24.32,27.03,62.16
2,35未満_弱い,35-54_中間,35未満_弱い,missing,3.0,1,0.0,100.0,0.0,100.0
2,35未満_弱い,35-54_中間,35未満_弱い,中間,2,1681,0.0,0.0,0.0,0.0
2,35未満_弱い,35-54_中間,35未満_弱い,中間,2.0,1546,11.64,32.99,28.53,73.16
2,35未満_弱い,35-54_中間,35未満_弱い,中間,3.0,73,20.55,26.03,23.29,69.86
2,35未満_弱い,35-54_中間,35未満_弱い,中間,4.0,13,23.08,7.69,30.77,61.54
2,35未満_弱い,35-54_中間,35未満_弱い,中間,5.0,5,20.0,0.0,0.0,20.0
2,35未満_弱い,35-54_中間,35未満_弱い,中間,6.0,1,0.0,100.0,0.0,100.0
2,35未満_弱い,35-54_中間,35未満_弱い,低リスク,1.0,2,50.0,0.0,0.0,50.0
2,35未満_弱い,35-54_中間,35未満_弱い,低リスク,2,607,0.0,0.0,0.0,0.0
2,35未満_弱い,35-54_中間,35未満_弱い,低リスク,2.0,655,21.98,31.76,22.14,75.88
2,35未満_弱い,35-54_中間,35未満_弱い,低リスク,3.0,40,22.5,22.5,25.0,70.0
2,35未満_弱い,35-54_中間,35未満_弱い,低リスク,4.0,10,10.0,20.0,20.0,50.0
2,35未満_弱い,35-54_中間,35未満_弱い,低リスク,5.0,1,0.0,100.0,0.0,100.0
2,35未満_弱い,55-74_信頼,35-54_中間,missing,2.0,8,25.0,12.5,37.5,75.0
2,35未満_弱い,55-74_信頼,35-54_中間,中間,2.0,621,15.3,42.03,25.93,83.25
2,35未満_弱い,55-74_信頼,35-54_中間,中間,3.0,15,13.33,53.33,20.0,86.67
2,35未満_弱い,55-74_信頼,35-54_中間,中間,4.0,2,0.0,100.0,0.0,100.0
2,35未満_弱い,55-74_信頼,35-54_中間,中間,5.0,3,33.33,33.33,0.0,66.67
2,35未満_弱い,55-74_信頼,35-54_中間,中間,6.0,1,0.0,0.0,0.0,0.0
2,35未満_弱い,55-74_信頼,35-54_中間,低リスク,1.0,2,100.0,0.0,0.0,100.0
2,35未満_弱い,55-74_信頼,35-54_中間,低リスク,2.0,94,30.85,24.47,26.6,81.91
2,35未満_弱い,55-74_信頼,35-54_中間,低リスク,3.0,9,11.11,66.67,11.11,88.89
2,35未満_弱い,55-74_信頼,35-54_中間,低リスク,4.0,2,50.0,50.0,0.0,100.0
2,35未満_弱い,55-74_信頼,35未満_弱い,missing,2.0,5,20.0,20.0,60.0,100.0
2,35未満_弱い,55-74_信頼,35未満_弱い,中間,1.0,1,100.0,0.0,0.0,100.0
2,35未満_弱い,55-74_信頼,35未満_弱い,中間,2,66,0.0,0.0,0.0,0.0
2,35未満_弱い,55-74_信頼,35未満_弱い,中間,2.0,202,14.85,36.63,29.21,80.69
2,35未満_弱い,55-74_信頼,35未満_弱い,中間,3.0,5,0.0,0.0,0.0,0.0
2,35未満_弱い,55-74_信頼,35未満_弱い,中間,4.0,1,0.0,0.0,0.0,0.0
2,35未満_弱い,55-74_信頼,35未満_弱い,低リスク,2,17,0.0,0.0,0.0,0.0
2,35未満_弱い,55-74_信頼,35未満_弱い,低リスク,2.0,87,21.84,34.48,18.39,74.71
2,35未満_弱い,55-74_信頼,35未満_弱い,低リスク,3.0,3,33.33,66.67,0.0,100.0
2,35未満_弱い,55-74_信頼,35未満_弱い,低リスク,4.0,2,50.0,0.0,50.0,100.0
2,35未満_弱い,55-74_信頼,35未満_弱い,低リスク,6.0,1,0.0,0.0,100.0,100.0
2,35未満_弱い,75以上_強信頼,35-54_中間,中間,2.0,3,33.33,66.67,0.0,100.0
2,35未満_弱い,75以上_強信頼,35-54_中間,低リスク,2.0,2,0.0,0.0,50.0,50.0
2,55-74_信頼,35-54_中間,35-54_中間,中間,2.0,3,0.0,66.67,33.33,100.0
2,55-74_信頼,35-54_中間,35未満_弱い,中間,2.0,13,7.69,30.77,38.46,76.92
2,55-74_信頼,35-54_中間,35未満_弱い,低リスク,2.0,6,50.0,0.0,0.0,50.0
2,55-74_信頼,55-74_信頼,35-54_中間,missing,1.0,1,100.0,0.0,0.0,100.0
2,55-74_信頼,55-74_信頼,35-54_中間,missing,2.0,3,33.33,33.33,0.0,66.67
2,55-74_信頼,55-74_信頼,35-54_中間,中間,1.0,3,100.0,0.0,0.0,100.0
2,55-74_信頼,55-74_信頼,35-54_中間,中間,2.0,209,13.4,43.06,28.71,85.17
2,55-74_信頼,55-74_信頼,35-54_中間,中間,3.0,3,33.33,33.33,33.33,100.0
2,55-74_信頼,55-74_信頼,35-54_中間,低リスク,2.0,76,34.21,38.16,15.79,88.16
2,55-74_信頼,55-74_信頼,35-54_中間,低リスク,3.0,6,33.33,50.0,16.67,100.0
2,55-74_信頼,55-74_信頼,35-54_中間,低リスク,4.0,1,0.0,100.0,0.0,100.0
2,55-74_信頼,55-74_信頼,35-54_中間,低リスク,5.0,1,100.0,0.0,0.0,100.0
2,55-74_信頼,55-74_信頼,35未満_弱い,missing,2.0,1,100.0,0.0,0.0,100.0
2,55-74_信頼,55-74_信頼,35未満_弱い,中間,2.0,19,10.53,26.32,31.58,68.42
2,55-74_信頼,55-74_信頼,35未満_弱い,低リスク,2.0,11,27.27,18.18,27.27,72.73
2,55-74_信頼,55-74_信頼,35未満_弱い,低リスク,3.0,1,0.0,0.0,100.0,100.0
2,55-74_信頼,55-74_信頼,35未満_弱い,低リスク,4.0,1,100.0,0.0,0.0,100.0
2,55-74_信頼,75以上_強信頼,35-54_中間,中間,2.0,13,15.38,23.08,38.46,76.92
2,55-74_信頼,75以上_強信頼,35-54_中間,低リスク,2.0,14,14.29,64.29,0.0,78.57
2,55-74_信頼,75以上_強信頼,35未満_弱い,中間,2.0,2,0.0,100.0,0.0,100.0
2,55-74_信頼,75以上_強信頼,35未満_弱い,低リスク,2.0,1,0.0,100.0,0.0,100.0
2,75以上_強信頼,55-74_信頼,35-54_中間,中間,2.0,1,100.0,0.0,0.0,100.0
2,75以上_強信頼,55-74_信頼,35-54_中間,低リスク,2.0,2,50.0,50.0,0.0,100.0
2,75以上_強信頼,55-74_信頼,35未満_弱い,低リスク,2.0,1,0.0,100.0,0.0,100.0
3,35-54_中間,35-54_中間,35-54_中間,missing,2.0,1,0.0,0.0,0.0,0.0
3,35-54_中間,35-54_中間,35-54_中間,missing,3.0,3,66.67,33.33,0.0,100.0
3,35-54_中間,35-54_中間,35-54_中間,中間,2.0,10,10.0,20.0,20.0,50.0
3,35-54_中間,35-54_中間,35-54_中間,中間,3.0,148,10.14,43.92,28.38,82.43
3,35-54_中間,35-54_中間,35-54_中間,中間,4.0,6,16.67,33.33,33.33,83.33
3,35-54_中間,35-54_中間,35-54_中間,低リスク,1.0,2,0.0,50.0,50.0,100.0
3,35-54_中間,35-54_中間,35-54_中間,低リスク,2.0,4,25.0,25.0,25.0,75.0
3,35-54_中間,35-54_中間,35-54_中間,低リスク,3.0,55,18.18,29.09,25.45,72.73
3,35-54_中間,35-54_中間,35-54_中間,低リスク,4.0,2,50.0,50.0,0.0,100.0
3,35-54_中間,35-54_中間,35-54_中間,低リスク,5.0,2,0.0,50.0,50.0,100.0
3,35-54_中間,35-54_中間,35未満_弱い,中間,2.0,1,100.0,0.0,0.0,100.0
3,35-54_中間,35-54_中間,35未満_弱い,中間,3.0,11,27.27,18.18,18.18,63.64
3,35-54_中間,35-54_中間,35未満_弱い,中間,4.0,2,0.0,0.0,0.0,0.0
3,35-54_中間,35-54_中間,35未満_弱い,低リスク,2.0,1,100.0,0.0,0.0,100.0
3,35-54_中間,35-54_中間,35未満_弱い,低リスク,3.0,8,0.0,50.0,12.5,62.5
3,35-54_中間,35未満_弱い,35-54_中間,missing,2.0,2,0.0,50.0,0.0,50.0
3,35-54_中間,35未満_弱い,35-54_中間,missing,3.0,27,22.22,29.63,40.74,92.59
3,35-54_中間,35未満_弱い,35-54_中間,missing,4.0,3,66.67,0.0,33.33,100.0
3,35-54_中間,35未満_弱い,35-54_中間,中間,2.0,9,22.22,11.11,22.22,55.56
3,35-54_中間,35未満_弱い,35-54_中間,中間,3.0,1374,12.37,35.88,28.68,76.93
3,35-54_中間,35未満_弱い,35-54_中間,中間,4.0,60,18.33,25.0,26.67,70.0
3,35-54_中間,35未満_弱い,35-54_中間,中間,5.0,8,12.5,25.0,37.5,75.0
3,35-54_中間,35未満_弱い,35-54_中間,中間,6.0,3,0.0,66.67,0.0,66.67
3,35-54_中間,35未満_弱い,35-54_中間,低リスク,1.0,1,100.0,0.0,0.0,100.0
3,35-54_中間,35未満_弱い,35-54_中間,低リスク,2.0,6,33.33,16.67,33.33,83.33
3,35-54_中間,35未満_弱い,35-54_中間,低リスク,3.0,476,27.1,29.62,23.95,80.67
3,35-54_中間,35未満_弱い,35-54_中間,低リスク,4.0,42,50.0,26.19,16.67,92.86
3,35-54_中間,35未満_弱い,35-54_中間,低リスク,5.0,12,25.0,25.0,16.67,66.67
3,35-54_中間,35未満_弱い,35未満_弱い,missing,3,1,0.0,0.0,0.0,0.0
3,35-54_中間,35未満_弱い,35未満_弱い,missing,3.0,12,8.33,25.0,8.33,41.67
3,35-54_中間,35未満_弱い,35未満_弱い,missing,4.0,1,0.0,0.0,0.0,0.0
3,35-54_中間,35未満_弱い,35未満_弱い,中間,1.0,1,0.0,0.0,0.0,0.0
3,35-54_中間,35未満_弱い,35未満_弱い,中間,2.0,14,21.43,21.43,35.71,78.57
3,35-54_中間,35未満_弱い,35未満_弱い,中間,3,29,0.0,0.0,0.0,0.0
3,35-54_中間,35未満_弱い,35未満_弱い,中間,3.0,437,7.09,31.12,30.89,69.11
3,35-54_中間,35未満_弱い,35未満_弱い,中間,4.0,30,16.67,26.67,30.0,73.33
3,35-54_中間,35未満_弱い,35未満_弱い,中間,5.0,4,25.0,0.0,25.0,50.0
3,35-54_中間,35未満_弱い,35未満_弱い,中間,6.0,2,50.0,0.0,0.0,50.0
3,35-54_中間,35未満_弱い,35未満_弱い,低リスク,2.0,4,0.0,25.0,0.0,25.0
3,35-54_中間,35未満_弱い,35未満_弱い,低リスク,3,10,0.0,0.0,0.0,0.0
3,35-54_中間,35未満_弱い,35未満_弱い,低リスク,3.0,228,19.3,28.07,23.25,70.61
3,35-54_中間,35未満_弱い,35未満_弱い,低リスク,4.0,10,20.0,20.0,40.0,80.0
3,35-54_中間,35未満_弱い,35未満_弱い,低リスク,5.0,7,14.29,28.57,57.14,100.0
3,35-54_中間,35未満_弱い,35未満_弱い,低リスク,6.0,1,0.0,0.0,100.0,100.0
3,35未満_弱い,35-54_中間,35-54_中間,中間,3.0,10,0.0,60.0,20.0,80.0
3,35未満_弱い,35-54_中間,35-54_中間,低リスク,3.0,2,50.0,0.0,0.0,50.0
3,35未満_弱い,35-54_中間,35-54_中間,低リスク,5.0,1,0.0,0.0,100.0,100.0
3,35未満_弱い,35-54_中間,35未満_弱い,中間,3.0,9,11.11,44.44,33.33,88.89
3,35未満_弱い,35未満_弱い,35-54_中間,missing,2.0,2,50.0,0.0,50.0,100.0
3,35未満_弱い,35未満_弱い,35-54_中間,missing,3.0,9,22.22,44.44,22.22,88.89
3,35未満_弱い,35未満_弱い,35-54_中間,中間,2.0,4,0.0,25.0,25.0,50.0
3,35未満_弱い,35未満_弱い,35-54_中間,中間,3.0,885,9.04,38.31,29.49,76.84
3,35未満_弱い,35未満_弱い,35-54_中間,中間,4.0,39,15.38,48.72,23.08,87.18
3,35未満_弱い,35未満_弱い,35-54_中間,中間,5.0,8,12.5,37.5,37.5,87.5
3,35未満_弱い,35未満_弱い,35-54_中間,中間,6.0,1,0.0,0.0,0.0,0.0
3,35未満_弱い,35未満_弱い,35-54_中間,低リスク,2.0,1,0.0,100.0,0.0,100.0
3,35未満_弱い,35未満_弱い,35-54_中間,低リスク,3.0,104,31.73,23.08,29.81,84.62
3,35未満_弱い,35未満_弱い,35-54_中間,低リスク,4.0,22,27.27,27.27,22.73,77.27
3,35未満_弱い,35未満_弱い,35-54_中間,低リスク,5.0,4,50.0,25.0,25.0,100.0
3,35未満_弱い,35未満_弱い,35未満_弱い,missing,2.0,1,0.0,0.0,0.0,0.0
3,35未満_弱い,35未満_弱い,35未満_弱い,missing,3,19,0.0,0.0,0.0,0.0
3,35未満_弱い,35未満_弱い,35未満_弱い,missing,3.0,31,29.03,16.13,38.71,83.87
3,35未満_弱い,35未満_弱い,35未満_弱い,missing,4.0,2,50.0,50.0,0.0,100.0
3,35未満_弱い,35未満_弱い,35未満_弱い,missing,5.0,1,0.0,0.0,0.0,0.0
3,35未満_弱い,35未満_弱い,35未満_弱い,中間,2.0,9,0.0,33.33,44.44,77.78
3,35未満_弱い,35未満_弱い,35未満_弱い,中間,3,1943,0.0,0.0,0.0,0.0
3,35未満_弱い,35未満_弱い,35未満_弱い,中間,3.0,1699,11.07,32.84,28.43,72.34
3,35未満_弱い,35未満_弱い,35未満_弱い,中間,4.0,72,16.67,19.44,33.33,69.44
3,35未満_弱い,35未満_弱い,35未満_弱い,中間,5.0,16,12.5,37.5,37.5,87.5
3,35未満_弱い,35未満_弱い,35未満_弱い,中間,6.0,5,40.0,0.0,20.0,60.0
3,35未満_弱い,35未満_弱い,35未満_弱い,低リスク,2.0,4,25.0,0.0,25.0,50.0
3,35未満_弱い,35未満_弱い,35未満_弱い,低リスク,3,647,0.0,0.0,0.0,0.0
3,35未満_弱い,35未満_弱い,35未満_弱い,低リスク,3.0,710,23.8,24.37,28.45,76.62
3,35未満_弱い,35未満_弱い,35未満_弱い,低リスク,4.0,45,17.78,26.67,28.89,73.33
3,35未満_弱い,35未満_弱い,35未満_弱い,低リスク,5.0,10,0.0,10.0,40.0,50.0
3,35未満_弱い,35未満_弱い,35未満_弱い,低リスク,6.0,4,0.0,25.0,25.0,50.0
3,55-74_信頼,35-54_中間,35-54_中間,missing,3.0,1,0.0,0.0,0.0,0.0
3,55-74_信頼,35-54_中間,35-54_中間,中間,3.0,30,6.67,43.33,16.67,66.67
3,55-74_信頼,35-54_中間,35-54_中間,中間,4.0,2,50.0,50.0,0.0,100.0
3,55-74_信頼,35-54_中間,35-54_中間,低リスク,2.0,2,0.0,50.0,0.0,50.0
3,55-74_信頼,35-54_中間,35-54_中間,低リスク,3.0,27,25.93,40.74,11.11,77.78
3,55-74_信頼,35-54_中間,35-54_中間,低リスク,4.0,3,33.33,33.33,0.0,66.67
3,55-74_信頼,35-54_中間,35未満_弱い,中間,4.0,1,0.0,0.0,100.0,100.0
3,55-74_信頼,35-54_中間,35未満_弱い,低リスク,3.0,2,0.0,50.0,0.0,50.0
3,55-74_信頼,35未満_弱い,35-54_中間,missing,3.0,1,0.0,0.0,0.0,0.0
3,55-74_信頼,35未満_弱い,35-54_中間,missing,4.0,1,100.0,0.0,0.0,100.0
3,55-74_信頼,35未満_弱い,35-54_中間,中間,2.0,4,0.0,50.0,50.0,100.0
3,55-74_信頼,35未満_弱い,35-54_中間,中間,3.0,134,14.93,27.61,36.57,79.1
3,55-74_信頼,35未満_弱い,35-54_中間,中間,4.0,2,0.0,50.0,0.0,50.0
3,55-74_信頼,35未満_弱い,35-54_中間,中間,5.0,2,0.0,0.0,50.0,50.0
3,55-74_信頼,35未満_弱い,35-54_中間,低リスク,1.0,1,0.0,100.0,0.0,100.0
3,55-74_信頼,35未満_弱い,35-54_中間,低リスク,2.0,2,100.0,0.0,0.0,100.0
3,55-74_信頼,35未満_弱い,35-54_中間,低リスク,3.0,53,24.53,35.85,26.42,86.79
3,55-74_信頼,35未満_弱い,35-54_中間,低リスク,4.0,2,0.0,100.0,0.0,100.0
3,55-74_信頼,35未満_弱い,35未満_弱い,missing,3.0,1,0.0,0.0,100.0,100.0
3,55-74_信頼,35未満_弱い,35未満_弱い,missing,4.0,1,0.0,0.0,100.0,100.0
3,55-74_信頼,35未満_弱い,35未満_弱い,中間,2.0,2,0.0,50.0,50.0,100.0
3,55-74_信頼,35未満_弱い,35未満_弱い,中間,3.0,39,7.69,25.64,28.21,61.54
3,55-74_信頼,35未満_弱い,35未満_弱い,中間,4.0,3,0.0,0.0,66.67,66.67
3,55-74_信頼,35未満_弱い,35未満_弱い,低リスク,2.0,1,100.0,0.0,0.0,100.0
3,55-74_信頼,35未満_弱い,35未満_弱い,低リスク,3.0,22,22.73,31.82,22.73,77.27
3,55-74_信頼,35未満_弱い,35未満_弱い,低リスク,5.0,1,0.0,100.0,0.0,100.0
3,75以上_強信頼,35-54_中間,35-54_中間,低リスク,3.0,1,100.0,0.0,0.0,100.0
3,75以上_強信頼,35未満_弱い,35-54_中間,低リスク,3.0,1,0.0,0.0,100.0,100.0
4,35-54_中間,35-54_中間,35-54_中間,missing,2.0,2,50.0,0.0,50.0,100.0
4,35-54_中間,35-54_中間,35-54_中間,missing,4.0,2,50.0,0.0,50.0,100.0
4,35-54_中間,35-54_中間,35-54_中間,中間,1.0,3,66.67,0.0,0.0,66.67
4,35-54_中間,35-54_中間,35-54_中間,中間,2.0,7,0.0,42.86,28.57,71.43
4,35-54_中間,35-54_中間,35-54_中間,中間,3.0,7,28.57,28.57,14.29,71.43
4,35-54_中間,35-54_中間,35-54_中間,中間,4.0,112,14.29,24.11,35.71,74.11
4,35-54_中間,35-54_中間,35-54_中間,中間,5.0,5,0.0,40.0,40.0,80.0
4,35-54_中間,35-54_中間,35-54_中間,低リスク,2.0,4,50.0,50.0,0.0,100.0
4,35-54_中間,35-54_中間,35-54_中間,低リスク,3.0,1,100.0,0.0,0.0,100.0
4,35-54_中間,35-54_中間,35-54_中間,低リスク,4.0,50,28.0,24.0,32.0,84.0
4,35-54_中間,35-54_中間,35-54_中間,低リスク,5.0,4,50.0,0.0,0.0,50.0
4,35-54_中間,35-54_中間,35-54_中間,低リスク,6.0,1,0.0,0.0,100.0,100.0
4,35-54_中間,35-54_中間,35未満_弱い,中間,3.0,1,0.0,100.0,0.0,100.0
4,35-54_中間,35-54_中間,35未満_弱い,中間,4.0,17,0.0,23.53,23.53,47.06
4,35-54_中間,35-54_中間,35未満_弱い,中間,5.0,1,100.0,0.0,0.0,100.0
4,35-54_中間,35-54_中間,35未満_弱い,低リスク,4.0,9,22.22,33.33,22.22,77.78
4,35-54_中間,35未満_弱い,35-54_中間,missing,3.0,5,20.0,20.0,60.0,100.0
4,35-54_中間,35未満_弱い,35-54_中間,missing,4.0,22,13.64,40.91,27.27,81.82
4,35-54_中間,35未満_弱い,35-54_中間,missing,5.0,3,0.0,33.33,33.33,66.67
4,35-54_中間,35未満_弱い,35-54_中間,中間,1.0,1,0.0,0.0,0.0,0.0
4,35-54_中間,35未満_弱い,35-54_中間,中間,2.0,33,21.21,33.33,21.21,75.76
4,35-54_中間,35未満_弱い,35-54_中間,中間,3.0,19,5.26,31.58,26.32,63.16
4,35-54_中間,35未満_弱い,35-54_中間,中間,4.0,1062,8.76,24.67,33.33,66.76
4,35-54_中間,35未満_弱い,35-54_中間,中間,5.0,63,11.11,19.05,36.51,66.67
4,35-54_中間,35未満_弱い,35-54_中間,中間,6.0,3,33.33,0.0,0.0,33.33
4,35-54_中間,35未満_弱い,35-54_中間,低リスク,1.0,1,0.0,100.0,0.0,100.0
4,35-54_中間,35未満_弱い,35-54_中間,低リスク,2.0,7,42.86,28.57,0.0,71.43
4,35-54_中間,35未満_弱い,35-54_中間,低リスク,3.0,8,12.5,25.0,62.5,100.0
4,35-54_中間,35未満_弱い,35-54_中間,低リスク,4.0,380,20.79,24.74,28.42,73.95
4,35-54_中間,35未満_弱い,35-54_中間,低リスク,5.0,23,21.74,4.35,26.09,52.17
4,35-54_中間,35未満_弱い,35-54_中間,低リスク,6.0,9,0.0,11.11,22.22,33.33
4,35-54_中間,35未満_弱い,35未満_弱い,missing,3.0,2,0.0,50.0,0.0,50.0
4,35-54_中間,35未満_弱い,35未満_弱い,missing,4,1,0.0,0.0,0.0,0.0
4,35-54_中間,35未満_弱い,35未満_弱い,missing,4.0,9,11.11,11.11,33.33,55.56
4,35-54_中間,35未満_弱い,35未満_弱い,missing,6.0,1,0.0,0.0,0.0,0.0
4,35-54_中間,35未満_弱い,35未満_弱い,中間,2.0,7,28.57,42.86,28.57,100.0
4,35-54_中間,35未満_弱い,35未満_弱い,中間,3.0,11,18.18,18.18,36.36,72.73
4,35-54_中間,35未満_弱い,35未満_弱い,中間,4,33,0.0,0.0,0.0,0.0
4,35-54_中間,35未満_弱い,35未満_弱い,中間,4.0,455,7.25,20.22,35.6,63.08
4,35-54_中間,35未満_弱い,35未満_弱い,中間,5.0,24,8.33,25.0,41.67,75.0
4,35-54_中間,35未満_弱い,35未満_弱い,中間,6.0,6,0.0,33.33,33.33,66.67
4,35-54_中間,35未満_弱い,35未満_弱い,低リスク,2.0,2,0.0,50.0,0.0,50.0
4,35-54_中間,35未満_弱い,35未満_弱い,低リスク,3.0,3,0.0,66.67,0.0,66.67
4,35-54_中間,35未満_弱い,35未満_弱い,低リスク,4,11,0.0,0.0,0.0,0.0
4,35-54_中間,35未満_弱い,35未満_弱い,低リスク,4.0,259,14.67,23.94,28.96,67.57
4,35-54_中間,35未満_弱い,35未満_弱い,低リスク,5.0,19,0.0,21.05,36.84,57.89
4,35-54_中間,35未満_弱い,35未満_弱い,低リスク,6.0,5,0.0,40.0,20.0,60.0
4,35未満_弱い,35-54_中間,35-54_中間,中間,4.0,5,0.0,60.0,0.0,60.0
4,35未満_弱い,35-54_中間,35-54_中間,低リスク,4.0,2,0.0,0.0,50.0,50.0
4,35未満_弱い,35-54_中間,35未満_弱い,中間,4.0,6,33.33,16.67,50.0,100.0
4,35未満_弱い,35-54_中間,35未満_弱い,中間,5.0,1,0.0,100.0,0.0,100.0
4,35未満_弱い,35未満_弱い,35-54_中間,missing,3.0,3,0.0,33.33,66.67,100.0
4,35未満_弱い,35未満_弱い,35-54_中間,missing,4.0,13,7.69,38.46,38.46,84.62
4,35未満_弱い,35未満_弱い,35-54_中間,missing,5.0,1,0.0,100.0,0.0,100.0
4,35未満_弱い,35未満_弱い,35-54_中間,中間,3.0,10,20.0,50.0,0.0,70.0
4,35未満_弱い,35未満_弱い,35-54_中間,中間,4.0,539,3.34,27.83,40.26,71.43
4,35未満_弱い,35未満_弱い,35-54_中間,中間,5.0,23,13.04,17.39,30.43,60.87
4,35未満_弱い,35未満_弱い,35-54_中間,中間,6.0,6,0.0,50.0,16.67,66.67
4,35未満_弱い,35未満_弱い,35-54_中間,低リスク,3.0,2,0.0,0.0,50.0,50.0
4,35未満_弱い,35未満_弱い,35-54_中間,低リスク,4.0,96,17.71,30.21,27.08,75.0
4,35未満_弱い,35未満_弱い,35-54_中間,低リスク,5.0,15,0.0,13.33,80.0,93.33
4,35未満_弱い,35未満_弱い,35-54_中間,低リスク,6.0,1,0.0,0.0,0.0,0.0
4,35未満_弱い,35未満_弱い,35未満_弱い,missing,3.0,4,0.0,25.0,50.0,75.0
4,35未満_弱い,35未満_弱い,35未満_弱い,missing,4,16,0.0,0.0,0.0,0.0
4,35未満_弱い,35未満_弱い,35未満_弱い,missing,4.0,34,20.59,32.35,20.59,73.53
4,35未満_弱い,35未満_弱い,35未満_弱い,missing,5.0,5,40.0,0.0,0.0,40.0
4,35未満_弱い,35未満_弱い,35未満_弱い,中間,2.0,5,0.0,40.0,40.0,80.0
4,35未満_弱い,35未満_弱い,35未満_弱い,中間,3.0,15,13.33,20.0,26.67,60.0
4,35未満_弱い,35未満_弱い,35未満_弱い,中間,4,2534,0.0,0.0,0.0,0.0
4,35未満_弱い,35未満_弱い,35未満_弱い,中間,4.0,1717,8.39,23.82,33.43,65.64
4,35未満_弱い,35未満_弱い,35未満_弱い,中間,5.0,122,9.84,15.57,29.51,54.92
4,35未満_弱い,35未満_弱い,35未満_弱い,中間,6.0,19,0.0,15.79,26.32,42.11
4,35未満_弱い,35未満_弱い,35未満_弱い,低リスク,2.0,1,0.0,100.0,0.0,100.0
4,35未満_弱い,35未満_弱い,35未満_弱い,低リスク,3.0,16,0.0,50.0,18.75,68.75
4,35未満_弱い,35未満_弱い,35未満_弱い,低リスク,4,709,0.0,0.0,0.0,0.0
4,35未満_弱い,35未満_弱い,35未満_弱い,低リスク,4.0,736,24.73,26.36,24.59,75.68
4,35未満_弱い,35未満_弱い,35未満_弱い,低リスク,5.0,74,20.27,24.32,17.57,62.16
4,35未満_弱い,35未満_弱い,35未満_弱い,低リスク,6.0,12,8.33,16.67,41.67,66.67
4,55-74_信頼,35-54_中間,35-54_中間,missing,4.0,3,66.67,0.0,33.33,100.0
4,55-74_信頼,35-54_中間,35-54_中間,中間,2.0,1,100.0,0.0,0.0,100.0
4,55-74_信頼,35-54_中間,35-54_中間,中間,3.0,1,0.0,0.0,0.0,0.0
4,55-74_信頼,35-54_中間,35-54_中間,中間,4.0,26,19.23,23.08,30.77,73.08
4,55-74_信頼,35-54_中間,35-54_中間,中間,5.0,1,0.0,0.0,0.0,0.0
4,55-74_信頼,35-54_中間,35-54_中間,低リスク,2.0,2,0.0,50.0,0.0,50.0
4,55-74_信頼,35-54_中間,35-54_中間,低リスク,4.0,22,27.27,27.27,22.73,77.27
4,55-74_信頼,35-54_中間,35-54_中間,低リスク,5.0,1,100.0,0.0,0.0,100.0
4,55-74_信頼,35-54_中間,35未満_弱い,中間,4.0,2,0.0,50.0,0.0,50.0
4,55-74_信頼,35-54_中間,35未満_弱い,低リスク,4.0,1,0.0,0.0,0.0,0.0
4,55-74_信頼,35未満_弱い,35-54_中間,missing,3.0,1,0.0,100.0,0.0,100.0
4,55-74_信頼,35未満_弱い,35-54_中間,missing,4.0,1,0.0,100.0,0.0,100.0
4,55-74_信頼,35未満_弱い,35-54_中間,中間,2.0,3,0.0,0.0,66.67,66.67
4,55-74_信頼,35未満_弱い,35-54_中間,中間,3.0,5,0.0,60.0,0.0,60.0
4,55-74_信頼,35未満_弱い,35-54_中間,中間,4.0,89,11.24,23.6,25.84,60.67
4,55-74_信頼,35未満_弱い,35-54_中間,中間,5.0,9,11.11,11.11,44.44,66.67
4,55-74_信頼,35未満_弱い,35-54_中間,中間,6.0,1,0.0,100.0,0.0,100.0
4,55-74_信頼,35未満_弱い,35-54_中間,低リスク,2.0,2,50.0,0.0,50.0,100.0
4,55-74_信頼,35未満_弱い,35-54_中間,低リスク,3.0,1,0.0,100.0,0.0,100.0
4,55-74_信頼,35未満_弱い,35-54_中間,低リスク,4.0,44,36.36,11.36,25.0,72.73
4,55-74_信頼,35未満_弱い,35-54_中間,低リスク,6.0,1,0.0,0.0,100.0,100.0
4,55-74_信頼,35未満_弱い,35未満_弱い,missing,4.0,2,50.0,0.0,0.0,50.0
4,55-74_信頼,35未満_弱い,35未満_弱い,中間,2.0,2,0.0,0.0,100.0,100.0
4,55-74_信頼,35未満_弱い,35未満_弱い,中間,4.0,38,0.0,21.05,31.58,52.63
4,55-74_信頼,35未満_弱い,35未満_弱い,中間,5.0,1,100.0,0.0,0.0,100.0
4,55-74_信頼,35未満_弱い,35未満_弱い,低リスク,2.0,1,0.0,0.0,100.0,100.0
4,55-74_信頼,35未満_弱い,35未満_弱い,低リスク,4.0,15,6.67,33.33,33.33,73.33
4,55-74_信頼,35未満_弱い,35未満_弱い,低リスク,5.0,2,0.0,0.0,50.0,50.0
4,75以上_強信頼,35-54_中間,35-54_中間,低リスク,4.0,1,0.0,100.0,0.0,100.0
4,75以上_強信頼,35未満_弱い,35未満_弱い,中間,4.0,1,0.0,0.0,0.0,0.0
5,35-54_中間,35-54_中間,55-74_信頼,missing,5.0,1,0.0,0.0,100.0,100.0
5,35-54_中間,35-54_中間,55-74_信頼,中間,2.0,8,25.0,12.5,25.0,62.5
5,35-54_中間,35-54_中間,55-74_信頼,中間,3.0,6,0.0,33.33,16.67,50.0
5,35-54_中間,35-54_中間,55-74_信頼,中間,4.0,9,33.33,11.11,44.44,88.89
5,35-54_中間,35-54_中間,55-74_信頼,中間,5.0,75,9.33,25.33,26.67,61.33
5,35-54_中間,35-54_中間,55-74_信頼,中間,6.0,2,0.0,0.0,50.0,50.0
5,35-54_中間,35-54_中間,55-74_信頼,低リスク,1.0,1,0.0,0.0,100.0,100.0
5,35-54_中間,35-54_中間,55-74_信頼,低リスク,2.0,2,50.0,0.0,0.0,50.0
5,35-54_中間,35-54_中間,55-74_信頼,低リスク,3.0,2,50.0,0.0,0.0,50.0
5,35-54_中間,35-54_中間,55-74_信頼,低リスク,4.0,2,0.0,50.0,50.0,100.0
5,35-54_中間,35-54_中間,55-74_信頼,低リスク,5.0,51,15.69,25.49,19.61,60.78
5,35-54_中間,35-54_中間,55-74_信頼,低リスク,6.0,2,50.0,0.0,0.0,50.0
5,35-54_中間,35-54_中間,75以上_強信頼,中間,5.0,2,0.0,0.0,50.0,50.0
5,35-54_中間,35未満_弱い,35-54_中間,missing,4.0,1,0.0,0.0,100.0,100.0
5,35-54_中間,35未満_弱い,35-54_中間,missing,5.0,5,0.0,20.0,0.0,20.0
5,35-54_中間,35未満_弱い,35-54_中間,missing,6.0,1,0.0,0.0,0.0,0.0
5,35-54_中間,35未満_弱い,35-54_中間,中間,2.0,1,0.0,0.0,100.0,100.0
5,35-54_中間,35未満_弱い,35-54_中間,中間,4.0,1,0.0,0.0,100.0,100.0
5,35-54_中間,35未満_弱い,35-54_中間,中間,5,3,0.0,0.0,0.0,0.0
5,35-54_中間,35未満_弱い,35-54_中間,中間,5.0,42,2.38,14.29,38.1,54.76
5,35-54_中間,35未満_弱い,35-54_中間,中間,6.0,5,0.0,20.0,40.0,60.0
5,35-54_中間,35未満_弱い,35-54_中間,低リスク,2.0,1,0.0,0.0,0.0,0.0
5,35-54_中間,35未満_弱い,35-54_中間,低リスク,5,2,0.0,0.0,0.0,0.0
5,35-54_中間,35未満_弱い,35-54_中間,低リスク,5.0,32,3.12,28.12,34.38,65.62
5,35-54_中間,35未満_弱い,35-54_中間,低リスク,6.0,3,0.0,0.0,33.33,33.33
5,35-54_中間,35未満_弱い,35未満_弱い,中間,5,35,0.0,0.0,0.0,0.0
5,35-54_中間,35未満_弱い,35未満_弱い,低リスク,5,10,0.0,0.0,0.0,0.0
5,35-54_中間,35未満_弱い,55-74_信頼,missing,3.0,1,0.0,100.0,0.0,100.0
5,35-54_中間,35未満_弱い,55-74_信頼,missing,4.0,4,0.0,25.0,25.0,50.0
5,35-54_中間,35未満_弱い,55-74_信頼,missing,5.0,31,3.23,19.35,41.94,64.52
5,35-54_中間,35未満_弱い,55-74_信頼,missing,6.0,1,0.0,100.0,0.0,100.0
5,35-54_中間,35未満_弱い,55-74_信頼,中間,1.0,1,0.0,0.0,100.0,100.0
5,35-54_中間,35未満_弱い,55-74_信頼,中間,2.0,40,25.0,25.0,32.5,82.5
5,35-54_中間,35未満_弱い,55-74_信頼,中間,3.0,24,20.83,20.83,33.33,75.0
5,35-54_中間,35未満_弱い,55-74_信頼,中間,4.0,62,6.45,22.58,32.26,61.29
5,35-54_中間,35未満_弱い,55-74_信頼,中間,5.0,1068,5.15,19.01,32.49,56.65
5,35-54_中間,35未満_弱い,55-74_信頼,中間,6.0,41,4.88,7.32,34.15,46.34
5,35-54_中間,35未満_弱い,55-74_信頼,低リスク,1.0,5,60.0,40.0,0.0,100.0
5,35-54_中間,35未満_弱い,55-74_信頼,低リスク,2.0,20,25.0,30.0,25.0,80.0
5,35-54_中間,35未満_弱い,55-74_信頼,低リスク,3.0,20,50.0,30.0,20.0,100.0
5,35-54_中間,35未満_弱い,55-74_信頼,低リスク,4.0,28,28.57,21.43,14.29,64.29
5,35-54_中間,35未満_弱い,55-74_信頼,低リスク,5.0,499,13.03,18.24,31.46,62.73
5,35-54_中間,35未満_弱い,55-74_信頼,低リスク,6.0,29,0.0,20.69,34.48,55.17
5,35-54_中間,35未満_弱い,75以上_強信頼,中間,5.0,2,50.0,0.0,50.0,100.0
5,35-54_中間,35未満_弱い,75以上_強信頼,低リスク,4.0,1,0.0,0.0,100.0,100.0
5,35-54_中間,35未満_弱い,75以上_強信頼,低リスク,5.0,2,0.0,50.0,0.0,50.0
5,35未満_弱い,35-54_中間,35-54_中間,中間,6.0,1,0.0,0.0,0.0,0.0
5,35未満_弱い,35-54_中間,55-74_信頼,中間,5.0,6,16.67,16.67,33.33,66.67
5,35未満_弱い,35-54_中間,55-74_信頼,低リスク,5.0,6,16.67,33.33,0.0,50.0
5,35未満_弱い,35未満_弱い,35-54_中間,missing,4.0,2,0.0,0.0,50.0,50.0
5,35未満_弱い,35未満_弱い,35-54_中間,missing,5.0,7,14.29,14.29,14.29,42.86
5,35未満_弱い,35未満_弱い,35-54_中間,中間,2.0,1,0.0,0.0,100.0,100.0
5,35未満_弱い,35未満_弱い,35-54_中間,中間,3.0,1,0.0,0.0,100.0,100.0
5,35未満_弱い,35未満_弱い,35-54_中間,中間,4.0,7,14.29,28.57,14.29,57.14
5,35未満_弱い,35未満_弱い,35-54_中間,中間,5,175,0.0,0.0,0.0,0.0
5,35未満_弱い,35未満_弱い,35-54_中間,中間,5.0,397,4.28,16.37,26.95,47.61
5,35未満_弱い,35未満_弱い,35-54_中間,中間,6.0,27,3.7,7.41,14.81,25.93
5,35未満_弱い,35未満_弱い,35-54_中間,低リスク,2.0,1,0.0,0.0,0.0,0.0
5,35未満_弱い,35未満_弱い,35-54_中間,低リスク,4.0,5,20.0,20.0,40.0,80.0
5,35未満_弱い,35未満_弱い,35-54_中間,低リスク,5,41,0.0,0.0,0.0,0.0
5,35未満_弱い,35未満_弱い,35-54_中間,低リスク,5.0,142,4.93,27.46,30.99,63.38
5,35未満_弱い,35未満_弱い,35-54_中間,低リスク,6.0,7,0.0,14.29,14.29,28.57
5,35未満_弱い,35未満_弱い,35未満_弱い,missing,5,16,0.0,0.0,0.0,0.0
5,35未満_弱い,35未満_弱い,35未満_弱い,中間,5,3168,0.0,0.0,0.0,0.0
5,35未満_弱い,35未満_弱い,35未満_弱い,低リスク,5,907,0.0,0.0,0.0,0.0
5,35未満_弱い,35未満_弱い,55-74_信頼,missing,4.0,13,7.69,23.08,38.46,69.23
5,35未満_弱い,35未満_弱い,55-74_信頼,missing,5.0,35,11.43,28.57,34.29,74.29
5,35未満_弱い,35未満_弱い,55-74_信頼,missing,6.0,4,25.0,0.0,0.0,25.0
5,35未満_弱い,35未満_弱い,55-74_信頼,中間,2.0,7,14.29,28.57,14.29,57.14
5,35未満_弱い,35未満_弱い,55-74_信頼,中間,3.0,10,10.0,30.0,30.0,70.0
5,35未満_弱い,35未満_弱い,55-74_信頼,中間,4.0,49,4.08,32.65,32.65,69.39
5,35未満_弱い,35未満_弱い,55-74_信頼,中間,5.0,1555,5.66,21.29,34.6,61.54
5,35未満_弱い,35未満_弱い,55-74_信頼,中間,6.0,79,3.8,13.92,22.78,40.51
5,35未満_弱い,35未満_弱い,55-74_信頼,低リスク,1.0,2,0.0,0.0,0.0,0.0
5,35未満_弱い,35未満_弱い,55-74_信頼,低リスク,2.0,1,100.0,0.0,0.0,100.0
5,35未満_弱い,35未満_弱い,55-74_信頼,低リスク,3.0,1,0.0,0.0,0.0,0.0
5,35未満_弱い,35未満_弱い,55-74_信頼,低リスク,4.0,19,15.79,31.58,26.32,73.68
5,35未満_弱い,35未満_弱い,55-74_信頼,低リスク,5.0,550,13.09,23.45,32.36,68.91
5,35未満_弱い,35未満_弱い,55-74_信頼,低リスク,6.0,70,4.29,11.43,31.43,47.14
5,55-74_信頼,35-54_中間,35-54_中間,中間,5.0,1,0.0,100.0,0.0,100.0
5,55-74_信頼,35-54_中間,55-74_信頼,missing,5.0,1,0.0,0.0,100.0,100.0
5,55-74_信頼,35-54_中間,55-74_信頼,中間,2.0,5,20.0,0.0,40.0,60.0
5,55-74_信頼,35-54_中間,55-74_信頼,中間,3.0,1,0.0,100.0,0.0,100.0
5,55-74_信頼,35-54_中間,55-74_信頼,中間,4.0,3,33.33,0.0,33.33,66.67
5,55-74_信頼,35-54_中間,55-74_信頼,中間,5.0,15,6.67,13.33,40.0,60.0
5,55-74_信頼,35-54_中間,55-74_信頼,低リスク,2.0,3,0.0,33.33,66.67,100.0
5,55-74_信頼,35-54_中間,55-74_信頼,低リスク,3.0,2,0.0,0.0,50.0,50.0
5,55-74_信頼,35-54_中間,55-74_信頼,低リスク,4.0,3,0.0,33.33,66.67,100.0
5,55-74_信頼,35-54_中間,55-74_信頼,低リスク,5.0,15,20.0,20.0,33.33,73.33
5,55-74_信頼,35-54_中間,75以上_強信頼,低リスク,5.0,1,0.0,0.0,100.0,100.0
5,55-74_信頼,35未満_弱い,35-54_中間,中間,5.0,8,0.0,12.5,37.5,50.0
5,55-74_信頼,35未満_弱い,35-54_中間,低リスク,5.0,2,0.0,0.0,50.0,50.0
5,55-74_信頼,35未満_弱い,55-74_信頼,missing,5.0,3,0.0,33.33,33.33,66.67
5,55-74_信頼,35未満_弱い,55-74_信頼,中間,2.0,6,33.33,50.0,0.0,83.33
5,55-74_信頼,35未満_弱い,55-74_信頼,中間,3.0,5,20.0,0.0,60.0,80.0
5,55-74_信頼,35未満_弱い,55-74_信頼,中間,4.0,4,25.0,25.0,25.0,75.0
5,55-74_信頼,35未満_弱い,55-74_信頼,中間,5.0,98,2.04,17.35,32.65,52.04
5,55-74_信頼,35未満_弱い,55-74_信頼,中間,6.0,5,0.0,0.0,40.0,40.0
5,55-74_信頼,35未満_弱い,55-74_信頼,低リスク,2.0,7,42.86,14.29,28.57,85.71
5,55-74_信頼,35未満_弱い,55-74_信頼,低リスク,3.0,3,0.0,0.0,33.33,33.33
5,55-74_信頼,35未満_弱い,55-74_信頼,低リスク,4.0,2,0.0,50.0,50.0,100.0
5,55-74_信頼,35未満_弱い,55-74_信頼,低リスク,5.0,48,14.58,20.83,27.08,62.5
5,55-74_信頼,35未満_弱い,55-74_信頼,低リスク,6.0,3,0.0,0.0,33.33,33.33
5,55-74_信頼,35未満_弱い,75以上_強信頼,中間,4.0,1,0.0,0.0,0.0,0.0
5,75以上_強信頼,35-54_中間,55-74_信頼,低リスク,6.0,1,0.0,0.0,100.0,100.0
6,35-54_中間,35-54_中間,35-54_中間,missing,3.0,2,0.0,0.0,50.0,50.0
6,35-54_中間,35-54_中間,35-54_中間,missing,6.0,1,0.0,0.0,0.0,0.0
6,35-54_中間,35-54_中間,35-54_中間,中間,2.0,14,21.43,28.57,21.43,71.43
6,35-54_中間,35-54_中間,35-54_中間,中間,3.0,2,0.0,0.0,50.0,50.0
6,35-54_中間,35-54_中間,35-54_中間,中間,4.0,6,16.67,50.0,33.33,100.0
6,35-54_中間,35-54_中間,35-54_中間,中間,5.0,2,0.0,0.0,50.0,50.0
6,35-54_中間,35-54_中間,35-54_中間,中間,6.0,40,5.0,5.0,52.5,62.5
6,35-54_中間,35-54_中間,35-54_中間,低リスク,1.0,1,0.0,0.0,0.0,0.0
6,35-54_中間,35-54_中間,35-54_中間,低リスク,2.0,9,22.22,44.44,22.22,88.89
6,35-54_中間,35-54_中間,35-54_中間,低リスク,3.0,2,50.0,0.0,0.0,50.0
6,35-54_中間,35-54_中間,35-54_中間,低リスク,4.0,8,12.5,37.5,37.5,87.5
6,35-54_中間,35-54_中間,35-54_中間,低リスク,5.0,5,0.0,40.0,20.0,60.0
6,35-54_中間,35-54_中間,35-54_中間,低リスク,6.0,25,4.0,24.0,36.0,64.0
6,35-54_中間,35-54_中間,35未満_弱い,中間,4.0,1,0.0,0.0,0.0,0.0
6,35-54_中間,35-54_中間,35未満_弱い,中間,5.0,1,0.0,0.0,100.0,100.0
6,35-54_中間,35-54_中間,35未満_弱い,中間,6.0,12,0.0,0.0,16.67,16.67
6,35-54_中間,35-54_中間,35未満_弱い,低リスク,2.0,1,0.0,0.0,100.0,100.0
6,35-54_中間,35-54_中間,35未満_弱い,低リスク,5.0,1,0.0,0.0,100.0,100.0
6,35-54_中間,35-54_中間,35未満_弱い,低リスク,6.0,5,40.0,40.0,0.0,80.0
6,35-54_中間,35未満_弱い,35-54_中間,missing,5.0,6,0.0,50.0,33.33,83.33
6,35-54_中間,35未満_弱い,35-54_中間,missing,6.0,16,6.25,12.5,43.75,62.5
6,35-54_中間,35未満_弱い,35-54_中間,中間,1.0,2,50.0,0.0,0.0,50.0
6,35-54_中間,35未満_弱い,35-54_中間,中間,2.0,33,27.27,30.3,30.3,87.88
6,35-54_中間,35未満_弱い,35-54_中間,中間,3.0,39,23.08,30.77,25.64,79.49
6,35-54_中間,35未満_弱い,35-54_中間,中間,4.0,46,6.52,28.26,28.26,63.04
6,35-54_中間,35未満_弱い,35-54_中間,中間,5.0,86,12.79,23.26,29.07,65.12
6,35-54_中間,35未満_弱い,35-54_中間,中間,6.0,482,3.32,10.37,36.1,49.79
6,35-54_中間,35未満_弱い,35-54_中間,低リスク,1.0,2,0.0,50.0,0.0,50.0
6,35-54_中間,35未満_弱い,35-54_中間,低リスク,2.0,19,42.11,21.05,15.79,78.95
6,35-54_中間,35未満_弱い,35-54_中間,低リスク,3.0,18,33.33,11.11,33.33,77.78
6,35-54_中間,35未満_弱い,35-54_中間,低リスク,4.0,28,17.86,39.29,28.57,85.71
6,35-54_中間,35未満_弱い,35-54_中間,低リスク,5.0,34,20.59,26.47,38.24,85.29
6,35-54_中間,35未満_弱い,35-54_中間,低リスク,6.0,228,3.95,17.11,33.33,54.39
6,35-54_中間,35未満_弱い,35未満_弱い,missing,5.0,1,0.0,0.0,0.0,0.0
6,35-54_中間,35未満_弱い,35未満_弱い,missing,6.0,7,0.0,14.29,28.57,42.86
6,35-54_中間,35未満_弱い,35未満_弱い,中間,1.0,1,0.0,0.0,100.0,100.0
6,35-54_中間,35未満_弱い,35未満_弱い,中間,2.0,11,9.09,27.27,63.64,100.0
6,35-54_中間,35未満_弱い,35未満_弱い,中間,3.0,9,11.11,33.33,33.33,77.78
6,35-54_中間,35未満_弱い,35未満_弱い,中間,4.0,19,0.0,26.32,31.58,57.89
6,35-54_中間,35未満_弱い,35未満_弱い,中間,5.0,44,0.0,22.73,27.27,50.0
6,35-54_中間,35未満_弱い,35未満_弱い,中間,6,34,0.0,0.0,0.0,0.0
6,35-54_中間,35未満_弱い,35未満_弱い,中間,6.0,262,2.67,9.16,32.06,43.89
6,35-54_中間,35未満_弱い,35未満_弱い,低リスク,1.0,2,50.0,0.0,0.0,50.0
6,35-54_中間,35未満_弱い,35未満_弱い,低リスク,2.0,6,0.0,16.67,33.33,50.0
6,35-54_中間,35未満_弱い,35未満_弱い,低リスク,3.0,3,33.33,0.0,33.33,66.67
6,35-54_中間,35未満_弱い,35未満_弱い,低リスク,4.0,8,25.0,12.5,37.5,75.0
6,35-54_中間,35未満_弱い,35未満_弱い,低リスク,5.0,30,10.0,30.0,36.67,76.67
6,35-54_中間,35未満_弱い,35未満_弱い,低リスク,6,13,0.0,0.0,0.0,0.0
6,35-54_中間,35未満_弱い,35未満_弱い,低リスク,6.0,187,3.21,12.3,37.43,52.94
6,35未満_弱い,35-54_中間,35-54_中間,中間,6.0,2,0.0,0.0,0.0,0.0
6,35未満_弱い,35-54_中間,35-54_中間,低リスク,4.0,1,0.0,0.0,100.0,100.0
6,35未満_弱い,35-54_中間,35-54_中間,低リスク,6.0,2,0.0,50.0,50.0,100.0
6,35未満_弱い,35-54_中間,35未満_弱い,中間,6,1,0.0,0.0,0.0,0.0
6,35未満_弱い,35-54_中間,35未満_弱い,中間,6.0,4,0.0,25.0,50.0,75.0
6,35未満_弱い,35-54_中間,35未満_弱い,低リスク,5.0,1,0.0,0.0,0.0,0.0
6,35未満_弱い,35-54_中間,35未満_弱い,低リスク,6.0,2,0.0,0.0,50.0,50.0
6,35未満_弱い,35未満_弱い,35-54_中間,missing,5.0,2,0.0,100.0,0.0,100.0
6,35未満_弱い,35未満_弱い,35-54_中間,missing,6.0,3,0.0,33.33,0.0,33.33
6,35未満_弱い,35未満_弱い,35-54_中間,中間,2.0,4,25.0,0.0,25.0,50.0
6,35未満_弱い,35未満_弱い,35-54_中間,中間,3.0,3,33.33,66.67,0.0,100.0
6,35未満_弱い,35未満_弱い,35-54_中間,中間,4.0,10,20.0,40.0,10.0,70.0
6,35未満_弱い,35未満_弱い,35-54_中間,中間,5.0,29,6.9,13.79,51.72,72.41
6,35未満_弱い,35未満_弱い,35-54_中間,中間,6.0,264,3.41,14.77,38.26,56.44
6,35未満_弱い,35未満_弱い,35-54_中間,低リスク,2.0,1,0.0,0.0,100.0,100.0
6,35未満_弱い,35未満_弱い,35-54_中間,低リスク,4.0,3,0.0,33.33,66.67,100.0
6,35未満_弱い,35未満_弱い,35-54_中間,低リスク,5.0,5,60.0,0.0,40.0,100.0
6,35未満_弱い,35未満_弱い,35-54_中間,低リスク,6.0,44,0.0,11.36,45.45,56.82
6,35未満_弱い,35未満_弱い,35未満_弱い,missing,2.0,1,0.0,0.0,100.0,100.0
6,35未満_弱い,35未満_弱い,35未満_弱い,missing,4.0,2,50.0,50.0,0.0,100.0
6,35未満_弱い,35未満_弱い,35未満_弱い,missing,5.0,9,0.0,33.33,44.44,77.78
6,35未満_弱い,35未満_弱い,35未満_弱い,missing,6,38,0.0,0.0,0.0,0.0
6,35未満_弱い,35未満_弱い,35未満_弱い,missing,6.0,36,2.78,25.0,27.78,55.56
6,35未満_弱い,35未満_弱い,35未満_弱い,中間,1.0,1,0.0,100.0,0.0,100.0
6,35未満_弱い,35未満_弱い,35未満_弱い,中間,2.0,9,44.44,11.11,22.22,77.78
6,35未満_弱い,35未満_弱い,35未満_弱い,中間,3.0,9,33.33,33.33,22.22,88.89
6,35未満_弱い,35未満_弱い,35未満_弱い,中間,4.0,21,14.29,33.33,47.62,95.24
6,35未満_弱い,35未満_弱い,35未満_弱い,中間,5.0,122,5.74,24.59,30.33,60.66
6,35未満_弱い,35未満_弱い,35未満_弱い,中間,6,4094,0.0,0.0,0.0,0.0
6,35未満_弱い,35未満_弱い,35未満_弱い,中間,6.0,1217,2.71,14.46,31.88,49.06
6,35未満_弱い,35未満_弱い,35未満_弱い,低リスク,2.0,5,60.0,20.0,20.0,100.0
6,35未満_弱い,35未満_弱い,35未満_弱い,低リスク,3.0,5,20.0,40.0,40.0,100.0
6,35未満_弱い,35未満_弱い,35未満_弱い,低リスク,4.0,12,8.33,33.33,41.67,83.33
6,35未満_弱い,35未満_弱い,35未満_弱い,低リスク,5.0,52,13.46,30.77,25.0,69.23
6,35未満_弱い,35未満_弱い,35未満_弱い,低リスク,6,1188,0.0,0.0,0.0,0.0
6,35未満_弱い,35未満_弱い,35未満_弱い,低リスク,6.0,503,4.57,15.9,35.39,55.86
6,55-74_信頼,35-54_中間,35-54_中間,missing,6.0,1,0.0,0.0,0.0,0.0
6,55-74_信頼,35-54_中間,35-54_中間,中間,2.0,1,0.0,0.0,100.0,100.0
6,55-74_信頼,35-54_中間,35-54_中間,中間,3.0,1,100.0,0.0,0.0,100.0
6,55-74_信頼,35-54_中間,35-54_中間,中間,5.0,1,0.0,0.0,0.0,0.0
6,55-74_信頼,35-54_中間,35-54_中間,中間,6.0,6,0.0,0.0,66.67,66.67
6,55-74_信頼,35-54_中間,35-54_中間,低リスク,2.0,1,0.0,0.0,100.0,100.0
6,55-74_信頼,35-54_中間,35-54_中間,低リスク,3.0,3,33.33,33.33,0.0,66.67
6,55-74_信頼,35-54_中間,35-54_中間,低リスク,4.0,2,0.0,0.0,100.0,100.0
6,55-74_信頼,35-54_中間,35-54_中間,低リスク,5.0,2,0.0,0.0,0.0,0.0
6,55-74_信頼,35-54_中間,35-54_中間,低リスク,6.0,10,10.0,10.0,40.0,60.0
6,55-74_信頼,35-54_中間,35未満_弱い,低リスク,6.0,2,0.0,0.0,100.0,100.0
6,55-74_信頼,35未満_弱い,35-54_中間,missing,6.0,3,0.0,33.33,0.0,33.33
6,55-74_信頼,35未満_弱い,35-54_中間,中間,2.0,7,14.29,14.29,57.14,85.71
6,55-74_信頼,35未満_弱い,35-54_中間,中間,3.0,3,0.0,33.33,66.67,100.0
6,55-74_信頼,35未満_弱い,35-54_中間,中間,4.0,4,0.0,50.0,25.0,75.0
6,55-74_信頼,35未満_弱い,35-54_中間,中間,5.0,15,0.0,26.67,33.33,60.0
6,55-74_信頼,35未満_弱い,35-54_中間,中間,6.0,37,5.41,8.11,27.03,40.54
6,55-74_信頼,35未満_弱い,35-54_中間,低リスク,2.0,3,33.33,0.0,33.33,66.67
6,55-74_信頼,35未満_弱い,35-54_中間,低リスク,3.0,4,25.0,25.0,25.0,75.0
6,55-74_信頼,35未満_弱い,35-54_中間,低リスク,4.0,8,37.5,50.0,12.5,100.0
6,55-74_信頼,35未満_弱い,35-54_中間,低リスク,5.0,6,16.67,0.0,16.67,33.33
6,55-74_信頼,35未満_弱い,35-54_中間,低リスク,6.0,26,7.69,23.08,15.38,46.15
6,55-74_信頼,35未満_弱い,35未満_弱い,中間,2.0,3,0.0,33.33,0.0,33.33
6,55-74_信頼,35未満_弱い,35未満_弱い,中間,4.0,1,0.0,0.0,0.0,0.0
6,55-74_信頼,35未満_弱い,35未満_弱い,中間,5.0,6,0.0,0.0,66.67,66.67
6,55-74_信頼,35未満_弱い,35未満_弱い,中間,6.0,20,0.0,5.0,50.0,55.0
6,55-74_信頼,35未満_弱い,35未満_弱い,低リスク,5.0,2,50.0,0.0,50.0,100.0
6,55-74_信頼,35未満_弱い,35未満_弱い,低リスク,6.0,15,6.67,13.33,40.0,60.0
