player_id,player_name,entry_course,starts,win_rate,second_rate,third_rate,top3_rate,avg_st,min_st,max_st,top_st_rate,course_avg_top3_rate,top3_vs_course_avg,entry_shift_count,entry_shift_rate,course_strength,reliability
4390,松本弓雄,5,5,0.0,20.0,0.0,20.0,0.112,0.02,0.21,0.0,34.22,-14.22,2,40.0,苦手,C
4114,深澤達徳,5,5,0.0,0.0,20.0,20.0,0.194,0.13,0.31,0.0,34.22,-14.22,1,20.0,苦手,C
3964,宮地博士,3,14,7.14,21.43,0.0,28.57,0.168,0.04,0.32,7.14,54.51,-25.94,0,0.0,苦手,B
4110,小澤和也,3,8,0.0,12.5,25.0,37.5,0.13,0.08,0.19,0.0,54.51,-17.01,1,12.5,苦手,C
4041,小林基樹,5,5,0.0,0.0,20.0,20.0,0.194,0.09,0.32,0.0,34.22,-14.22,0,0.0,苦手,C
2958,井川正人,1,6,50.0,0.0,16.67,66.67,0.255,0.11,0.38,0.0,86.47,-19.8,0,0.0,苦手,C
4382,高山智至,3,6,0.0,0.0,33.33,33.33,0.198,0.09,0.31,16.67,54.51,-21.18,0,0.0,苦手,C
4110,小澤和也,4,5,0.0,0.0,20.0,20.0,0.176,0.11,0.23,0.0,45.78,-25.78,0,0.0,苦手,C
3905,天野友和,3,5,0.0,20.0,20.0,40.0,0.174,0.13,0.23,20.0,54.51,-14.51,1,20.0,苦手,C
4393,田中孝明,3,9,0.0,22.22,11.11,33.33,0.162,0.07,0.23,11.11,54.51,-21.18,3,33.33,苦手,C
4210,松村康太,5,5,0.0,0.0,20.0,20.0,0.172,0.12,0.21,0.0,34.22,-14.22,1,20.0,苦手,C
3518,倉田郁美,1,6,16.67,33.33,16.67,66.67,0.19,0.11,0.26,16.67,86.47,-19.8,0,0.0,苦手,C
3486,渋田治代,3,5,0.0,20.0,0.0,20.0,0.254,0.15,0.46,0.0,54.51,-34.51,0,0.0,苦手,C
3463,乙津康志,1,11,45.45,9.09,9.09,63.64,0.235,0.17,0.31,0.0,86.47,-22.83,0,0.0,苦手,B
3458,東健介,2,9,0.0,22.22,22.22,44.44,0.142,0.08,0.25,0.0,57.97,-13.53,0,0.0,苦手,C
3477,近藤稔也,1,9,44.44,11.11,11.11,66.67,0.207,0.15,0.31,11.11,86.47,-19.8,0,0.0,苦手,C
3339,泉具巳,3,5,0.0,40.0,0.0,40.0,0.132,0.07,0.19,40.0,54.51,-14.51,0,0.0,苦手,C
3432,宮迫暢彦,3,6,0.0,16.67,16.67,33.33,0.17,0.11,0.21,16.67,54.51,-21.18,0,0.0,苦手,C
4060,島田一生,3,6,0.0,0.0,16.67,16.67,0.138,0.01,0.21,33.33,54.51,-37.84,0,0.0,苦手,C
4560,庄司樹良々,2,7,0.0,0.0,42.86,42.86,0.169,0.11,0.35,14.29,57.97,-15.11,0,0.0,苦手,C
3741,松尾基成,4,14,7.14,14.29,0.0,21.43,0.158,0.03,0.32,28.57,45.78,-24.35,1,7.14,苦手,B
3742,宮地秀祈,2,5,0.0,40.0,0.0,40.0,0.18,0.05,0.24,0.0,57.97,-17.97,0,0.0,苦手,C
4093,吉田宗弘,4,6,0.0,0.0,33.33,33.33,0.24,0.19,0.34,0.0,45.78,-12.45,1,16.67,苦手,C
3491,富永茂,1,5,0.0,60.0,0.0,60.0,0.142,0.09,0.22,60.0,86.47,-26.47,0,0.0,苦手,C
4638,小林遼太,2,6,0.0,16.67,16.67,33.33,0.197,0.14,0.33,16.67,57.97,-24.64,0,0.0,苦手,C
3436,柏野幸二,3,5,0.0,20.0,20.0,40.0,0.086,0.08,0.09,80.0,54.51,-14.51,1,20.0,苦手,C
3757,畑和宏,2,7,28.57,14.29,0.0,42.86,0.133,0.01,0.27,28.57,57.97,-15.11,0,0.0,苦手,C
4164,岩永節也,3,21,0.0,23.81,19.05,42.86,0.187,0.08,0.32,4.76,54.51,-11.65,2,9.52,苦手,A
4222,山口高志,1,8,37.5,37.5,0.0,75.0,0.198,0.09,0.4,12.5,86.47,-11.47,0,0.0,苦手,C
4164,岩永節也,2,19,5.26,15.79,26.32,47.37,0.157,0.04,0.26,10.53,57.97,-10.6,0,0.0,苦手,B
4268,和合俊介,3,5,0.0,20.0,20.0,40.0,0.122,0.04,0.18,40.0,54.51,-14.51,0,0.0,苦手,C
3757,畑和宏,5,6,0.0,0.0,16.67,16.67,0.203,0.06,0.31,16.67,34.22,-17.55,1,16.67,苦手,C
4142,平野和明,1,5,40.0,20.0,0.0,60.0,0.148,0.08,0.21,0.0,86.47,-26.47,0,0.0,苦手,C
3748,小黒竜吾,3,5,0.0,20.0,20.0,40.0,0.17,0.14,0.2,0.0,54.51,-14.51,0,0.0,苦手,C
4686,丸野一樹,3,6,0.0,16.67,16.67,33.33,0.157,0.09,0.34,16.67,54.51,-21.18,1,16.67,苦手,C
4023,柴田友和,5,5,0.0,20.0,0.0,20.0,0.19,0.09,0.26,20.0,34.22,-14.22,0,0.0,苦手,C
3580,水口由紀,3,5,20.0,0.0,20.0,40.0,0.132,0.03,0.25,20.0,54.51,-14.51,0,0.0,苦手,C
4513,河野真也,1,8,25.0,25.0,12.5,62.5,0.199,0.11,0.26,25.0,86.47,-23.97,0,0.0,苦手,C
4014,片岡恵里,4,7,0.0,0.0,28.57,28.57,0.219,0.06,0.37,28.57,45.78,-17.21,0,0.0,苦手,C
3282,池本輝明,6,6,0.0,0.0,0.0,0.0,0.255,0.15,0.33,0.0,21.0,-21.0,2,33.33,苦手,C
4363,大野芳顕,4,9,0.0,0.0,22.22,22.22,0.151,0.11,0.19,33.33,45.78,-23.56,0,0.0,苦手,C
4635,峰重力也,5,5,0.0,0.0,20.0,20.0,0.128,0.09,0.2,20.0,34.22,-14.22,1,20.0,苦手,C
4106,坂井康嗣,3,7,0.0,42.86,0.0,42.86,0.176,0.08,0.26,0.0,54.51,-11.65,0,0.0,苦手,C
3812,山崎聖司,4,6,16.67,0.0,16.67,33.33,0.193,0.13,0.23,0.0,45.78,-12.45,0,0.0,苦手,C
4276,鈴木勝博,3,7,42.86,0.0,0.0,42.86,0.15,0.11,0.32,57.14,54.51,-11.65,1,14.29,苦手,C
4129,宇野博之,2,7,0.0,28.57,14.29,42.86,0.144,0.05,0.26,28.57,57.97,-15.11,0,0.0,苦手,C
3604,武藤綾子,2,5,0.0,0.0,40.0,40.0,0.198,0.16,0.22,0.0,57.97,-17.97,0,0.0,苦手,C
4487,三原司,2,10,10.0,10.0,10.0,30.0,0.186,0.15,0.26,10.0,57.97,-27.97,1,10.0,苦手,B
4034,西原明生,4,8,0.0,12.5,12.5,25.0,0.182,0.11,0.29,12.5,45.78,-20.78,0,0.0,苦手,C
4181,花本夏樹,2,7,0.0,28.57,14.29,42.86,0.201,0.14,0.29,14.29,57.97,-15.11,0,0.0,苦手,C
3211,北川敏弘,4,6,0.0,0.0,33.33,33.33,0.148,0.07,0.27,33.33,45.78,-12.45,0,0.0,苦手,C
3714,梶原正,5,6,0.0,0.0,16.67,16.67,0.122,0.07,0.19,66.67,34.22,-17.55,1,16.67,苦手,C
4452,松尾祭,2,5,0.0,40.0,0.0,40.0,0.212,0.12,0.38,20.0,57.97,-17.97,0,0.0,苦手,C
3722,西村秀樹,4,6,0.0,16.67,16.67,33.33,0.147,0.07,0.28,16.67,45.78,-12.45,0,0.0,苦手,C
3722,西村秀樹,5,5,0.0,0.0,20.0,20.0,0.17,0.04,0.27,20.0,34.22,-14.22,2,40.0,苦手,C
4294,古賀繁輝,3,5,20.0,20.0,0.0,40.0,0.162,0.09,0.38,20.0,54.51,-14.51,3,60.0,苦手,C
3976,内田圭,1,5,20.0,20.0,20.0,60.0,0.204,0.16,0.28,0.0,86.47,-26.47,0,0.0,苦手,C
3860,松本浩貴,1,8,12.5,12.5,37.5,62.5,0.164,0.12,0.26,0.0,86.47,-23.97,0,0.0,苦手,C
4574,東潤樹,2,7,14.29,14.29,14.29,42.86,0.181,0.12,0.25,0.0,57.97,-15.11,0,0.0,苦手,C
3860,松本浩貴,3,7,0.0,14.29,28.57,42.86,0.193,0.05,0.36,28.57,54.51,-11.65,0,0.0,苦手,C
4574,東潤樹,1,5,20.0,20.0,20.0,60.0,0.206,0.09,0.32,60.0,86.47,-26.47,0,0.0,苦手,C
4812,西野雄貴,3,8,12.5,12.5,12.5,37.5,0.126,0.05,0.18,25.0,54.51,-17.01,1,12.5,苦手,C
4191,赤羽克也,5,7,0.0,0.0,14.29,14.29,0.151,0.02,0.29,14.29,34.22,-19.93,3,42.86,苦手,C
3711,江本真治,3,7,14.29,0.0,14.29,28.57,0.176,0.12,0.32,42.86,54.51,-25.94,0,0.0,苦手,C
4369,丹下将,3,6,0.0,16.67,16.67,33.33,0.175,0.13,0.33,0.0,54.51,-21.18,0,0.0,苦手,C
3869,井芹大志,2,7,0.0,42.86,0.0,42.86,0.18,0.12,0.28,14.29,57.97,-15.11,0,0.0,苦手,C
4848,仲谷颯仁,4,7,14.29,14.29,0.0,28.57,0.091,0.03,0.17,71.43,45.78,-17.21,0,0.0,苦手,C
4896,花本剛,3,7,0.0,14.29,14.29,28.57,0.157,0.08,0.34,14.29,54.51,-25.94,0,0.0,苦手,C
5124,上瀧絢也,1,5,40.0,0.0,20.0,60.0,0.126,0.06,0.17,40.0,86.47,-26.47,0,0.0,苦手,C
4747,山戸信二,3,9,22.22,0.0,11.11,33.33,0.16,0.07,0.26,11.11,54.51,-21.18,0,0.0,苦手,C
4884,勝浦真帆,5,5,0.0,0.0,0.0,0.0,0.158,0.14,0.17,40.0,34.22,-34.22,0,0.0,苦手,C
4451,松崎祐太郎,5,6,0.0,16.67,0.0,16.67,0.195,0.1,0.28,0.0,34.22,-17.55,1,16.67,苦手,C
4583,古田祐貴,2,5,0.0,0.0,40.0,40.0,0.138,0.09,0.21,0.0,57.97,-17.97,0,0.0,苦手,C
4583,古田祐貴,5,5,0.0,0.0,20.0,20.0,0.154,0.11,0.21,0.0,34.22,-14.22,0,0.0,苦手,C
4919,吉田翔悟,3,11,9.09,9.09,18.18,36.36,0.173,0.11,0.24,0.0,54.51,-18.15,0,0.0,苦手,B
4752,西尾亮輔,1,5,40.0,0.0,20.0,60.0,0.156,0.03,0.22,40.0,86.47,-26.47,0,0.0,苦手,C
5231,寺田空詩,4,6,16.67,16.67,0.0,33.33,0.235,0.14,0.36,33.33,45.78,-12.45,1,16.67,苦手,C
4927,関野文,1,11,54.55,0.0,18.18,72.73,0.193,0.1,0.28,27.27,86.47,-13.74,0,0.0,苦手,B
4927,関野文,2,5,0.0,20.0,20.0,40.0,0.182,0.12,0.22,0.0,57.97,-17.97,0,0.0,苦手,C
4501,樋口由加里,5,5,0.0,0.0,20.0,20.0,0.17,0.11,0.24,20.0,34.22,-14.22,0,0.0,苦手,C
5195,北村寧々,6,10,0.0,0.0,10.0,10.0,0.143,0.08,0.26,40.0,21.0,-11.0,0,0.0,苦手,B
4875,大塚康雅,3,5,0.0,20.0,20.0,40.0,0.178,0.13,0.28,20.0,54.51,-14.51,0,0.0,苦手,C
4227,安達裕樹,4,5,20.0,0.0,0.0,20.0,0.198,0.13,0.27,20.0,45.78,-25.78,0,0.0,苦手,C
4798,浜先真範,2,5,0.0,40.0,0.0,40.0,0.14,0.09,0.19,40.0,57.97,-17.97,0,0.0,苦手,C
3422,服部幸男,3,8,12.5,25.0,0.0,37.5,0.145,0.04,0.23,25.0,54.51,-17.01,1,12.5,苦手,C
4798,浜先真範,3,5,20.0,0.0,20.0,40.0,0.114,0.05,0.21,60.0,54.51,-14.51,0,0.0,苦手,C
4013,中島孝平,4,5,0.0,0.0,0.0,0.0,0.114,0.06,0.19,40.0,45.78,-45.78,1,20.0,苦手,C
4052,興津藍,6,5,0.0,0.0,0.0,0.0,0.182,0.09,0.27,0.0,21.0,-21.0,0,0.0,苦手,C
5208,屋良龍紀,5,5,0.0,0.0,20.0,20.0,0.124,0.05,0.26,40.0,34.22,-14.22,0,0.0,苦手,C
3703,鳥飼眞,3,6,0.0,33.33,0.0,33.33,0.26,0.18,0.49,0.0,54.51,-21.18,0,0.0,苦手,C
3539,金子順一,3,6,0.0,16.67,16.67,33.33,0.157,0.12,0.23,0.0,54.51,-21.18,0,0.0,苦手,C
4865,立具敬司,3,5,0.0,20.0,0.0,20.0,0.198,0.14,0.28,0.0,54.51,-34.51,0,0.0,苦手,C
5277,井上未都,5,5,0.0,0.0,0.0,0.0,0.11,0.03,0.2,40.0,34.22,-34.22,2,40.0,苦手,C
5109,川崎智稔,4,6,16.67,16.67,0.0,33.33,0.118,0.03,0.21,33.33,45.78,-12.45,0,0.0,苦手,C
4615,板倉敦史,5,6,0.0,0.0,16.67,16.67,0.225,0.09,0.36,0.0,34.22,-17.55,1,16.67,苦手,C
4416,三宅健太,1,7,14.29,28.57,28.57,71.43,0.151,0.09,0.25,28.57,86.47,-15.04,0,0.0,苦手,C
5155,内山七海,4,6,16.67,16.67,0.0,33.33,0.127,0.08,0.19,66.67,45.78,-12.45,0,0.0,苦手,C
4179,広次修,2,5,20.0,0.0,20.0,40.0,0.162,0.11,0.26,0.0,57.97,-17.97,0,0.0,苦手,C
4516,野口勝弘,3,6,16.67,16.67,0.0,33.33,0.148,0.06,0.22,16.67,54.51,-21.18,0,0.0,苦手,C
4835,橋本明,3,7,0.0,0.0,42.86,42.86,0.164,0.06,0.27,28.57,54.51,-11.65,0,0.0,苦手,C
5148,松本怜,3,5,0.0,40.0,0.0,40.0,0.204,0.08,0.29,20.0,54.51,-14.51,1,20.0,苦手,C
3771,折下寛法,1,5,40.0,0.0,20.0,60.0,0.154,0.07,0.27,40.0,86.47,-26.47,0,0.0,苦手,C
3784,中島友和,2,5,0.0,0.0,20.0,20.0,0.2,0.12,0.27,0.0,57.97,-37.97,0,0.0,苦手,C
4826,井上一輝,3,5,0.0,20.0,20.0,40.0,0.162,0.07,0.29,20.0,54.51,-14.51,0,0.0,苦手,C
4293,鈴木智啓,3,6,0.0,0.0,33.33,33.33,0.15,0.12,0.18,0.0,54.51,-21.18,0,0.0,苦手,C
4895,門間雄大,3,5,20.0,0.0,0.0,20.0,0.146,0.09,0.21,20.0,54.51,-34.51,0,0.0,苦手,C
4417,服部剛,2,5,20.0,20.0,0.0,40.0,0.206,0.11,0.26,0.0,57.97,-17.97,0,0.0,苦手,C
4889,後藤盛也,2,6,0.0,16.67,16.67,33.33,0.142,0.08,0.21,50.0,57.97,-24.64,0,0.0,苦手,C
4957,竹之内極,2,5,0.0,0.0,40.0,40.0,0.168,0.1,0.21,0.0,57.97,-17.97,0,0.0,苦手,C
3875,廣中良一,3,5,0.0,0.0,40.0,40.0,0.162,0.12,0.19,20.0,54.51,-14.51,1,20.0,苦手,C
5214,田中宏典,3,5,20.0,20.0,0.0,40.0,0.128,0.08,0.16,20.0,54.51,-14.51,0,0.0,苦手,C
4163,山崎裕司,3,5,0.0,20.0,20.0,40.0,0.148,0.1,0.21,20.0,54.51,-14.51,0,0.0,苦手,C
3880,浅見宗孝,4,6,0.0,16.67,16.67,33.33,0.22,0.09,0.41,16.67,45.78,-12.45,1,16.67,苦手,C
5249,三木晴斗,2,5,20.0,20.0,0.0,40.0,0.14,0.06,0.18,40.0,57.97,-17.97,0,0.0,苦手,C
3975,小野寺智洋,5,5,0.0,0.0,0.0,0.0,0.18,0.04,0.39,20.0,34.22,-34.22,0,0.0,苦手,C
5003,来田衣織,2,5,0.0,20.0,0.0,20.0,0.2,0.14,0.25,20.0,57.97,-37.97,0,0.0,苦手,C
4039,村上功祐,6,5,0.0,0.0,0.0,0.0,0.236,0.18,0.29,0.0,21.0,-21.0,0,0.0,苦手,C
5143,常盤海心,3,7,0.0,0.0,28.57,28.57,0.197,0.13,0.34,0.0,54.51,-25.94,0,0.0,苦手,C
5250,嶋田有里,4,10,10.0,10.0,10.0,30.0,0.162,0.01,0.32,30.0,45.78,-15.78,1,10.0,苦手,B
3769,佐竹恒彦,4,6,0.0,0.0,33.33,33.33,0.163,0.06,0.24,33.33,45.78,-12.45,2,33.33,苦手,C
4803,飯田庄吾,3,5,0.0,40.0,0.0,40.0,0.172,0.11,0.24,0.0,54.51,-14.51,1,20.0,苦手,C
5250,嶋田有里,1,6,50.0,16.67,0.0,66.67,0.187,0.12,0.26,16.67,86.47,-19.8,0,0.0,苦手,C
