motor_no,entry_course,starts,win_rate,second_rate,third_rate,top3_rate
11.0,1.0,159,74.21,15.72,6.92,96.86
11.0,2.0,123,20.33,37.4,24.39,82.11
11.0,3.0,114,22.81,31.58,24.56,78.95
11.0,4.0,112,16.07,22.32,33.93,72.32
11.0,5.0,100,10.0,20.0,30.0,60.0
11.0,6.0,62,1.61,8.06,41.94,51.61
12.0,1.0,140,65.71,12.86,11.43,90.0
12.0,2.0,102,12.75,35.29,25.49,73.53
12.0,3.0,104,17.31,27.88,28.85,74.04
12.0,4.0,96,14.58,30.21,25.0,69.79
12.0,5.0,92,6.52,25.0,28.26,59.78
12.0,6.0,57,1.75,10.53,40.35,52.63
13.0,1.0,100,61.0,15.0,12.0,88.0
13.0,2.0,98,15.31,32.65,22.45,70.41
13.0,3.0,93,16.13,23.66,32.26,72.04
13.0,4.0,83,14.46,16.87,34.94,66.27
13.0,5.0,70,1.43,30.0,32.86,64.29
13.0,6.0,41,4.88,7.32,39.02,51.22
14.0,1.0,136,63.24,20.59,9.56,93.38
14.0,2.0,117,17.95,40.17,23.93,82.05
14.0,3.0,121,12.4,38.84,26.45,77.69
14.0,4.0,90,16.67,25.56,26.67,68.89
14.0,5.0,85,10.59,32.94,22.35,65.88
14.0,6.0,65,4.62,15.38,23.08,43.08
15.0,1.0,132,59.09,22.73,10.61,92.42
15.0,2.0,118,11.02,36.44,21.19,68.64
15.0,3.0,113,12.39,30.09,23.01,65.49
15.0,4.0,106,11.32,20.75,33.02,65.09
15.0,5.0,90,10.0,17.78,35.56,63.33
15.0,6.0,66,1.52,16.67,37.88,56.06
16.0,1.0,121,66.12,17.36,13.22,96.69
16.0,2.0,111,13.51,36.04,29.73,79.28
16.0,3.0,121,18.18,28.1,33.06,79.34
16.0,4.0,87,11.49,20.69,34.48,66.67
16.0,5.0,85,9.41,14.12,28.24,51.76
16.0,6.0,72,4.17,9.72,33.33,47.22
17.0,1.0,154,62.99,27.27,3.9,94.16
17.0,2.0,120,15.83,30.0,27.5,73.33
17.0,3.0,101,13.86,35.64,29.7,79.21
17.0,4.0,108,9.26,25.0,29.63,63.89
17.0,5.0,98,7.14,21.43,32.65,61.22
17.0,6.0,54,1.85,16.67,27.78,46.3
18.0,1.0,159,72.33,15.72,8.81,96.86
18.0,2.0,123,21.14,38.21,20.33,79.67
18.0,3.0,102,13.73,30.39,30.39,74.51
18.0,4.0,114,16.67,19.3,33.33,69.3
18.0,5.0,87,12.64,22.99,25.29,60.92
18.0,6.0,74,5.41,12.16,37.84,55.41
19.0,1.0,133,67.67,21.05,6.02,94.74
19.0,2.0,114,16.67,35.09,26.32,78.07
19.0,3.0,107,16.82,30.84,30.84,78.5
19.0,4.0,111,14.41,27.93,28.83,71.17
19.0,5.0,94,11.7,18.09,30.85,60.64
19.0,6.0,55,9.09,3.64,34.55,47.27
20.0,1.0,146,61.64,23.29,6.85,91.78
20.0,2.0,115,21.74,33.04,24.35,79.13
20.0,3.0,114,15.79,31.58,21.93,69.3
20.0,4.0,106,16.98,24.53,29.25,70.75
20.0,5.0,76,3.95,22.37,34.21,60.53
20.0,6.0,51,3.92,15.69,27.45,47.06
21.0,1.0,161,69.57,15.53,9.94,95.03
21.0,2.0,120,23.33,30.0,24.17,77.5
21.0,3.0,111,25.23,29.73,25.23,80.18
21.0,4.0,111,10.81,27.93,31.53,70.27
21.0,5.0,99,11.11,15.15,34.34,60.61
21.0,6.0,66,3.03,13.64,43.94,60.61
22.0,1.0,149,65.77,21.48,9.4,96.64
22.0,2.0,114,14.91,35.96,27.19,78.07
22.0,3.0,125,19.2,28.0,31.2,78.4
22.0,4.0,118,12.71,28.81,26.27,67.8
22.0,5.0,80,15.0,18.75,27.5,61.25
22.0,6.0,65,1.54,20.0,32.31,53.85
23.0,1.0,156,64.74,20.51,6.41,91.67
23.0,2.0,114,15.79,33.33,32.46,81.58
23.0,3.0,113,14.16,35.4,32.74,82.3
23.0,4.0,108,10.19,25.93,36.11,72.22
23.0,5.0,83,2.41,18.07,32.53,53.01
23.0,6.0,73,1.37,23.29,38.36,63.01
24.0,1.0,129,66.67,19.38,9.3,95.35
24.0,2.0,114,16.67,38.6,28.07,83.33
24.0,3.0,100,12.0,33.0,30.0,75.0
24.0,4.0,83,8.43,19.28,43.37,71.08
24.0,5.0,81,7.41,7.41,38.27,53.09
24.0,6.0,50,2.0,10.0,44.0,56.0
25.0,1.0,158,65.82,19.62,9.49,94.94
25.0,2.0,115,13.04,40.0,26.09,79.13
25.0,3.0,122,9.84,36.07,27.87,73.77
25.0,4.0,120,13.33,21.67,32.5,67.5
25.0,5.0,75,9.33,24.0,29.33,62.67
25.0,6.0,67,4.48,8.96,31.34,44.78
26.0,1.0,147,68.71,12.93,14.29,95.92
26.0,2.0,119,12.61,36.13,25.21,73.95
26.0,3.0,109,11.01,39.45,24.77,75.23
26.0,4.0,95,21.05,21.05,32.63,74.74
26.0,5.0,84,10.71,29.76,27.38,67.86
26.0,6.0,64,3.12,15.62,23.44,42.19
27.0,1.0,125,72.8,12.8,8.8,94.4
27.0,2.0,108,12.96,42.59,28.7,84.26
27.0,3.0,106,16.04,28.3,27.36,71.7
27.0,4.0,94,21.28,32.98,26.6,80.85
27.0,5.0,77,6.49,25.97,31.17,63.64
27.0,6.0,63,3.17,11.11,38.1,52.38
28.0,1.0,152,71.05,15.13,7.89,94.08
28.0,2.0,112,17.86,38.39,26.79,83.04
28.0,3.0,115,6.96,30.43,31.3,68.7
28.0,4.0,111,17.12,30.63,28.83,76.58
28.0,5.0,96,9.38,18.75,37.5,65.62
28.0,6.0,68,5.88,17.65,23.53,47.06
29.0,1.0,141,70.92,16.31,7.09,94.33
29.0,2.0,117,16.24,44.44,23.93,84.62
29.0,3.0,99,18.18,30.3,27.27,75.76
29.0,4.0,118,10.17,23.73,30.51,64.41
29.0,5.0,80,6.25,15.0,47.5,68.75
29.0,6.0,61,3.28,11.48,21.31,36.07
30.0,1.0,118,69.49,14.41,5.93,89.83
30.0,2.0,104,13.46,39.42,25.0,77.88
30.0,3.0,107,13.08,34.58,29.91,77.57
30.0,4.0,106,5.66,24.53,32.08,62.26
30.0,5.0,76,2.63,23.68,34.21,60.53
30.0,6.0,72,4.17,6.94,38.89,50.0
31.0,1.0,127,65.35,22.83,7.09,95.28
31.0,2.0,110,12.73,20.0,38.18,70.91
31.0,3.0,109,10.09,35.78,31.19,77.06
31.0,4.0,101,10.89,23.76,35.64,70.3
31.0,5.0,80,6.25,17.5,27.5,51.25
31.0,6.0,57,5.26,8.77,29.82,43.86
32.0,1.0,156,70.51,13.46,10.9,94.87
32.0,2.0,126,19.84,28.57,28.57,76.98
32.0,3.0,110,16.36,34.55,28.18,79.09
32.0,4.0,119,18.49,30.25,26.89,75.63
32.0,5.0,92,11.96,14.13,30.43,56.52
32.0,6.0,64,4.69,25.0,31.25,60.94
33.0,1.0,141,65.25,21.28,7.8,94.33
33.0,2.0,122,18.85,32.79,27.87,79.51
33.0,3.0,108,4.63,38.89,34.26,77.78
33.0,4.0,104,12.5,25.0,29.81,67.31
33.0,5.0,80,10.0,21.25,36.25,67.5
33.0,6.0,77,3.9,27.27,24.68,55.84
34.0,1.0,159,66.04,23.9,6.92,96.86
34.0,2.0,124,16.13,37.9,18.55,72.58
34.0,3.0,109,17.43,23.85,26.61,67.89
34.0,4.0,84,17.86,28.57,25.0,71.43
34.0,5.0,91,9.89,9.89,46.15,65.93
34.0,6.0,58,1.72,18.97,29.31,50.0
35.0,1.0,117,59.83,22.22,10.26,92.31
35.0,2.0,105,18.1,29.52,34.29,81.9
35.0,3.0,81,8.64,37.04,22.22,67.9
35.0,4.0,75,13.33,18.67,32.0,64.0
35.0,5.0,67,4.48,20.9,35.82,61.19
35.0,6.0,54,5.56,12.96,35.19,53.7
36.0,1.0,144,76.39,14.58,6.94,97.92
36.0,2.0,114,16.67,35.09,30.7,82.46
36.0,3.0,119,20.17,36.13,22.69,78.99
36.0,4.0,115,7.83,19.13,41.74,68.7
36.0,5.0,114,7.02,21.05,31.58,59.65
36.0,6.0,61,1.64,16.39,27.87,45.9
37.0,1.0,115,66.09,20.87,9.57,96.52
37.0,2.0,95,9.47,35.79,33.68,78.95
37.0,3.0,103,12.62,28.16,27.18,67.96
37.0,4.0,104,7.69,22.12,27.88,57.69
37.0,5.0,79,7.59,16.46,34.18,58.23
37.0,6.0,47,6.38,17.02,27.66,51.06
38.0,1.0,158,67.09,17.09,6.33,90.51
38.0,2.0,125,16.0,36.8,27.2,80.0
38.0,3.0,121,15.7,33.88,34.71,84.3
38.0,4.0,89,15.73,24.72,29.21,69.66
38.0,5.0,98,4.08,26.53,31.63,62.24
38.0,6.0,61,0.0,14.75,37.7,52.46
39.0,1.0,133,67.67,21.05,6.02,94.74
39.0,2.0,108,13.89,41.67,22.22,77.78
39.0,3.0,108,16.67,33.33,30.56,80.56
39.0,4.0,97,18.56,22.68,21.65,62.89
39.0,5.0,91,1.1,17.58,28.57,47.25
39.0,6.0,51,3.92,9.8,25.49,39.22
40.0,1.0,122,73.77,13.93,7.38,95.08
40.0,2.0,114,15.79,36.84,26.32,78.95
40.0,3.0,100,15.0,28.0,25.0,68.0
40.0,4.0,83,15.66,26.51,27.71,69.88
40.0,5.0,86,5.81,25.58,27.91,59.3
40.0,6.0,50,0.0,8.0,42.0,50.0
41.0,1.0,154,70.13,12.99,11.69,94.81
41.0,2.0,109,19.27,26.61,26.61,72.48
41.0,3.0,115,20.0,36.52,25.22,81.74
41.0,4.0,102,12.75,20.59,38.24,71.57
41.0,5.0,91,5.49,24.18,27.47,57.14
41.0,6.0,61,4.92,13.11,24.59,42.62
43.0,1.0,136,69.85,19.12,7.35,96.32
43.0,2.0,116,18.1,37.07,25.0,80.17
43.0,3.0,116,19.83,31.03,23.28,74.14
43.0,4.0,95,12.63,22.11,34.74,69.47
43.0,5.0,98,9.18,24.49,34.69,68.37
43.0,6.0,57,5.26,12.28,36.84,54.39
44.0,1.0,147,69.39,16.33,5.44,91.16
44.0,2.0,127,18.11,34.65,29.13,81.89
44.0,3.0,105,15.24,31.43,32.38,79.05
44.0,4.0,75,8.0,26.67,37.33,72.0
44.0,5.0,85,7.06,20.0,38.82,65.88
44.0,6.0,57,3.51,7.02,33.33,43.86
45.0,1.0,150,71.33,19.33,5.33,96.0
45.0,2.0,123,21.95,27.64,26.83,76.42
45.0,3.0,119,14.29,30.25,28.57,73.11
45.0,4.0,107,14.95,21.5,29.91,66.36
45.0,5.0,90,10.0,17.78,32.22,60.0
45.0,6.0,47,0.0,8.51,42.55,51.06
46.0,1.0,114,62.28,21.93,10.53,94.74
46.0,2.0,101,13.86,34.65,32.67,81.19
46.0,3.0,97,9.28,24.74,35.05,69.07
46.0,4.0,93,8.6,21.51,31.18,61.29
46.0,5.0,64,3.12,20.31,31.25,54.69
46.0,6.0,56,1.79,12.5,41.07,55.36
47.0,1.0,155,67.74,14.19,11.61,93.55
47.0,2.0,135,18.52,37.04,22.22,77.78
47.0,3.0,129,16.28,31.78,28.68,76.74
47.0,4.0,112,11.61,32.14,33.93,77.68
47.0,5.0,99,13.13,15.15,36.36,64.65
47.0,6.0,62,3.23,20.97,29.03,53.23
48.0,1.0,152,71.05,15.79,7.89,94.74
48.0,2.0,119,16.81,36.13,20.17,73.11
48.0,3.0,113,15.93,30.09,27.43,73.45
48.0,4.0,106,12.26,33.02,33.02,78.3
48.0,5.0,103,8.74,27.18,33.01,68.93
48.0,6.0,56,0.0,10.71,33.93,44.64
49.0,1.0,146,71.23,17.81,7.53,96.58
49.0,2.0,117,14.53,35.9,23.93,74.36
49.0,3.0,117,9.4,39.32,30.77,79.49
49.0,4.0,114,7.89,35.09,29.82,72.81
49.0,5.0,68,11.76,22.06,22.06,55.88
49.0,6.0,63,1.59,12.7,31.75,46.03
50.0,1.0,143,72.73,15.38,9.09,97.2
50.0,2.0,125,24.8,39.2,19.2,83.2
50.0,3.0,113,19.47,25.66,38.05,83.19
50.0,4.0,111,8.11,23.42,29.73,61.26
50.0,5.0,95,13.68,13.68,35.79,63.16
50.0,6.0,56,1.79,10.71,21.43,33.93
51.0,1.0,137,70.8,16.06,6.57,93.43
51.0,2.0,103,20.39,39.81,20.39,80.58
51.0,3.0,114,19.3,39.47,21.93,80.7
51.0,4.0,106,6.6,26.42,33.02,66.04
51.0,5.0,81,9.88,19.75,23.46,53.09
51.0,6.0,57,3.51,15.79,31.58,50.88
52.0,1.0,152,63.16,22.37,5.92,91.45
52.0,2.0,111,12.61,41.44,27.93,81.98
52.0,3.0,109,15.6,30.28,26.61,72.48
52.0,4.0,94,14.89,27.66,29.79,72.34
52.0,5.0,94,9.57,20.21,29.79,59.57
52.0,6.0,60,5.0,11.67,30.0,46.67
53.0,1.0,127,74.02,15.75,6.3,96.06
53.0,2.0,106,14.15,35.85,28.3,78.3
53.0,3.0,113,15.04,35.4,22.12,72.57
53.0,4.0,90,7.78,16.67,34.44,58.89
53.0,5.0,102,11.76,16.67,36.27,64.71
53.0,6.0,63,4.76,7.94,39.68,52.38
54.0,1.0,136,58.82,19.85,11.76,90.44
54.0,2.0,94,12.77,40.43,28.72,81.91
54.0,3.0,100,12.0,31.0,23.0,66.0
54.0,4.0,104,11.54,24.04,30.77,66.35
54.0,5.0,71,7.04,25.35,25.35,57.75
54.0,6.0,51,3.92,11.76,21.57,37.25
55.0,1.0,128,64.06,25.0,6.25,95.31
55.0,2.0,114,9.65,35.09,26.32,71.05
55.0,3.0,105,10.48,31.43,23.81,65.71
55.0,4.0,96,7.29,26.04,42.71,76.04
55.0,5.0,96,10.42,19.79,36.46,66.67
55.0,6.0,44,0.0,11.36,40.91,52.27
56.0,1.0,170,71.76,16.47,8.24,96.47
56.0,2.0,115,30.43,34.78,23.48,88.7
56.0,3.0,118,24.58,37.29,22.03,83.9
56.0,4.0,131,22.14,23.66,26.72,72.52
56.0,5.0,88,5.68,18.18,30.68,54.55
56.0,6.0,72,6.94,13.89,40.28,61.11
57.0,1.0,128,64.84,24.22,6.25,95.31
57.0,2.0,115,13.04,29.57,33.04,75.65
57.0,3.0,106,15.09,31.13,27.36,73.58
57.0,4.0,104,6.73,25.0,38.46,70.19
57.0,5.0,90,6.67,21.11,34.44,62.22
57.0,6.0,50,8.0,16.0,28.0,52.0
58.0,1.0,128,67.97,14.84,7.81,90.62
58.0,2.0,95,12.63,42.11,21.05,75.79
58.0,3.0,117,11.97,29.91,39.32,81.2
58.0,4.0,86,12.79,16.28,45.35,74.42
58.0,5.0,86,4.65,23.26,36.05,63.95
58.0,6.0,53,1.89,11.32,37.74,50.94
59.0,1.0,126,59.52,23.81,10.32,93.65
59.0,2.0,124,12.9,37.9,24.19,75.0
59.0,3.0,83,9.64,25.3,25.3,60.24
59.0,4.0,93,13.98,27.96,29.03,70.97
59.0,5.0,79,3.8,24.05,31.65,59.49
59.0,6.0,55,3.64,14.55,36.36,54.55
60.0,1.0,152,68.42,18.42,7.89,94.74
60.0,2.0,107,21.5,38.32,21.5,81.31
60.0,3.0,111,9.01,37.84,28.83,75.68
60.0,4.0,108,14.81,22.22,32.41,69.44
60.0,5.0,94,5.32,27.66,32.98,65.96
60.0,6.0,54,1.85,27.78,35.19,64.81
61.0,1.0,112,70.54,16.96,8.04,95.54
61.0,2.0,112,15.18,27.68,25.0,67.86
61.0,3.0,98,14.29,37.76,23.47,75.51
61.0,4.0,95,7.37,28.42,31.58,67.37
61.0,5.0,92,6.52,21.74,31.52,59.78
61.0,6.0,53,3.77,11.32,30.19,45.28
62.0,1.0,160,70.0,18.75,5.62,94.38
62.0,2.0,116,20.69,40.52,17.24,78.45
62.0,3.0,138,19.57,30.43,28.26,78.26
62.0,4.0,102,13.73,24.51,28.43,66.67
62.0,5.0,86,6.98,18.6,38.37,63.95
62.0,6.0,53,0.0,20.75,39.62,60.38
63.0,1.0,122,68.85,13.11,10.66,92.62
63.0,2.0,116,19.83,35.34,25.86,81.03
63.0,3.0,117,15.38,30.77,23.93,70.09
63.0,4.0,118,11.02,24.58,23.73,59.32
63.0,5.0,81,7.41,18.52,29.63,55.56
63.0,6.0,61,4.92,8.2,34.43,47.54
64.0,1.0,123,60.16,21.14,9.76,91.06
64.0,2.0,96,16.67,30.21,30.21,77.08
64.0,3.0,103,6.8,32.04,30.1,68.93
64.0,4.0,93,4.3,32.26,31.18,67.74
64.0,5.0,82,12.2,30.49,30.49,73.17
64.0,6.0,54,1.85,14.81,35.19,51.85
65.0,1.0,158,74.05,12.66,8.23,94.94
65.0,2.0,123,18.7,36.59,23.58,78.86
65.0,3.0,108,16.67,34.26,28.7,79.63
65.0,4.0,98,16.33,27.55,26.53,70.41
65.0,5.0,91,12.09,17.58,35.16,64.84
65.0,6.0,53,1.89,16.98,43.4,62.26
66.0,1.0,153,75.82,16.34,3.92,96.08
66.0,2.0,140,20.0,25.71,29.29,75.0
66.0,3.0,128,14.84,31.25,35.94,82.03
66.0,4.0,116,8.62,26.72,31.03,66.38
66.0,5.0,99,6.06,22.22,32.32,60.61
66.0,6.0,77,6.49,14.29,25.97,46.75
67.0,1.0,136,66.18,16.18,11.76,94.12
67.0,2.0,105,16.19,39.05,23.81,79.05
67.0,3.0,96,16.67,29.17,22.92,68.75
67.0,4.0,72,16.67,19.44,41.67,77.78
67.0,5.0,100,4.0,29.0,29.0,62.0
67.0,6.0,52,5.77,15.38,38.46,59.62
68.0,1.0,135,64.44,18.52,8.89,91.85
68.0,2.0,123,12.2,39.02,20.33,71.54
68.0,3.0,113,14.16,28.32,30.97,73.45
68.0,4.0,95,8.42,31.58,35.79,75.79
68.0,5.0,77,10.39,18.18,22.08,50.65
68.0,6.0,53,1.89,9.43,39.62,50.94
69.0,1.0,147,60.54,19.73,14.97,95.24
69.0,2.0,127,20.47,29.13,26.77,76.38
69.0,3.0,116,17.24,31.9,30.17,79.31
69.0,4.0,107,14.95,28.97,33.64,77.57
69.0,5.0,87,10.34,16.09,25.29,51.72
69.0,6.0,58,5.17,13.79,34.48,53.45
70.0,1.0,145,71.72,10.34,11.03,93.1
70.0,2.0,117,11.97,38.46,24.79,75.21
70.0,3.0,109,15.6,33.03,27.52,76.15
70.0,4.0,104,12.5,26.92,33.65,73.08
70.0,5.0,73,12.33,16.44,27.4,56.16
70.0,6.0,65,4.62,12.31,24.62,41.54
71.0,1.0,129,69.77,17.05,6.98,93.8
71.0,2.0,99,18.18,25.25,31.31,74.75
71.0,3.0,116,9.48,29.31,39.66,78.45
71.0,4.0,112,16.07,21.43,31.25,68.75
71.0,5.0,83,6.02,13.25,39.76,59.04
71.0,6.0,75,5.33,12.0,40.0,57.33
72.0,1.0,114,76.32,11.4,5.26,92.98
72.0,2.0,79,13.92,35.44,20.25,69.62
72.0,3.0,85,20.0,29.41,27.06,76.47
72.0,4.0,84,10.71,28.57,19.05,58.33
72.0,5.0,67,1.49,28.36,38.81,68.66
72.0,6.0,56,0.0,16.07,48.21,64.29
73.0,1.0,120,66.67,15.83,8.33,90.83
73.0,2.0,114,14.91,36.84,32.46,84.21
73.0,3.0,108,11.11,39.81,21.3,72.22
73.0,4.0,103,7.77,28.16,34.95,70.87
73.0,5.0,93,3.23,23.66,29.03,55.91
73.0,6.0,45,0.0,13.33,33.33,46.67
74.0,1.0,126,69.84,16.67,7.94,94.44
74.0,2.0,95,20.0,31.58,20.0,71.58
74.0,3.0,109,15.6,42.2,20.18,77.98
74.0,4.0,95,17.89,22.11,21.05,61.05
74.0,5.0,89,10.11,21.35,40.45,71.91
74.0,6.0,72,2.78,12.5,37.5,52.78
75.0,1.0,107,70.09,20.56,5.61,96.26
75.0,2.0,89,13.48,38.2,20.22,71.91
75.0,3.0,92,16.3,36.96,22.83,76.09
75.0,4.0,83,10.84,21.69,43.37,75.9
75.0,5.0,79,7.59,17.72,34.18,59.49
75.0,6.0,44,4.55,15.91,27.27,47.73
76.0,1.0,140,74.29,15.0,7.14,96.43
76.0,2.0,107,17.76,28.04,33.64,79.44
76.0,3.0,110,8.18,42.73,21.82,72.73
76.0,4.0,87,19.54,21.84,33.33,74.71
76.0,5.0,91,8.79,25.27,26.37,60.44
76.0,6.0,48,6.25,14.58,27.08,47.92
77.0,1.0,4,75.0,0.0,25.0,100.0
77.0,2.0,4,25.0,50.0,0.0,75.0
77.0,3.0,3,0.0,0.0,33.33,33.33
77.0,4.0,5,20.0,0.0,20.0,40.0
77.0,5.0,2,0.0,50.0,50.0,100.0
77.0,6.0,1,0.0,0.0,100.0,100.0
78.0,1.0,12,83.33,8.33,8.33,100.0
78.0,2.0,7,14.29,42.86,28.57,85.71
78.0,3.0,8,0.0,12.5,62.5,75.0
78.0,4.0,8,25.0,50.0,25.0,100.0
78.0,5.0,3,33.33,0.0,33.33,66.67
78.0,6.0,3,0.0,33.33,33.33,66.67
79.0,1.0,13,69.23,15.38,15.38,100.0
79.0,2.0,12,25.0,33.33,16.67,75.0
79.0,3.0,16,43.75,31.25,18.75,93.75
79.0,4.0,9,11.11,22.22,44.44,77.78
79.0,5.0,12,8.33,16.67,25.0,50.0
79.0,6.0,5,20.0,20.0,40.0,80.0
81.0,1.0,10,30.0,10.0,30.0,70.0
81.0,2.0,9,11.11,0.0,33.33,44.44
81.0,3.0,8,12.5,12.5,37.5,62.5
81.0,4.0,9,33.33,11.11,22.22,66.67
81.0,5.0,7,0.0,0.0,57.14,57.14
81.0,6.0,3,0.0,0.0,33.33,33.33
unknown,1,732,0.0,0.0,0.0,0.0
unknown,2,2420,0.0,0.0,0.0,0.0
unknown,3,2649,0.0,0.0,0.0,0.0
unknown,4,3304,0.0,0.0,0.0,0.0
unknown,5,4357,0.0,0.0,0.0,0.0
unknown,6,5368,0.0,0.0,0.0,0.0
