motor_no,n,win_rate,top2_rate,top3_rate,avg_exhibition_time,avg_start_timing,avg_motor_2ren_rate,avg_motor_3ren_rate,nige_rate,sashi_rate,makuri_rate,makurizashi_rate,deashi_score,nobi_score,mawariashi_score,motor_type,sample_reliability
11,939,0.17252396166134185,0.3343982960596379,0.5090521831735889,6.808785942492013,0.1659105431309904,,,0.0,0.0,0.0,0.0,0.13375931842385516,0.20362087326943556,0.17816826411075612,伸び型,1.0
12,871,0.16303099885189437,0.3168771526980482,0.4902411021814007,6.825579793340987,0.16489092996555685,,,0.0,0.0,0.0,0.0,0.1267508610792193,0.19609644087256028,0.17158438576349025,伸び型,1.0
13,942,0.15074309978768577,0.351380042462845,0.5276008492569002,6.816401273885351,0.15895966029723993,,,0.0,0.0,0.0,0.0,0.140552016985138,0.2110403397027601,0.18466029723991506,伸び型,1.0
14,950,0.13789473684210526,0.3336842105263158,0.5094736842105263,6.813536842105263,0.16657894736842105,,,0.0,0.0,0.0,0.0,0.13347368421052633,0.20378947368421052,0.1783157894736842,伸び型,1.0
15,876,0.14269406392694065,0.3013698630136986,0.4600456621004566,6.827888127853881,0.16518264840182648,,,0.0,0.0,0.0,0.0,0.12054794520547946,0.18401826484018266,0.1610159817351598,伸び型,1.0
16,956,0.18828451882845187,0.350418410041841,0.5010460251046025,6.808127615062761,0.16286610878661087,,,0.0,0.0,0.0,0.0,0.1401673640167364,0.20041841004184102,0.17536610878661085,伸び型,1.0
17,909,0.18921892189218922,0.3696369636963696,0.5401540154015402,6.80931793179318,0.1625962596259626,,,0.0,0.0,0.0,0.0,0.14785478547854786,0.2160616061606161,0.18905390539053904,伸び型,1.0
18,945,0.16296296296296298,0.3164021164021164,0.48994708994708996,6.805111111111111,0.16785185185185186,,,0.0,0.0,0.0,0.0,0.12656084656084657,0.195978835978836,0.17148148148148148,伸び型,1.0
19,919,0.191512513601741,0.3797606093579978,0.5342763873775843,6.8112513601741025,0.16409140369967357,,,0.0,0.0,0.0,0.0,0.15190424374319914,0.21371055495103375,0.1869967355821545,伸び型,1.0
20,931,0.18045112781954886,0.3523093447905478,0.5080558539205156,6.806756176154672,0.1658109559613319,,,0.0,0.0,0.0,0.0,0.14092373791621912,0.20322234156820623,0.17781954887218043,伸び型,1.0
21,897,0.1505016722408027,0.3311036789297659,0.5027870680044593,6.815986622073578,0.1643924191750279,,,0.0,0.0,0.0,0.0,0.13244147157190636,0.20111482720178372,0.17597547380156073,伸び型,1.0
22,913,0.13910186199342825,0.3198247535596933,0.4939759036144578,6.816812705366922,0.1629353778751369,,,0.0,0.0,0.0,0.0,0.12792990142387733,0.19759036144578312,0.17289156626506022,伸び型,1.0
23,941,0.14240170031880978,0.30818278427205104,0.5015940488841658,6.815154091392136,0.16885228480340064,,,0.0,0.0,0.0,0.0,0.12327311370882042,0.20063761955366632,0.17555791710945803,伸び型,1.0
24,843,0.16370106761565836,0.3155397390272835,0.4887307236061684,6.821767497034401,0.1717437722419929,,,0.0,0.0,0.0,0.0,0.1262158956109134,0.19549228944246738,0.17105575326215894,伸び型,1.0
25,873,0.14776632302405499,0.3024054982817869,0.4753722794959908,6.811179839633447,0.16065292096219932,,,0.0,0.0,0.0,0.0,0.12096219931271478,0.19014891179839633,0.16638029782359678,伸び型,1.0
26,824,0.15169902912621358,0.3131067961165049,0.4842233009708738,6.816347087378641,0.1659101941747573,,,0.0,0.0,0.0,0.0,0.12524271844660195,0.19368932038834952,0.1694781553398058,伸び型,1.0
27,817,0.1554467564259486,0.3072215422276622,0.4638922888616891,6.831615667074664,0.16533659730722156,,,0.0,0.0,0.0,0.0,0.12288861689106488,0.18555691554467565,0.16236230110159117,伸び型,1.0
28,922,0.18112798264642083,0.3644251626898048,0.5216919739696312,6.815650759219088,0.16129067245119308,,,0.0,0.0,0.0,0.0,0.1457700650759219,0.2086767895878525,0.1825921908893709,伸び型,1.0
29,819,0.14163614163614163,0.29181929181929184,0.4554334554334554,6.812454212454212,0.16704517704517705,,,0.0,0.0,0.0,0.0,0.11672771672771674,0.1821733821733822,0.1594017094017094,伸び型,1.0
30,801,0.15106117353308365,0.3096129837702871,0.4893882646691635,6.821585518102372,0.16988764044943822,,,0.0,0.0,0.0,0.0,0.12384519350811485,0.19575530586766543,0.1712858926342072,伸び型,1.0
31,945,0.1746031746031746,0.3576719576719577,0.5312169312169313,6.799756613756614,0.1626137566137566,,,0.0,0.0,0.0,0.0,0.1430687830687831,0.2124867724867725,0.18592592592592594,伸び型,1.0
32,924,0.21753246753246752,0.37012987012987014,0.5248917748917749,6.815800865800866,0.16050865800865802,,,0.0,0.0,0.0,0.0,0.14805194805194807,0.20995670995670995,0.1837121212121212,伸び型,1.0
33,940,0.18404255319148935,0.3276595744680851,0.4968085106382979,6.800797872340426,0.16795744680851063,,,0.0,0.0,0.0,0.0,0.13106382978723405,0.19872340425531917,0.17388297872340425,伸び型,1.0
34,901,0.1709211986681465,0.3462819089900111,0.5083240843507214,6.818512763596004,0.16583795782463928,,,0.0,0.0,0.0,0.0,0.13851276359600445,0.20332963374028856,0.1779134295227525,伸び型,1.0
35,901,0.146503884572697,0.32852386237513875,0.5094339622641509,6.8082463928967805,0.16472807991120977,,,0.0,0.0,0.0,0.0,0.1314095449500555,0.2037735849056604,0.17830188679245282,伸び型,1.0
36,931,0.21267454350161116,0.3995703544575725,0.5886143931256713,6.792738990332976,0.1612781954887218,,,0.0,0.0,0.0,0.0,0.159828141783029,0.23544575725026853,0.20601503759398496,伸び型,1.0
37,857,0.16569428238039674,0.3162193698949825,0.456242707117853,6.822812135355893,0.161610268378063,,,0.0,0.0,0.0,0.0,0.126487747957993,0.1824970828471412,0.15968494749124854,伸び型,1.0
38,890,0.149438202247191,0.3146067415730337,0.46741573033707867,6.808494382022472,0.16614606741573035,,,0.0,0.0,0.0,0.0,0.1258426966292135,0.18696629213483149,0.16359550561797753,伸び型,1.0
39,859,0.16065192083818394,0.32363213038416766,0.5087310826542492,6.8185681024447025,0.1651455180442375,,,0.0,0.0,0.0,0.0,0.12945285215366706,0.20349243306169967,0.1780558789289872,伸び型,1.0
40,954,0.16247379454926625,0.34067085953878407,0.4989517819706499,6.806184486373166,0.16689727463312368,,,0.0,0.0,0.0,0.0,0.13626834381551364,0.19958071278825995,0.17463312368972744,伸び型,1.0
41,930,0.15591397849462366,0.35053763440860214,0.5258064516129032,6.810043010752688,0.16654838709677422,,,0.0,0.0,0.0,0.0,0.14021505376344087,0.2103225806451613,0.1840322580645161,伸び型,1.0
42,896,0.16629464285714285,0.32700892857142855,0.49888392857142855,6.817522321428571,0.16912946428571426,,,0.0,0.0,0.0,0.0,0.13080357142857144,0.19955357142857144,0.17460937499999998,伸び型,1.0
43,881,0.18274687854710556,0.3654937570942111,0.5096481271282634,6.813802497162316,0.1672077185017026,,,0.0,0.0,0.0,0.0,0.14619750283768446,0.20385925085130535,0.17837684449489216,伸び型,1.0
44,942,0.18789808917197454,0.3673036093418259,0.5148619957537155,6.804681528662421,0.1619851380042463,,,0.0,0.0,0.0,0.0,0.14692144373673036,0.2059447983014862,0.1802016985138004,伸び型,1.0
45,892,0.17713004484304934,0.35201793721973096,0.5112107623318386,6.807410313901346,0.16446188340807175,,,0.0,0.0,0.0,0.0,0.14080717488789238,0.20448430493273545,0.1789237668161435,伸び型,1.0
46,872,0.16857798165137614,0.3555045871559633,0.536697247706422,6.805630733944954,0.16503440366972477,,,0.0,0.0,0.0,0.0,0.14220183486238533,0.21467889908256882,0.1878440366972477,伸び型,1.0
47,920,0.175,0.35543478260869565,0.5043478260869565,6.8020760869565216,0.16331521739130433,,,0.0,0.0,0.0,0.0,0.14217391304347826,0.20173913043478262,0.17652173913043476,伸び型,1.0
48,824,0.15776699029126215,0.3179611650485437,0.48058252427184467,6.814842233009709,0.1609344660194175,,,0.0,0.0,0.0,0.0,0.1271844660194175,0.19223300970873788,0.16820388349514562,伸び型,1.0
49,886,0.18961625282167044,0.3690744920993228,0.5338600451467269,6.812528216704289,0.16469525959367945,,,0.0,0.0,0.0,0.0,0.14762979683972913,0.21354401805869078,0.1868510158013544,伸び型,1.0
50,880,0.17954545454545454,0.33295454545454545,0.4818181818181818,6.819045454545455,0.1635568181818182,,,0.0,0.0,0.0,0.0,0.13318181818181818,0.19272727272727275,0.1686363636363636,伸び型,1.0
51,900,0.16111111111111112,0.3233333333333333,0.5055555555555555,6.806577777777778,0.1641,,,0.0,0.0,0.0,0.0,0.12933333333333333,0.20222222222222222,0.17694444444444443,伸び型,1.0
52,929,0.1797631862217438,0.35306781485468247,0.5231431646932185,6.811969860064585,0.1628740581270183,,,0.0,0.0,0.0,0.0,0.141227125941873,0.20925726587728743,0.18310010764262646,伸び型,1.0
53,934,0.16595289079229122,0.3297644539614561,0.5149892933618844,6.807558886509637,0.1701713062098501,,,0.0,0.0,0.0,0.0,0.13190578158458244,0.20599571734475375,0.18024625267665953,伸び型,1.0
54,961,0.16649323621227888,0.32049947970863685,0.5067637877211238,6.815587929240374,0.16298647242455774,,,0.0,0.0,0.0,0.0,0.12819979188345473,0.20270551508844956,0.17736732570239333,伸び型,1.0
55,965,0.1616580310880829,0.33264248704663213,0.5191709844559586,6.80041450777202,0.16560621761658031,,,0.0,0.0,0.0,0.0,0.13305699481865285,0.20766839378238344,0.18170984455958547,伸び型,1.0
56,914,0.23413566739606126,0.4048140043763676,0.5557986870897156,6.811236323851204,0.16145514223194748,,,0.0,0.0,0.0,0.0,0.16192560175054704,0.22231947483588624,0.19452954048140045,伸び型,1.0
57,933,0.19185423365487675,0.3837084673097535,0.5562700964630225,6.806323687031083,0.16158628081457663,,,0.0,0.0,0.0,0.0,0.1534833869239014,0.222508038585209,0.19469453376205786,伸び型,1.0
58,832,0.13701923076923078,0.2764423076923077,0.45072115384615385,6.821442307692307,0.17026442307692308,,,0.0,0.0,0.0,0.0,0.11057692307692309,0.18028846153846156,0.15775240384615383,伸び型,1.0
59,958,0.1826722338204593,0.33924843423799583,0.4989561586638831,6.813016701461378,0.16258872651356993,,,0.0,0.0,0.0,0.0,0.13569937369519833,0.19958246346555325,0.17463465553235907,伸び型,1.0
60,852,0.13615023474178403,0.3039906103286385,0.4859154929577465,6.817769953051643,0.16760563380281693,,,0.0,0.0,0.0,0.0,0.12159624413145541,0.1943661971830986,0.17007042253521126,伸び型,1.0
61,899,0.1668520578420467,0.3259176863181313,0.5172413793103449,6.809844271412681,0.16776418242491656,,,0.0,0.0,0.0,0.0,0.13036707452725252,0.20689655172413796,0.1810344827586207,伸び型,1.0
62,888,0.15990990990990991,0.34459459459459457,0.5157657657657657,6.820078828828828,0.16783783783783782,,,0.0,0.0,0.0,0.0,0.13783783783783785,0.2063063063063063,0.18051801801801798,伸び型,1.0
63,880,0.17727272727272728,0.3397727272727273,0.5386363636363637,6.8137159090909085,0.16465909090909092,,,0.0,0.0,0.0,0.0,0.13590909090909092,0.21545454545454548,0.1885227272727273,伸び型,1.0
64,919,0.18171926006528835,0.32752992383025026,0.5048966267682263,6.811893362350381,0.16524483133841134,,,0.0,0.0,0.0,0.0,0.13101196953210012,0.20195865070729055,0.1767138193688792,伸び型,1.0
65,873,0.19014891179839633,0.36769759450171824,0.54524627720504,6.807605956471936,0.1645475372279496,,,0.0,0.0,0.0,0.0,0.1470790378006873,0.21809851088201604,0.190836197021764,伸び型,1.0
66,929,0.17007534983853606,0.3595263724434876,0.5231431646932185,6.816167922497309,0.16254036598493002,,,0.0,0.0,0.0,0.0,0.14381054897739506,0.20925726587728743,0.18310010764262646,伸び型,1.0
67,903,0.16279069767441862,0.3266888150609081,0.4806201550387597,6.811506090808416,0.16573643410852712,,,0.0,0.0,0.0,0.0,0.13067552602436325,0.1922480620155039,0.1682170542635659,伸び型,1.0
68,687,0.18631732168850074,0.3522561863173217,0.537117903930131,6.807379912663755,0.1598981077147016,,,0.0,0.0,0.0,0.0,0.1409024745269287,0.21484716157205241,0.18799126637554586,伸び型,1.0
69,667,0.17841079460269865,0.32983508245877063,0.48575712143928035,6.8137781109445275,0.15937031484257871,,,0.0,0.0,0.0,0.0,0.13193403298350825,0.19430284857571214,0.1700149925037481,伸び型,1.0
70,704,0.171875,0.32670454545454547,0.5113636363636364,6.806718750000001,0.16430397727272728,,,0.0,0.0,0.0,0.0,0.1306818181818182,0.20454545454545456,0.1789772727272727,伸び型,1.0
71,702,0.1866096866096866,0.3646723646723647,0.5185185185185185,6.805270655270656,0.15975783475783475,,,0.0,0.0,0.0,0.0,0.1458689458689459,0.2074074074074074,0.18148148148148147,伸び型,1.0
72,712,0.15168539325842698,0.34831460674157305,0.5365168539325843,6.798904494382022,0.1680056179775281,,,0.0,0.0,0.0,0.0,0.13932584269662923,0.21460674157303372,0.1877808988764045,伸び型,1.0
73,618,0.15857605177993528,0.30258899676375406,0.44983818770226536,6.817038834951457,0.15954692556634306,,,0.0,0.0,0.0,0.0,0.12103559870550162,0.17993527508090615,0.15744336569579287,伸び型,1.0
74,232,0.10344827586206896,0.25862068965517243,0.41379310344827586,6.842629310344828,0.17262931034482756,,,0.0,0.0,0.0,0.0,0.10344827586206898,0.16551724137931034,0.14482758620689654,伸び型,0.955131090989278
75,235,0.14468085106382977,0.3021276595744681,0.4425531914893617,6.838170212765958,0.17812765957446808,,,0.0,0.0,0.0,0.0,0.12085106382978723,0.17702127659574468,0.15489361702127658,伸び型,0.9573727423445936
