player_id,player_name,player_type,primary_course,starts,top3_rate,top3_vs_course_avg,course_strength,reliability
3072.0,西　田　　　　靖,イン安定型,1,28,78.57,3.17,得意,A
3978.0,齊　藤　　　　仁,2コース差し/残り型,2,26,80.77,22.13,得意,A
3227.0,長　岡　　茂　一,4カド攻撃型,4,6,66.67,17.7,得意,C
3534.0,野　澤　　大　二,4カド攻撃型,4,7,71.43,22.46,得意,C
4128.0,川　口　　貴　久,イン安定型,1,10,80.0,4.6,得意,B
4140.0,梶　野　　学　志,4カド攻撃型,4,19,73.68,24.71,得意,B
3805.0,高　橋　　英　之,4カド攻撃型,4,18,55.56,6.59,やや得意,B
4792.0,杉　村　　賢　也,イン安定型,1,12,66.67,-8.73,得意,B
4734.0,安河内　　　　将,標準/要当日展示,6,6,83.33,51.3,得意,C
4086.0,寺　本　　重　宣,4カド攻撃型,4,9,88.89,39.92,得意,C
3090.0,土　屋　　　　昭,標準/要当日展示,3,4,75.0,22.2,少数参考,参考
3524.0,小　林　　大　輔,標準/要当日展示,1,3,100.0,24.6,少数参考,参考
4807.0,岡　　　　悠　平,標準/要当日展示,5,6,16.67,-20.45,苦手,C
4145.0,小　澤　　　　学,標準/要当日展示,6,11,36.36,4.33,やや得意,B
3293.0,宮　内　　由紀英,標準/要当日展示,4,18,50.0,1.03,標準,B
3488.0,柳　田　　英　明,4カド攻撃型,4,5,100.0,51.03,得意,C
4083.0,福　島　　勇　樹,2コース差し/残り型,2,19,68.42,9.78,得意,B
4152.0,深　水　　慎一郎,2コース差し/残り型,2,21,66.67,8.03,得意,A
3911.0,鈴　木　　　　猛,イン安定型,1,24,83.33,7.93,得意,A
3800.0,牧　　　　宏　次,2コース差し/残り型,2,11,81.82,23.18,得意,B
3505.0,山　田　　竜　一,2コース差し/残り型,2,29,72.41,13.77,得意,A
4676.0,後　藤　　隼　之,2コース差し/残り型,2,13,69.23,10.59,得意,B
3277.0,齋　藤　　　　勇,5コース残り型,5,12,50.0,12.88,得意,B
4759.0,今　泉　　友　吾,4カド攻撃型,4,33,72.73,23.76,得意,A
4077.0,品　田　　直　樹,4カド攻撃型,4,18,55.56,6.59,やや得意,B
4104.0,木　下　　陽　介,2コース差し/残り型,2,16,62.5,3.86,得意,B
4430.0,永　田　　秀　二,2コース差し/残り型,2,14,71.43,12.79,得意,B
3236.0,田　上　　晋　六,標準/要当日展示,3,3,100.0,47.2,少数参考,参考
4075.0,中　野　　次　郎,2コース差し/残り型,2,18,77.78,19.14,得意,B
4535.0,北　山　　康　介,5コース残り型,5,7,42.86,5.74,やや得意,C
3812.0,山　崎　　聖　司,標準/要当日展示,5,10,30.0,-7.12,標準,B
3902.0,蜷　川　　哲　平,2コース差し/残り型,2,12,66.67,8.03,得意,B
3940.0,飯　山　　　　泰,2コース差し/残り型,2,25,72.0,13.36,得意,A
4059.0,入　澤　　友　治,2コース差し/残り型,2,14,64.29,5.65,得意,B
3202.0,三　品　　隆　浩,イン安定型,1,27,88.89,13.49,得意,A
3590.0,濱野谷　　憲　吾,2コース差し/残り型,2,23,78.26,19.62,得意,A
4748.0,渡　邉　　雄　朗,2コース差し/残り型,2,10,80.0,21.36,得意,B
3857.0,阿　波　　勝　哉,5コース残り型,5,59,49.15,12.03,得意,A
4134.0,杉　山　　貴　博,2コース差し/残り型,2,10,80.0,21.36,得意,B
3656.0,伯　母　　芳　恒,イン安定型,1,15,80.0,4.6,得意,B
3440.0,大　西　　源　喜,標準/要当日展示,2,4,75.0,16.36,少数参考,参考
3138.0,椎　名　　政　浩,標準/要当日展示,2,3,66.67,8.03,少数参考,参考
4617.0,若　林　　　　友,標準/要当日展示,2,3,0.0,-58.64,少数参考,参考
4606.0,喜　川　　照　正,標準/要当日展示,5,4,25.0,-12.12,少数参考,参考
3997.0,北　村　　征　嗣,2コース差し/残り型,2,13,76.92,18.28,得意,B
3407.0,道　見　　数　成,標準/要当日展示,3,5,60.0,7.2,やや得意,C
4613.0,竹　内　　吉　弘,標準/要当日展示,5,3,0.0,-37.12,少数参考,参考
3370.0,坪　内　　　　実,標準/要当日展示,1,4,100.0,24.6,少数参考,参考
4022.0,待　鳥　　雄　紀,5コース残り型,5,11,54.55,17.43,得意,B
3417.0,河　相　　秀　行,標準/要当日展示,4,3,100.0,51.03,少数参考,参考
4515.0,藤　田　　浩　人,イン安定型,1,10,90.0,14.6,得意,B
4438.0,森　作　　雄　大,2コース差し/残り型,2,18,66.67,8.03,得意,B
4366.0,前　沢　　丈　史,2コース差し/残り型,2,21,66.67,8.03,得意,A
4389.0,伊　藤　　喜　智,4カド攻撃型,4,6,66.67,17.7,得意,C
3161.0,古　場　　輝　義,2コース差し/残り型,2,10,70.0,11.36,得意,B
4575.0,戸　塚　　邦　好,4カド攻撃型,4,13,61.54,12.57,得意,B
4136.0,江　夏　　　　満,4カド攻撃型,4,9,66.67,17.7,得意,C
3664.0,鈴　木　　賢　一,イン安定型,1,10,80.0,4.6,得意,B
4033.0,伊　藤　　将　吉,2コース差し/残り型,2,5,80.0,21.36,得意,C
4619.0,伏　田　　裕　隆,4カド攻撃型,4,20,60.0,11.03,得意,A
4423.0,坂　口　　貴　彦,2コース差し/残り型,2,10,70.0,11.36,得意,B
4531.0,武　富　　智　亮,5コース残り型,5,7,57.14,20.02,得意,C
4131.0,原　　　　豊　土,イン安定型,1,7,100.0,24.6,得意,C
4235.0,進　藤　　　　侑,標準/要当日展示,3,4,75.0,22.2,少数参考,参考
3792.0,田　中　　　　豪,4カド攻撃型,4,22,59.09,10.12,得意,A
3313.0,本　吉　　正　樹,標準/要当日展示,2,15,60.0,1.36,標準,B
3441.0,土　屋　　太　朗,2コース差し/残り型,2,15,73.33,14.69,得意,B
3708.0,岡　部　　貴　司,標準/要当日展示,3,4,75.0,22.2,少数参考,参考
4151.0,下　河　　誉　史,標準/要当日展示,6,4,100.0,67.97,少数参考,参考
4143.0,浦　田　　晃　嗣,2コース差し/残り型,2,6,66.67,8.03,得意,C
3256.0,三　角　　哲　男,2コース差し/残り型,2,22,81.82,23.18,得意,A
3685.0,荒　井　　輝　年,標準/要当日展示,4,3,100.0,51.03,少数参考,参考
4150.0,山　田　　雄　太,4カド攻撃型,4,8,62.5,13.53,得意,C
3233.0,小　畑　　実　成,イン安定型,1,5,80.0,4.6,得意,C
3460.0,堤　　　　健　一,4カド攻撃型,4,5,60.0,11.03,得意,C
4509.0,平　見　　真　彦,2コース差し/残り型,2,5,80.0,21.36,得意,C
3851.0,森　田　　昭　彦,標準/要当日展示,3,3,33.33,-19.47,少数参考,参考
4314.0,青　木　　幸太郎,2コース差し/残り型,2,5,80.0,21.36,得意,C
4324.0,海　野　　康志郎,標準/要当日展示,5,3,66.67,29.55,少数参考,参考
4527.0,高　野　　心　吾,2コース差し/残り型,2,6,66.67,8.03,得意,C
3409.0,三　好　　　　一,標準/要当日展示,3,6,83.33,30.53,得意,C
4265.0,村　上　　祐　次,標準/要当日展示,5,4,75.0,37.88,少数参考,参考
4696.0,齋　藤　　竜　次,標準/要当日展示,6,4,25.0,-7.03,少数参考,参考
4840.0,鈴　木　　秀　茉,イン安定型,1,8,75.0,-0.4,得意,C
3648.0,原　田　　通　雅,標準/要当日展示,3,7,71.43,18.63,得意,C
3433.0,諏　訪　　忠　宏,標準/要当日展示,5,3,66.67,29.55,少数参考,参考
3496.0,赤　坂　　　　等,4カド攻撃型,4,6,83.33,34.36,得意,C
3784.0,中　島　　友　和,標準/要当日展示,3,3,100.0,47.2,少数参考,参考
4815.0,伏　島　　祐　介,標準/要当日展示,3,6,83.33,30.53,得意,C
4031.0,飯　島　　　　誠,5コース残り型,5,7,57.14,20.02,得意,C
2878.0,富　山　　弘　幸,2コース差し/残り型,2,11,63.64,5.0,やや得意,B
3973.0,崎　　　　利　仁,イン安定型,1,5,80.0,4.6,得意,C
3990.0,芹　澤　　克　彦,イン安定型,1,11,63.64,-11.76,得意,B
3434.0,松　尾　　宣　邦,イン安定型,1,6,100.0,24.6,得意,C
4496.0,内　堀　　　　学,2コース差し/残り型,2,19,73.68,15.04,得意,B
3696.0,白　井　　友　晴,2コース差し/残り型,2,7,85.71,27.07,得意,C
4351.0,里　岡　　右　貴,4カド攻撃型,4,7,57.14,8.17,得意,C
3653.0,品　川　　賢　次,4カド攻撃型,4,13,53.85,4.88,やや得意,B
4043.0,桐　本　　康　臣,2コース差し/残り型,2,15,73.33,14.69,得意,B
4610.0,佐　藤　　大　佑,2コース差し/残り型,2,6,66.67,8.03,得意,C
3309.0,大　塚　　信　行,標準/要当日展示,2,3,33.33,-25.31,少数参考,参考
3630.0,黒　田　　誠　司,4カド攻撃型,4,7,57.14,8.17,得意,C
4073.0,大　橋　　純一郎,2コース差し/残り型,2,7,85.71,27.07,得意,C
4666.0,日　笠　　勝　弘,標準/要当日展示,6,4,25.0,-7.03,少数参考,参考
3542.0,清　水　　紀　克,標準/要当日展示,5,4,50.0,12.88,少数参考,参考
4318.0,桑　原　　将　光,2コース差し/残り型,2,11,63.64,5.0,やや得意,B
3502.0,渡　邉　　英　児,2コース差し/残り型,2,6,83.33,24.69,得意,C
4394.0,永　嶋　　裕　一,5コース残り型,5,7,42.86,5.74,やや得意,C
4233.0,亀　山　　雅　幸,2コース差し/残り型,2,8,75.0,16.36,得意,C
4513.0,河　野　　真　也,2コース差し/残り型,2,5,80.0,21.36,得意,C
3331.0,新　美　　恵　一,2コース差し/残り型,2,7,85.71,27.07,得意,C
4808.0,松　尾　　　　拓,4カド攻撃型,4,8,87.5,38.53,得意,C
4269.0,杉　山　　裕　也,2コース差し/残り型,2,7,85.71,27.07,得意,C
4092.0,岡　部　　大　輔,標準/要当日展示,2,4,75.0,16.36,少数参考,参考
3501.0,川　上　　昇　平,2コース差し/残り型,2,6,83.33,24.69,得意,C
4260.0,中　越　　博　紀,4カド攻撃型,4,8,75.0,26.03,得意,C
3151.0,落　合　　敬　一,標準/要当日展示,2,3,66.67,8.03,少数参考,参考
4718.0,北　川　　太　一,標準/要当日展示,1,4,100.0,24.6,少数参考,参考
3064.0,山　崎　　昭　生,標準/要当日展示,2,3,100.0,41.36,少数参考,参考
4688.0,永　井　　彪　也,2コース差し/残り型,2,12,66.67,8.03,得意,B
3463.0,乙　津　　康　志,4カド攻撃型,4,20,55.0,6.03,やや得意,A
4540.0,相　原　　利　章,4カド攻撃型,4,16,62.5,13.53,得意,B
4340.0,土　性　　雅　也,標準/要当日展示,4,4,50.0,1.03,少数参考,参考
4396.0,大　田　　直　弥,4カド攻撃型,4,12,58.33,9.36,得意,B
2504.0,國　浦　　英　徳,標準/要当日展示,5,4,50.0,12.88,少数参考,参考
4845.0,前　田　　紗　希,標準/要当日展示,4,4,100.0,51.03,少数参考,参考
3632.0,江　並　　浩　一,標準/要当日展示,1,3,66.67,-8.73,少数参考,参考
4319.0,三　宅　　　　潤,4カド攻撃型,4,6,66.67,17.7,得意,C
3225.0,松　村　　昌　子,標準/要当日展示,4,3,66.67,17.7,少数参考,参考
4708.0,半　田　　尚　也,4カド攻撃型,4,5,60.0,11.03,得意,C
3624.0,大　石　　和　彦,標準/要当日展示,6,5,40.0,7.97,やや得意,C
3605.0,中　村　　守　成,4カド攻撃型,4,5,80.0,31.03,得意,C
3747.0,國　崎　　良　春,2コース差し/残り型,2,8,62.5,3.86,得意,C
4133.0,高　橋　　正　男,5コース残り型,5,5,80.0,42.88,得意,C
4550.0,石　岡　　将　太,4カド攻撃型,4,5,60.0,11.03,得意,C
4232.0,笠　　　　雅　雄,標準/要当日展示,5,3,33.33,-3.79,少数参考,参考
4659.0,木　下　　翔　太,2コース差し/残り型,2,12,91.67,33.03,得意,B
3888.0,山　本　　英　志,2コース差し/残り型,2,14,64.29,5.65,得意,B
4315.0,山　崎　　昂　介,標準/要当日展示,4,3,100.0,51.03,少数参考,参考
4432.0,黄金井　　力　良,2コース差し/残り型,2,6,66.67,8.03,得意,C
3845.0,中　谷　　朋　子,2コース差し/残り型,2,9,88.89,30.25,得意,C
3650.0,太　田　　雅　美,標準/要当日展示,3,4,50.0,-2.8,少数参考,参考
2995.0,小神野　　紀代子,標準/要当日展示,6,4,50.0,17.97,少数参考,参考
3994.0,茶　谷　　　　桜,標準/要当日展示,2,10,60.0,1.36,標準,B
3579.0,中　里　　優　子,2コース差し/残り型,2,10,70.0,11.36,得意,B
4156.0,浜　野　　孝　志,2コース差し/残り型,2,12,83.33,24.69,得意,B
3895.0,堀　本　　裕　也,標準/要当日展示,1,6,66.67,-8.73,標準,C
4103.0,山　崎　　善　庸,標準/要当日展示,2,20,60.0,1.36,標準,A
4355.0,小　川　　広　大,標準/要当日展示,3,8,37.5,-15.3,苦手,C
4002.0,古　結　　　　宏,標準/要当日展示,4,3,100.0,51.03,少数参考,参考
3581.0,加　木　　　　郁,5コース残り型,5,5,60.0,22.88,得意,C
3736.0,岡　本　　　　猛,2コース差し/残り型,2,5,80.0,21.36,得意,C
4113.0,木　村　　浩　士,5コース残り型,5,9,44.44,7.32,やや得意,C
4393.0,田　中　　孝　明,標準/要当日展示,5,3,33.33,-3.79,少数参考,参考
4395.0,下　河　　雅　史,標準/要当日展示,2,4,75.0,16.36,少数参考,参考
4297.0,山　田　　哲　也,2コース差し/残り型,2,24,66.67,8.03,得意,A
3220.0,二　橋　　　　学,標準/要当日展示,1,4,75.0,-0.4,少数参考,参考
3342.0,藤　井　　勝　巳,標準/要当日展示,3,3,66.67,13.87,少数参考,参考
4413.0,水　摩　　　　敦,4カド攻撃型,4,5,80.0,31.03,得意,C
3906.0,飯　山　　晃　三,イン安定型,1,5,80.0,4.6,得意,C
4173.0,岡　谷　　健　吾,標準/要当日展示,2,3,100.0,41.36,少数参考,参考
3872.0,岡　田　　憲　行,4カド攻撃型,4,9,77.78,28.81,得意,C
4277.0,金　田　　大　輔,標準/要当日展示,4,4,50.0,1.03,少数参考,参考
4837.0,酒　井　　陽　祐,5コース残り型,5,8,50.0,12.88,得意,C
4615.0,板　倉　　敦　史,イン安定型,1,9,66.67,-8.73,得意,C
4057.0,松　井　　賢　治,5コース残り型,5,7,42.86,5.74,やや得意,C
4851.0,関　　　　浩　哉,2コース差し/残り型,2,6,100.0,41.36,得意,C
4006.0,小　野　　勇　作,2コース差し/残り型,2,5,80.0,21.36,得意,C
3647.0,伊　藤　　雄　二,2コース差し/残り型,2,11,72.73,14.09,得意,B
3956.0,横　澤　　剛　治,標準/要当日展示,3,3,100.0,47.2,少数参考,参考
4679.0,植　田　　太　一,5コース残り型,5,7,42.86,5.74,やや得意,C
3655.0,本　橋　　克　洋,標準/要当日展示,1,4,75.0,-0.4,少数参考,参考
3467.0,森　　　　弘　行,標準/要当日展示,4,15,40.0,-8.97,標準,B
4122.0,安　東　　幸　治,2コース差し/残り型,2,5,80.0,21.36,得意,C
4237.0,大　峯　　　　豊,5コース残り型,5,5,60.0,22.88,得意,C
4051.0,清　水　　敦　揮,標準/要当日展示,2,3,100.0,41.36,少数参考,参考
4053.0,芦　澤　　　　望,2コース差し/残り型,2,7,100.0,41.36,得意,C
4552.0,杉　山　　勝　匡,5コース残り型,5,5,60.0,22.88,得意,C
3768.0,飯　野　　秀　樹,標準/要当日展示,3,3,66.67,13.87,少数参考,参考
4639.0,雑　賀　　勇　貴,4カド攻撃型,4,6,83.33,34.36,得意,C
4203.0,小　倉　　康　典,標準/要当日展示,6,8,37.5,5.47,やや得意,C
4110.0,小　澤　　和　也,イン安定型,1,10,70.0,-5.4,得意,B
2528.0,新　井　　敏　司,2コース差し/残り型,2,6,66.67,8.03,得意,C
3519.0,冨　田　　秀　幸,5コース残り型,5,9,44.44,7.32,やや得意,C
3489.0,大　場　　　　敏,2コース差し/残り型,2,8,75.0,16.36,得意,C
3743.0,林　　　　美　憲,標準/要当日展示,2,3,100.0,41.36,少数参考,参考
4154.0,森　安　　弘　雅,5コース残り型,5,5,60.0,22.88,得意,C
3475.0,橋　本　　久　和,2コース差し/残り型,2,20,70.0,11.36,得意,A
4069.0,山　本　　修　一,標準/要当日展示,5,3,66.67,29.55,少数参考,参考
4379.0,桑　島　　和　宏,4カド攻撃型,4,13,61.54,12.57,得意,B
4422.0,永　井　　亮　次,標準/要当日展示,1,4,100.0,24.6,少数参考,参考
4064.0,原　田　　篤　志,4カド攻撃型,4,7,57.14,8.17,得意,C
4055.0,吉　田　　俊　彦,2コース差し/残り型,2,7,85.71,27.07,得意,C
4234.0,野　相　　弘　司,イン安定型,1,5,80.0,4.6,得意,C
3478.0,嶋　田　　貴　支,標準/要当日展示,2,3,66.67,8.03,少数参考,参考
4596.0,葛　原　　大　陽,4カド攻撃型,4,9,77.78,28.81,得意,C
4558.0,宮　野　　　　仁,標準/要当日展示,3,3,100.0,47.2,少数参考,参考
3727.0,新　井　　康　行,標準/要当日展示,2,3,33.33,-25.31,少数参考,参考
4361.0,柳　生　　泰　二,標準/要当日展示,3,4,100.0,47.2,少数参考,参考
4026.0,小　林　　　　晋,標準/要当日展示,5,3,0.0,-37.12,少数参考,参考
4329.0,小　松　　卓　司,標準/要当日展示,6,11,36.36,4.33,やや得意,B
3565.0,坂　本　　徳　克,イン安定型,1,14,64.29,-11.11,得意,B
4357.0,田　中　　和　也,2コース差し/残り型,2,6,66.67,8.03,得意,C
2596.0,館　野　　友　良,標準/要当日展示,6,3,33.33,1.3,少数参考,参考
4587.0,木　田　　峰由季,イン安定型,1,5,80.0,4.6,得意,C
3081.0,岡　本　　慎　治,2コース差し/残り型,2,6,66.67,8.03,得意,C
3868.0,尾　形　　栄　治,2コース差し/残り型,2,5,80.0,21.36,得意,C
4398.0,船　岡　　洋一郎,4カド攻撃型,4,13,53.85,4.88,やや得意,B
4306.0,畔　柳　　俊　吾,2コース差し/残り型,2,5,80.0,21.36,得意,C
3600.0,玄　馬　　　　徹,4カド攻撃型,4,5,60.0,11.03,得意,C
4100.0,松　田　　隆　司,イン安定型,1,5,80.0,4.6,やや得意,C
4278.0,藤　岡　　俊　介,2コース差し/残り型,2,10,80.0,21.36,得意,B
4096.0,石　橋　　道　友,2コース差し/残り型,2,6,100.0,41.36,得意,C
4382.0,高　山　　智　至,標準/要当日展示,2,4,100.0,41.36,少数参考,参考
3582.0,吉　川　　昭　男,5コース残り型,5,7,42.86,5.74,やや得意,C
3741.0,松　尾　　基　成,標準/要当日展示,6,3,33.33,1.3,少数参考,参考
3411.0,池　上　　隆　行,標準/要当日展示,4,4,75.0,26.03,少数参考,参考
2757.0,宮　内　　忠　志,標準/要当日展示,5,4,50.0,12.88,少数参考,参考
3921.0,川　村　　正　輝,標準/要当日展示,2,5,60.0,1.36,標準,C
4040.0,廣　瀬　　将　亨,標準/要当日展示,3,5,80.0,27.2,得意,C
4216.0,星　　　　栄　爾,4カド攻撃型,4,7,57.14,8.17,得意,C
4335.0,若　林　　　　将,2コース差し/残り型,2,17,76.47,17.83,得意,B
4523.0,中　村　　辰　也,4カド攻撃型,4,7,71.43,22.46,得意,C
4298.0,宮　下　　元　胤,2コース差し/残り型,2,11,81.82,23.18,得意,B
4012.0,中　村　　有　裕,2コース差し/残り型,2,8,75.0,16.36,得意,C
4095.0,福　来　　　　剛,2コース差し/残り型,2,20,70.0,11.36,得意,A
3105.0,内　山　　文　典,2コース差し/残り型,2,19,63.16,4.52,得意,B
3497.0,後　藤　　　　浩,4カド攻撃型,4,8,62.5,13.53,得意,C
3946.0,赤　岩　　善　生,標準/要当日展示,6,3,100.0,67.97,少数参考,参考
3424.0,松　浦　　　　努,標準/要当日展示,5,4,75.0,37.88,少数参考,参考
4044.0,湯　川　　浩　司,2コース差し/残り型,2,12,75.0,16.36,得意,B
4266.0,長　田　　頼　宗,2コース差し/残り型,2,18,88.89,30.25,得意,B
3942.0,寺　田　　　　祥,2コース差し/残り型,2,5,80.0,21.36,得意,C
4008.0,中　尾　　　　誠,標準/要当日展示,3,4,75.0,22.2,少数参考,参考
3984.0,坂　口　　　　周,2コース差し/残り型,2,8,100.0,41.36,得意,C
3436.0,柏　野　　幸　二,4カド攻撃型,4,5,60.0,11.03,得意,C
3983.0,須　藤　　博　倫,4カド攻撃型,4,13,53.85,4.88,やや得意,B
3854.0,吉　川　　元　浩,4カド攻撃型,4,10,70.0,21.03,得意,B
4295.0,小　坂　　尚　哉,2コース差し/残り型,2,5,80.0,21.36,得意,C
3679.0,飯　島　　昌　弘,2コース差し/残り型,2,15,86.67,28.03,得意,B
3473.0,石　川　　真　二,4カド攻撃型,4,9,55.56,6.59,やや得意,C
3563.0,堤　　　　　　昇,5コース残り型,5,8,62.5,25.38,得意,C
3613.0,角　谷　　健　吾,2コース差し/残り型,2,21,71.43,12.79,得意,A
3557.0,太　田　　和　美,イン安定型,1,5,100.0,24.6,得意,C
3499.0,市　川　　哲　也,イン安定型,1,5,80.0,4.6,得意,C
4227.0,安　達　　裕　樹,4カド攻撃型,4,5,60.0,11.03,得意,C
4287.0,今　井　　貴　士,2コース差し/残り型,2,9,88.89,30.25,得意,C
3995.0,重　野　　哲　之,2コース差し/残り型,2,11,63.64,5.0,やや得意,B
3054.0,北　川　　幸　典,4カド攻撃型,4,8,62.5,13.53,得意,C
3388.0,今　垣　　光太郎,4カド攻撃型,4,11,54.55,5.58,やや得意,B
3716.0,石　渡　　鉄　兵,4カド攻撃型,4,14,71.43,22.46,得意,B
4030.0,森　高　　一　真,2コース差し/残り型,2,6,83.33,24.69,得意,C
3959.0,坪　井　　康　晴,2コース差し/残り型,2,7,71.43,12.79,得意,C
4236.0,松　村　　　　敏,2コース差し/残り型,2,6,100.0,41.36,得意,C
4177.0,萬　　　　正　嗣,2コース差し/残り型,2,11,72.73,14.09,得意,B
3737.0,上　平　　真　二,4カド攻撃型,4,6,83.33,34.36,得意,C
4608.0,荒　井　　翔　伍,2コース差し/残り型,2,17,76.47,17.83,得意,B
4539.0,金　子　　賢　志,4カド攻撃型,4,6,83.33,34.36,得意,C
4028.0,田　村　　隆　信,イン安定型,1,6,100.0,24.6,得意,C
3777.0,樋　口　　　　亮,標準/要当日展示,4,3,66.67,17.7,少数参考,参考
4137.0,君　島　　秀　三,4カド攻撃型,4,6,66.67,17.7,得意,C
4063.0,市　橋　　卓　士,4カド攻撃型,4,6,83.33,34.36,得意,C
3200.0,熊　谷　　直　樹,標準/要当日展示,3,3,100.0,47.2,少数参考,参考
3780.0,魚　谷　　智　之,標準/要当日展示,6,4,75.0,42.97,少数参考,参考
3837.0,秋　山　　広　一,標準/要当日展示,6,3,66.67,34.64,少数参考,参考
4089.0,妹　尾　　忠　幸,2コース差し/残り型,2,6,100.0,41.36,得意,C
3415.0,松　井　　　　繁,イン安定型,1,7,100.0,24.6,得意,C
4342.0,谷　野　　錬　志,4カド攻撃型,4,9,88.89,39.92,得意,C
4444.0,桐　生　　順　平,2コース差し/残り型,2,8,62.5,3.86,得意,C
4391.0,松　田　　祐　季,2コース差し/残り型,2,8,62.5,3.86,得意,C
4497.0,桑　原　　　　悠,2コース差し/残り型,2,6,66.67,8.03,得意,C
3556.0,田　中　　信一郎,2コース差し/残り型,2,6,66.67,8.03,得意,C
3996.0,秋　山　　直　之,2コース差し/残り型,2,7,85.71,27.07,得意,C
3897.0,白　井　　英　治,標準/要当日展示,1,4,100.0,24.6,少数参考,参考
4503.0,上　野　　真之介,標準/要当日展示,5,3,66.67,29.55,少数参考,参考
4015.0,前　野　　竜　一,4カド攻撃型,4,6,66.67,17.7,得意,C
4675.0,井　手　　良　太,標準/要当日展示,6,6,50.0,17.97,得意,C
3013.0,鈴　木　　敏　裕,標準/要当日展示,4,4,75.0,26.03,少数参考,参考
4854.0,大　橋　　由　珠,標準/要当日展示,2,4,100.0,41.36,少数参考,参考
3891.0,谷　口　　健　一,2コース差し/残り型,2,6,66.67,8.03,得意,C
3966.0,作　間　　　　章,2コース差し/残り型,2,23,73.91,15.27,得意,A
4169.0,多　田　　有　佑,標準/要当日展示,5,15,26.67,-10.45,苦手,B
4795.0,落　合　　正　侑,標準/要当日展示,5,6,33.33,-3.79,標準,C
3158.0,島　川　　光　男,2コース差し/残り型,2,14,85.71,27.07,得意,B
3863.0,海老澤　　泰　行,イン安定型,1,27,88.89,13.49,得意,A
3514.0,山　一　　鉄　也,2コース差し/残り型,2,8,87.5,28.86,得意,C
4243.0,西　村　　　　歩,標準/要当日展示,1,3,100.0,24.6,少数参考,参考
3745.0,橋　本　　年　光,標準/要当日展示,6,4,75.0,42.97,少数参考,参考
4618.0,乃　村　　康　友,標準/要当日展示,2,3,66.67,8.03,少数参考,参考
3881.0,浦　上　　拓　也,2コース差し/残り型,2,5,80.0,21.36,得意,C
4498.0,宮　本　　夏　樹,2コース差し/残り型,2,6,66.67,8.03,得意,C
2876.0,鈴　木　　幸　夫,標準/要当日展示,6,4,50.0,17.97,少数参考,参考
4434.0,田　中　　辰　彦,4カド攻撃型,4,8,75.0,26.03,得意,C
4547.0,中　田　　竜　太,2コース差し/残り型,2,11,81.82,23.18,得意,B
4188.0,久　田　　敏　之,4カド攻撃型,4,10,70.0,21.03,得意,B
4343.0,村　岡　　　　賢,イン安定型,1,7,71.43,-3.97,得意,C
2785.0,水　野　　　　要,標準/要当日展示,1,4,75.0,-0.4,少数参考,参考
4304.0,藤　崎　　小百合,5コース残り型,5,5,80.0,42.88,得意,C
4468.0,大　池　　佑　来,2コース差し/残り型,2,27,81.48,22.84,得意,A
3381.0,滝　沢　　芳　行,2コース差し/残り型,2,14,71.43,12.79,得意,B
3273.0,石　田　　　　豪,4カド攻撃型,4,6,83.33,34.36,得意,C
3833.0,中　辻　　博　訓,2コース差し/残り型,2,7,85.71,27.07,得意,C
4011.0,堀之内　　紀代子,2コース差し/残り型,2,6,66.67,8.03,得意,C
4667.0,土　屋　　幸　宏,標準/要当日展示,6,3,66.67,34.64,少数参考,参考
4415.0,下　出　　卓　矢,4カド攻撃型,4,15,66.67,17.7,得意,B
4037.0,別　府　　正　幸,イン安定型,1,8,87.5,12.1,得意,C
4470.0,平　田　　健之佑,標準/要当日展示,6,7,14.29,-17.74,苦手,C
3452.0,吉　田　　徳　夫,標準/要当日展示,3,3,66.67,13.87,少数参考,参考
3408.0,大　貫　　英　治,標準/要当日展示,4,3,66.67,17.7,少数参考,参考
4521.0,小　池　　公　生,2コース差し/残り型,2,6,66.67,8.03,得意,C
4814.0,加　藤　　裕　太,標準/要当日展示,5,8,25.0,-12.12,苦手,C
3544.0,豊　田　　訓　靖,4カド攻撃型,4,8,75.0,26.03,得意,C
3527.0,中　嶋　　誠一郎,標準/要当日展示,5,4,75.0,37.88,少数参考,参考
4818.0,伏　見　　俊　介,2コース差し/残り型,2,11,63.64,5.0,やや得意,B
4780.0,マイケル　田　代,5コース残り型,5,12,41.67,4.55,やや得意,B
3715.0,倉　尾　　大　介,2コース差し/残り型,2,8,75.0,16.36,得意,C
3882.0,新　田　　智　彰,2コース差し/残り型,2,7,71.43,12.79,得意,C
4348.0,宮　崎　　　　奨,2コース差し/残り型,2,6,66.67,8.03,得意,C
4522.0,古　澤　　光　紀,4カド攻撃型,4,5,60.0,11.03,得意,C
3022.0,西　山　　昇　一,2コース差し/残り型,2,5,80.0,21.36,得意,C
4637.0,中　田　　友　也,4カド攻撃型,4,5,60.0,11.03,得意,C
4184.0,渡　邊　　雄一郎,2コース差し/残り型,2,8,100.0,41.36,得意,C
3601.0,田　村　　勇　一,標準/要当日展示,6,3,33.33,1.3,少数参考,参考
3347.0,矢　後　　　　剛,イン安定型,1,9,88.89,13.49,得意,C
4485.0,楠　原　　正　剛,4カド攻撃型,4,8,87.5,38.53,得意,C
4035.0,杉　江　　浩　明,標準/要当日展示,6,3,33.33,1.3,少数参考,参考
4365.0,盛　本　　真　輔,4カド攻撃型,4,5,60.0,11.03,得意,C
4263.0,武　重　　雄　介,標準/要当日展示,2,3,100.0,41.36,少数参考,参考
3853.0,岩　崎　　正　哉,2コース差し/残り型,2,7,100.0,41.36,得意,C
3988.0,古　川　　誠　之,4カド攻撃型,4,5,80.0,31.03,得意,C
3717.0,立　間　　充　宏,4カド攻撃型,4,6,66.67,17.7,得意,C
3616.0,中　村　　　　真,標準/要当日展示,3,7,85.71,32.91,得意,C
4321.0,岩　田　　優　一,4カド攻撃型,4,5,60.0,11.03,得意,C
3619.0,長谷川　　　　充,2コース差し/残り型,2,6,66.67,8.03,得意,C
4108.0,吉　村　　正　明,イン安定型,1,5,100.0,24.6,得意,C
3620.0,信　濃　　由　行,2コース差し/残り型,2,11,72.73,14.09,得意,B
4090.0,中　村　　　　尊,2コース差し/残り型,2,6,66.67,8.03,得意,C
3787.0,天　野　　　　誠,2コース差し/残り型,2,5,80.0,21.36,得意,C
3710.0,吉　永　　泰　弘,2コース差し/残り型,2,7,71.43,12.79,得意,C
3572.0,安　田　　政　彦,標準/要当日展示,2,3,100.0,41.36,少数参考,参考
3398.0,有　田　　　　岳,2コース差し/残り型,2,5,80.0,21.36,得意,C
3932.0,池　田　　浩　美,2コース差し/残り型,2,7,100.0,41.36,得意,C
4699.0,八十岡　　恵　美,標準/要当日展示,4,3,33.33,-15.64,少数参考,参考
4447.0,深　川　　麻奈美,イン安定型,1,5,80.0,4.6,やや得意,C
3317.0,大　山　　博　美,標準/要当日展示,4,4,50.0,1.03,少数参考,参考
3993.0,永　井　　聖　美,4カド攻撃型,4,11,63.64,14.67,得意,B
4400.0,加　藤　　奈　月,イン安定型,1,6,100.0,24.6,得意,C
4373.0,若　狭　　奈美子,標準/要当日展示,2,3,100.0,41.36,少数参考,参考
3474.0,松　瀬　　弘　美,2コース差し/残り型,2,7,71.43,12.79,得意,C
4577.0,渡　邊　　佳　子,標準/要当日展示,4,3,33.33,-15.64,少数参考,参考
3618.0,海　野　　ゆかり,2コース差し/残り型,2,8,75.0,16.36,得意,C
4085.0,荻　野　　裕　介,2コース差し/残り型,2,6,66.67,8.03,得意,C
3177.0,宮　本　　紀　美,標準/要当日展示,2,3,0.0,-58.64,少数参考,参考
4098.0,赤　澤　　文　香,2コース差し/残り型,2,6,66.67,8.03,得意,C
3674.0,岸　　　　恵　子,イン安定型,1,6,83.33,7.93,やや得意,C
3580.0,水　口　　由　紀,2コース差し/残り型,2,7,85.71,27.07,得意,C
3169.0,松　堂　　留　美,標準/要当日展示,1,3,66.67,-8.73,少数参考,参考
4275.0,菅　野　　はやか,2コース差し/残り型,2,6,83.33,24.69,得意,C
4479.0,矢　野　　真梨菜,4カド攻撃型,4,6,66.67,17.7,得意,C
4589.0,塩　崎　　桐　加,標準/要当日展示,3,3,100.0,47.2,少数参考,参考
3355.0,橋谷田　　佳　織,2コース差し/残り型,2,8,75.0,16.36,得意,C
4433.0,川　野　　芽　唯,標準/要当日展示,3,3,100.0,47.2,少数参考,参考
3509.0,道　上　　千　夏,標準/要当日展示,1,4,100.0,24.6,少数参考,参考
4286.0,平　田　　さやか,4カド攻撃型,4,10,60.0,11.03,得意,B
3871.0,池　田　　紫　乃,標準/要当日展示,5,3,66.67,29.55,少数参考,参考
4125.0,内　田　　亜希子,標準/要当日展示,4,4,50.0,1.03,少数参考,参考
3802.0,森　岡　　真　希,標準/要当日展示,3,3,66.67,13.87,少数参考,参考
4752.0,西　尾　　亮　輔,標準/要当日展示,1,3,100.0,24.6,少数参考,参考
3136.0,渋　谷　　正　義,標準/要当日展示,6,3,33.33,1.3,少数参考,参考
4663.0,籾　山　　佳　岳,標準/要当日展示,6,9,33.33,1.3,標準,C
4813.0,宮　内　　直　哉,標準/要当日展示,1,14,64.29,-11.11,苦手,B
4421.0,森　作　　広　大,標準/要当日展示,3,15,60.0,7.2,やや得意,B
4274.0,長　畑　　友　輔,5コース残り型,5,16,50.0,12.88,得意,B
3862.0,松　元　　弥佑紀,標準/要当日展示,6,3,66.67,34.64,少数参考,参考
4161.0,黒　柳　　浩　孝,標準/要当日展示,3,4,100.0,47.2,少数参考,参考
3694.0,木　村　　恒　一,標準/要当日展示,4,3,100.0,51.03,少数参考,参考
3303.0,渡　辺　　　　豊,2コース差し/残り型,2,19,63.16,4.52,やや得意,B
4369.0,丹　下　　　　将,2コース差し/残り型,2,16,75.0,16.36,得意,B
4641.0,磯　村　　　　匠,イン安定型,1,7,71.43,-3.97,得意,C
3592.0,橋　本　　健　造,標準/要当日展示,2,3,66.67,8.03,少数参考,参考
4457.0,神　田　　達　也,5コース残り型,5,9,66.67,29.55,得意,C
3159.0,江　口　　晃　生,4カド攻撃型,4,8,75.0,26.03,得意,C
3945.0,橋　口　　真　樹,標準/要当日展示,3,7,57.14,4.34,やや得意,C
4281.0,大　澤　　大　夢,4カド攻撃型,4,11,72.73,23.76,得意,B
4270.0,岸　本　　雄　貴,4カド攻撃型,4,7,57.14,8.17,得意,C
3393.0,行　谷　　吉　範,イン安定型,1,6,100.0,24.6,得意,C
4238.0,毒　島　　　　誠,2コース差し/残り型,2,5,80.0,21.36,得意,C
3838.0,伊　藤　　啓　三,2コース差し/残り型,2,8,75.0,16.36,得意,C
4345.0,西　舘　　　　健,2コース差し/残り型,2,18,66.67,8.03,得意,B
4645.0,上　村　　純　一,4カド攻撃型,4,16,62.5,13.53,得意,B
4258.0,関　根　　彰　人,イン安定型,1,8,87.5,12.1,得意,C
4710.0,福　田　　宗　平,5コース残り型,5,7,42.86,5.74,やや得意,C
2787.0,藤　井　　定　美,標準/要当日展示,2,4,100.0,41.36,少数参考,参考
3968.0,茶　谷　　信　次,2コース差し/残り型,2,6,100.0,41.36,得意,C
3687.0,花　田　　和　明,標準/要当日展示,4,3,33.33,-15.64,少数参考,参考
3790.0,佐　口　　達　也,標準/要当日展示,3,8,75.0,22.2,得意,C
3181.0,林　　　　慎　一,標準/要当日展示,4,3,33.33,-15.64,少数参考,参考
3691.0,加　藤　　知　弘,標準/要当日展示,6,3,66.67,34.64,少数参考,参考
3626.0,中　林　　秀　人,標準/要当日展示,3,3,33.33,-19.47,少数参考,参考
4595.0,花　井　　　　潤,標準/要当日展示,1,4,100.0,24.6,少数参考,参考
4646.0,赤　羽　　大　樹,標準/要当日展示,5,5,20.0,-17.12,苦手,C
3533.0,佐　川　　正　道,4カド攻撃型,4,6,66.67,17.7,得意,C
4847.0,佐　藤　　隆太郎,2コース差し/残り型,2,18,83.33,24.69,得意,B
3681.0,山　谷　　　　央,2コース差し/残り型,2,26,69.23,10.59,得意,A
4560.0,庄　司　　樹良々,2コース差し/残り型,2,13,76.92,18.28,得意,B
4460.0,後　藤　　翔　之,2コース差し/残り型,2,22,77.27,18.63,得意,A
3860.0,松　本　　浩　貴,標準/要当日展示,4,5,20.0,-28.97,苦手,C
3583.0,齋　藤　　智　裕,2コース差し/残り型,2,9,66.67,8.03,得意,C
3448.0,高　山　　秀　雄,5コース残り型,5,6,50.0,12.88,得意,C
3877.0,松　浦　　博　人,2コース差し/残り型,2,6,100.0,41.36,得意,C
3659.0,藤　生　　雄　人,2コース差し/残り型,2,15,86.67,28.03,得意,B
3772.0,一　柳　　和　孝,イン安定型,1,8,87.5,12.1,得意,C
3808.0,秋　田　　健太郎,標準/要当日展示,6,8,25.0,-7.03,標準,C
4211.0,村　田　　　　敦,イン安定型,1,9,66.67,-8.73,得意,C
4091.0,荒　田　　泰　明,4カド攻撃型,4,5,60.0,11.03,得意,C
3947.0,寺　本　　昇　平,2コース差し/残り型,2,10,80.0,21.36,得意,B
3807.0,岡　部　　　　哲,イン安定型,1,10,80.0,4.6,得意,B
3651.0,中　野　　秀　彦,標準/要当日展示,3,4,25.0,-27.8,少数参考,参考
4420.0,津久井　　拓　也,2コース差し/残り型,2,10,80.0,21.36,得意,B
2538.0,高　橋　　二　朗,標準/要当日展示,3,20,45.0,-7.8,標準,A
4159.0,向　後　　龍　一,4カド攻撃型,4,8,87.5,38.53,得意,C
3353.0,前　田　　光　昭,2コース差し/残り型,2,9,66.67,8.03,得意,C
4201.0,佐　竹　　友　樹,2コース差し/残り型,2,13,69.23,10.59,得意,B
3673.0,小　林　　　　享,標準/要当日展示,6,3,0.0,-32.03,少数参考,参考
3750.0,笠　井　　広　幸,標準/要当日展示,2,4,50.0,-8.64,少数参考,参考
4863.0,三　浦　　裕　貴,標準/要当日展示,1,4,75.0,-0.4,少数参考,参考
3507.0,藤　井　　　　徹,4カド攻撃型,4,10,70.0,21.03,得意,B
4880.0,澤　崎　　雄　哉,4カド攻撃型,4,7,57.14,8.17,得意,C
4093.0,吉　田　　宗　弘,イン安定型,1,21,76.19,0.79,得意,A
4466.0,南　　　　佑　典,イン安定型,1,6,83.33,7.93,得意,C
3981.0,今　坂　　晃　広,イン安定型,1,8,75.0,-0.4,得意,C
3532.0,柴　田　　　　光,2コース差し/残り型,2,10,70.0,11.36,得意,B
4441.0,末　永　　由　楽,5コース残り型,5,6,66.67,29.55,得意,C
3769.0,佐　竹　　恒　彦,2コース差し/残り型,2,6,83.33,24.69,得意,C
4210.0,松　村　　康　太,2コース差し/残り型,2,8,62.5,3.86,得意,C
3010.0,大　嶋　　一　也,標準/要当日展示,1,3,100.0,24.6,少数参考,参考
3834.0,細　川　　明　人,標準/要当日展示,5,4,50.0,12.88,少数参考,参考
4124.0,池　田　　雄　一,2コース差し/残り型,2,7,100.0,41.36,得意,C
4743.0,木　村　　仁　紀,2コース差し/残り型,2,5,80.0,21.36,得意,C
4199.0,北　川　　潤　二,4カド攻撃型,4,13,69.23,20.26,得意,B
4082.0,濱　崎　　　　誠,標準/要当日展示,5,4,75.0,37.88,少数参考,参考
4875.0,大　塚　　康　雅,標準/要当日展示,6,22,27.27,-4.76,標準,A
3319.0,山　崎　　義　明,2コース差し/残り型,2,12,75.0,16.36,得意,B
4717.0,永　田　　純　也,標準/要当日展示,5,4,50.0,12.88,少数参考,参考
3577.0,向　所　　浩　二,2コース差し/残り型,2,9,77.78,19.14,得意,C
3823.0,本　部　　真　吾,標準/要当日展示,5,3,66.67,29.55,少数参考,参考
4356.0,長　岡　　良　也,2コース差し/残り型,2,7,71.43,12.79,得意,C
4253.0,西　川　　真　人,標準/要当日展示,1,4,75.0,-0.4,少数参考,参考
3874.0,山　本　　寛　久,2コース差し/残り型,2,7,71.43,12.79,得意,C
4241.0,大　串　　重　幸,標準/要当日展示,6,4,75.0,42.97,少数参考,参考
3569.0,増　田　　　　進,5コース残り型,5,17,52.94,15.82,得意,B
3783.0,瓜　生　　正　義,4カド攻撃型,4,5,60.0,11.03,得意,C
4436.0,渋　谷　　明　憲,2コース差し/残り型,2,6,83.33,24.69,得意,C
4163.0,山　崎　　裕　司,標準/要当日展示,3,5,60.0,7.2,やや得意,C
4144.0,石　塚　　久　也,2コース差し/残り型,2,8,75.0,16.36,得意,C
3848.0,川　上　　聡　介,標準/要当日展示,1,4,75.0,-0.4,少数参考,参考
3920.0,正　木　　聖　賢,4カド攻撃型,4,9,66.67,17.7,得意,C
4685.0,島　村　　隆　幸,5コース残り型,5,5,60.0,22.88,得意,C
3759.0,前　田　　義　哲,標準/要当日展示,2,4,100.0,41.36,少数参考,参考
4167.0,片　岡　　秀　樹,標準/要当日展示,4,4,50.0,1.03,少数参考,参考
3477.0,近　藤　　稔　也,標準/要当日展示,6,5,60.0,27.97,得意,C
2585.0,原　　　　由樹夫,標準/要当日展示,3,3,33.33,-19.47,少数参考,参考
4653.0,小　野　　達　哉,2コース差し/残り型,2,8,62.5,3.86,得意,C
4806.0,佐　藤　　享　子,標準/要当日展示,5,3,0.0,-37.12,少数参考,参考
4841.0,高　橋　　悠　花,標準/要当日展示,6,4,0.0,-32.03,少数参考,参考
3391.0,鈴　木　　茂　正,4カド攻撃型,4,5,60.0,11.03,得意,C
3575.0,田野邊　　秀　樹,標準/要当日展示,3,3,66.67,13.87,少数参考,参考
3340.0,池　田　　雷　太,標準/要当日展示,6,21,28.57,-3.46,標準,A
4643.0,近　江　　翔　吾,2コース差し/残り型,2,7,71.43,12.79,得意,C
4021.0,吉　田　　健太郎,標準/要当日展示,2,4,75.0,16.36,少数参考,参考
4305.0,金　子　　拓　矢,2コース差し/残り型,2,14,78.57,19.93,得意,B
4614.0,石　倉　　洋　行,5コース残り型,5,5,60.0,22.88,得意,C
4771.0,下　寺　　秀　和,4カド攻撃型,4,6,83.33,34.36,得意,C
4593.0,小　坂　　宗　司,2コース差し/残り型,2,6,83.33,24.69,得意,C
4573.0,佐　藤　　　　翼,2コース差し/残り型,2,9,77.78,19.14,得意,C
4224.0,大　橋　　栄里佳,標準/要当日展示,3,3,33.33,-19.47,少数参考,参考
3075.0,中　村　　裕　将,4カド攻撃型,4,6,66.67,17.7,得意,C
4625.0,渡　邊　　裕　貴,標準/要当日展示,1,3,100.0,24.6,少数参考,参考
3722.0,西　村　　秀　樹,標準/要当日展示,2,3,100.0,41.36,少数参考,参考
4492.0,本　多　　宏　和,標準/要当日展示,3,3,100.0,47.2,少数参考,参考
3425.0,中　谷　　有　希,標準/要当日展示,1,3,66.67,-8.73,少数参考,参考
4346.0,前　田　　健太郎,標準/要当日展示,2,5,60.0,1.36,標準,C
4303.0,牧　原　　　　崇,4カド攻撃型,4,5,60.0,11.03,得意,C
3568.0,木　村　　光　宏,標準/要当日展示,5,3,66.67,29.55,少数参考,参考
3893.0,汐　崎　　正　則,標準/要当日展示,5,4,50.0,12.88,少数参考,参考
4858.0,須　田　　大　輝,標準/要当日展示,6,12,0.0,-32.03,苦手,B
3392.0,小　森　　信　雄,標準/要当日展示,5,4,100.0,62.88,少数参考,参考
4586.0,磯　部　　　　誠,5コース残り型,5,5,60.0,22.88,得意,C
4360.0,庄　司　　孝　輔,2コース差し/残り型,2,6,66.67,8.03,得意,C
4651.0,佐　藤　　大　騎,2コース差し/残り型,2,9,66.67,8.03,得意,C
3574.0,大　神　　康　司,イン安定型,1,6,83.33,7.93,得意,C
3977.0,山　本　　兼　士,標準/要当日展示,3,7,57.14,4.34,やや得意,C
3546.0,中　里　　昌　志,4カド攻撃型,4,8,62.5,13.53,得意,C
4331.0,三　好　　勇　人,4カド攻撃型,4,7,57.14,8.17,得意,C
4506.0,稗　田　　聖　也,2コース差し/残り型,2,11,81.82,23.18,得意,B
4650.0,中　山　　雄　太,2コース差し/残り型,2,11,63.64,5.0,やや得意,B
4508.0,野　間　　大　樹,標準/要当日展示,3,3,66.67,13.87,少数参考,参考
4568.0,廣　瀬　　真　也,4カド攻撃型,4,14,57.14,8.17,得意,B
4231.0,鈴　木　　裕　隆,5コース残り型,5,7,57.14,20.02,得意,C
3928.0,林　　　　恵　祐,標準/要当日展示,3,3,66.67,13.87,少数参考,参考
3986.0,沖　島　　広　和,4カド攻撃型,4,6,66.67,17.7,得意,C
3455.0,谷　本　　幸　司,2コース差し/残り型,2,7,71.43,12.79,得意,C
3295.0,濱　村　　芳　宏,標準/要当日展示,1,3,100.0,24.6,少数参考,参考
4574.0,東　　　　潤　樹,標準/要当日展示,1,3,66.67,-8.73,少数参考,参考
4727.0,安　部　　慎　一,標準/要当日展示,6,5,40.0,7.97,やや得意,C
2994.0,茂　垣　　達　也,標準/要当日展示,2,4,75.0,16.36,少数参考,参考
4189.0,川　上　　　　剛,4カド攻撃型,4,5,60.0,11.03,得意,C
3638.0,前　田　　　　努,標準/要当日展示,6,3,33.33,1.3,少数参考,参考
4332.0,村　上　　彰　一,標準/要当日展示,6,3,0.0,-32.03,少数参考,参考
4256.0,渡　辺　　浩　司,標準/要当日展示,5,4,75.0,37.88,少数参考,参考
3432.0,宮　迫　　暢　彦,2コース差し/残り型,2,7,85.71,27.07,得意,C
3825.0,宮　嵜　　隆太郎,イン安定型,1,7,85.71,10.31,得意,C
3439.0,大　平　　誉史明,2コース差し/残り型,2,9,66.67,8.03,得意,C
4669.0,井　上　　　　茂,標準/要当日展示,5,3,33.33,-3.79,少数参考,参考
4200.0,早　川　　尚　人,標準/要当日展示,3,5,60.0,7.2,やや得意,C
3742.0,宮　地　　秀　祈,4カド攻撃型,4,7,71.43,22.46,得意,C
4023.0,柴　田　　友　和,標準/要当日展示,3,5,60.0,7.2,やや得意,C
4330.0,奈　須　　啓　太,5コース残り型,5,6,50.0,12.88,得意,C
3771.0,折　下　　寛　法,イン安定型,1,14,85.71,10.31,得意,B
3186.0,沖　　　　　　悟,標準/要当日展示,6,4,0.0,-32.03,少数参考,参考
4830.0,勝　又　　　　桜,標準/要当日展示,5,3,33.33,-3.79,少数参考,参考
4300.0,加　藤　　　　綾,標準/要当日展示,3,4,100.0,47.2,少数参考,参考
4289.0,落　合　　直　子,標準/要当日展示,6,3,66.67,34.64,少数参考,参考
4689.0,豊　田　　　　結,4カド攻撃型,4,6,66.67,17.7,得意,C
4190.0,長　嶋　　万　記,5コース残り型,5,5,60.0,22.88,得意,C
4569.0,中　澤　　宏　奈,4カド攻撃型,4,13,61.54,12.57,得意,B
4746.0,大豆生田　　　蒼,4カド攻撃型,4,7,71.43,22.46,得意,C
4829.0,塚　脇　　奈　美,標準/要当日展示,6,6,16.67,-15.36,苦手,C
4246.0,喜　多　　那由夏,イン安定型,1,9,88.89,13.49,得意,C
4347.0,魚　谷　　香　織,標準/要当日展示,3,3,100.0,47.2,少数参考,参考
4726.0,島　田　　なぎさ,4カド攻撃型,4,6,100.0,51.03,得意,C
4627.0,藤　原　　菜　希,2コース差し/残り型,2,15,73.33,14.69,得意,B
4065.0,金　田　　幸　子,4カド攻撃型,4,5,80.0,31.03,得意,C
4680.0,後　藤　　美　翼,2コース差し/残り型,2,19,78.95,20.31,得意,B
4473.0,藤　堂　　里　香,4カド攻撃型,4,8,87.5,38.53,得意,C
4775.0,千　葉　　真　弥,4カド攻撃型,4,5,60.0,11.03,得意,C
4534.0,坂　　　　咲友理,標準/要当日展示,4,4,100.0,51.03,少数参考,参考
4611.0,今　井　　美　亜,標準/要当日展示,5,4,75.0,37.88,少数参考,参考
4499.0,滝　川　　真由子,標準/要当日展示,3,3,100.0,47.2,少数参考,参考
4758.0,富　樫　　麗　加,5コース残り型,5,8,50.0,12.88,得意,C
4450.0,平　高　　奈　菜,2コース差し/残り型,2,7,71.43,12.79,得意,C
4484.0,稲　生　　夏　季,標準/要当日展示,5,9,33.33,-3.79,標準,C
4313.0,西　村　　美智子,イン安定型,1,5,100.0,24.6,得意,C
4225.0,土　屋　　千　明,2コース差し/残り型,2,11,81.82,23.18,得意,B
4548.0,篠　木　　亜衣花,標準/要当日展示,5,3,33.33,-3.79,少数参考,参考
3528.0,笠　野　　友紀恵,標準/要当日展示,5,3,66.67,29.55,少数参考,参考
4694.0,高　田　　　　綾,標準/要当日展示,6,5,40.0,7.97,やや得意,C
3377.0,塚　田　　修　二,標準/要当日展示,5,15,40.0,2.88,標準,B
4742.0,横　田　　悠　衣,標準/要当日展示,6,5,0.0,-32.03,苦手,C
3385.0,渡　邉　　睦　広,2コース差し/残り型,2,21,76.19,17.55,得意,A
3943.0,三　松　　直　美,標準/要当日展示,5,3,33.33,-3.79,少数参考,参考
4769.0,馬　場　　　　剛,2コース差し/残り型,2,17,76.47,17.83,得意,B
3652.0,森　下　　　　勇,2コース差し/残り型,2,12,66.67,8.03,得意,B
3690.0,河　合　　三　弘,標準/要当日展示,3,9,100.0,47.2,得意,C
4056.0,小　西　　英　輝,イン安定型,1,6,83.33,7.93,得意,C
3654.0,武　田　　光　史,2コース差し/残り型,2,6,83.33,24.69,得意,C
4570.0,前　田　　聖　文,2コース差し/残り型,2,10,90.0,31.36,得意,B
4384.0,鶴　本　　崇　文,2コース差し/残り型,2,11,90.91,32.27,得意,B
3176.0,長谷川　　　　巌,イン安定型,1,7,85.71,10.31,得意,C
4017.0,向　井　　美　鈴,2コース差し/残り型,2,8,75.0,16.36,得意,C
4424.0,松　尾　　昂　明,2コース差し/残り型,2,9,77.78,19.14,得意,C
3757.0,畑　　　　和　宏,標準/要当日展示,4,3,100.0,51.03,少数参考,参考
3555.0,野　添　　貴　裕,標準/要当日展示,5,3,33.33,-3.79,少数参考,参考
4302.0,西　野　　翔　太,標準/要当日展示,3,3,100.0,47.2,少数参考,参考
3378.0,八　木　　富　重,標準/要当日展示,6,3,0.0,-32.03,少数参考,参考
4293.0,鈴　木　　智　啓,2コース差し/残り型,2,7,71.43,12.79,得意,C
3949.0,今　出　　晋　二,標準/要当日展示,6,5,20.0,-12.03,苦手,C
4268.0,和　合　　俊　介,標準/要当日展示,1,3,100.0,24.6,少数参考,参考
4429.0,豊　田　　泰　洋,標準/要当日展示,2,6,50.0,-8.64,標準,C
4380.0,鈴　木　　峻　佑,イン安定型,1,5,80.0,4.6,得意,C
3725.0,向　　　　達　哉,標準/要当日展示,3,3,66.67,13.87,少数参考,参考
4638.0,小　林　　遼　太,標準/要当日展示,3,3,100.0,47.2,少数参考,参考
4425.0,大　井　　清　貴,標準/要当日展示,5,3,33.33,-3.79,少数参考,参考
4164.0,岩　永　　節　也,標準/要当日展示,6,3,33.33,1.3,少数参考,参考
4363.0,大　野　　芳　顕,2コース差し/残り型,2,6,66.67,8.03,得意,C
4257.0,古　川　　　　健,イン安定型,1,5,80.0,4.6,得意,C
4114.0,深　澤　　達　徳,4カド攻撃型,4,18,72.22,23.25,得意,B
3212.0,亀　本　　勇　樹,標準/要当日展示,1,3,100.0,24.6,少数参考,参考
3721.0,守　田　　俊　介,2コース差し/残り型,2,6,83.33,24.69,得意,C
3929.0,杢　野　　誓　良,4カド攻撃型,4,5,60.0,11.03,得意,C
3445.0,加　藤　　高　史,2コース差し/残り型,2,6,66.67,8.03,得意,C
3284.0,渡　邊　　伸太郎,イン安定型,1,5,80.0,4.6,得意,C
4442.0,松　竹　　大　輔,2コース差し/残り型,2,9,66.67,8.03,得意,C
3251.0,平　石　　和　男,4カド攻撃型,4,11,72.73,23.76,得意,B
4052.0,興　津　　　　藍,標準/要当日展示,1,3,100.0,24.6,少数参考,参考
4078.0,渡　辺　　史　之,標準/要当日展示,4,5,20.0,-28.97,苦手,C
4370.0,山　口　　達　也,標準/要当日展示,6,6,33.33,1.3,標準,C
4489.0,岩　川　　仁　士,標準/要当日展示,4,3,100.0,51.03,少数参考,参考
4836.0,大　谷　　健　太,イン安定型,1,5,80.0,4.6,得意,C
4883.0,岡　部　　大　輝,2コース差し/残り型,2,10,70.0,11.36,得意,B
4809.0,外　崎　　　　悟,4カド攻撃型,4,11,63.64,14.67,得意,B
3141.0,山　来　　和　人,4カド攻撃型,4,8,75.0,26.03,得意,C
3412.0,鈴　木　　　　博,2コース差し/残り型,2,12,83.33,24.69,得意,B
3686.0,鳥居塚　　孝　博,2コース差し/残り型,2,9,77.78,19.14,得意,C
4036.0,金　田　　　　諭,2コース差し/残り型,2,11,90.91,32.27,得意,B
3228.0,伸　澤　　　　進,標準/要当日展示,6,3,0.0,-32.03,少数参考,参考
3880.0,浅　見　　宗　孝,2コース差し/残り型,2,10,80.0,21.36,得意,B
3826.0,村　田　　修　次,4カド攻撃型,4,16,68.75,19.78,得意,B
4505.0,島　田　　賢　人,2コース差し/残り型,2,9,77.78,19.14,得意,C
3740.0,大　澤　　普　司,2コース差し/残り型,2,8,75.0,16.36,得意,C
2883.0,柾　田　　敏　行,標準/要当日展示,3,3,0.0,-52.8,少数参考,参考
3847.0,鈴　木　　孝　之,標準/要当日展示,5,3,66.67,29.55,少数参考,参考
4766.0,石　井　　孝　之,標準/要当日展示,3,3,100.0,47.2,少数参考,参考
4561.0,藤　山　　翔　大,4カド攻撃型,4,10,80.0,31.03,得意,B
4859.0,染　川　　直　哉,標準/要当日展示,5,4,25.0,-12.12,少数参考,参考
4461.0,安　田　　吉　宏,イン安定型,1,8,75.0,-0.4,得意,C
3905.0,天　野　　友　和,2コース差し/残り型,2,6,100.0,41.36,得意,C
3885.0,久　田　　　　武,2コース差し/残り型,2,11,72.73,14.09,得意,B
4118.0,宇佐見　　　　淳,2コース差し/残り型,2,8,87.5,28.86,得意,C
3714.0,梶　原　　　　正,標準/要当日展示,3,12,58.33,5.53,やや得意,B
4528.0,黒　井　　達　矢,2コース差し/残り型,2,6,66.67,8.03,得意,C
4409.0,坂　元　　浩　仁,2コース差し/残り型,2,6,66.67,8.03,得意,C
3576.0,白　水　　勝　也,イン安定型,1,8,100.0,24.6,得意,C
3346.0,宮　本　　裕　之,標準/要当日展示,3,6,83.33,30.53,得意,C
4016.0,西　川　　新太郎,イン安定型,1,5,80.0,4.6,得意,C
3828.0,明　石　　正　之,標準/要当日展示,5,3,66.67,29.55,少数参考,参考
4378.0,川　下　　晃　司,標準/要当日展示,3,3,100.0,47.2,少数参考,参考
2969.0,久　田　　正　晴,標準/要当日展示,6,3,0.0,-32.03,少数参考,参考
3688.0,入　倉　　数　広,標準/要当日展示,6,3,0.0,-32.03,少数参考,参考
4779.0,伊　倉　　　　光,イン安定型,1,13,76.92,1.52,得意,B
4182.0,吉　田　　和　仁,標準/要当日展示,2,3,66.67,8.03,少数参考,参考
3280.0,垣　内　　清　美,4カド攻撃型,4,5,60.0,11.03,得意,C
4801.0,小　城　　千　奈,標準/要当日展示,5,5,20.0,-17.12,苦手,C
4804.0,高　田　　ひかる,イン安定型,1,6,83.33,7.93,得意,C
4181.0,花　本　　夏　樹,2コース差し/残り型,2,6,66.67,8.03,得意,C
4220.0,深　川　　和　仁,2コース差し/残り型,2,6,66.67,8.03,得意,C
3870.0,寺　嶋　　　　雄,標準/要当日展示,6,3,33.33,1.3,少数参考,参考
4102.0,益　田　　啓　司,5コース残り型,5,9,44.44,7.32,やや得意,C
3909.0,佐々木　　康　幸,2コース差し/残り型,2,9,66.67,8.03,得意,C
3484.0,芝　田　　浩　治,2コース差し/残り型,2,11,72.73,14.09,得意,B
4440.0,萩　原　　知　哉,標準/要当日展示,4,4,75.0,26.03,少数参考,参考
3761.0,山　本　　光　雄,標準/要当日展示,5,4,75.0,37.88,少数参考,参考
4594.0,谷　川　　祐　一,4カド攻撃型,4,6,66.67,17.7,得意,C
4494.0,河　合　　佑　樹,2コース差し/残り型,2,6,66.67,8.03,得意,C
3731.0,高　濱　　芳　久,2コース差し/残り型,2,7,71.43,12.79,得意,C
4099.0,吉　永　　則　雄,5コース残り型,5,5,60.0,22.88,得意,C
4538.0,笠　置　　博　之,イン安定型,1,5,80.0,4.6,得意,C
4109.0,谷　津　　幸　宏,標準/要当日展示,6,5,80.0,47.97,得意,C
3827.0,今　泉　　　　徹,標準/要当日展示,3,12,50.0,-2.8,標準,B
3814.0,金　子　　貴　志,2コース差し/残り型,2,5,80.0,21.36,得意,C
3529.0,松　本　　勝　也,標準/要当日展示,1,3,100.0,24.6,少数参考,参考
3798.0,稲　毛　　正　剛,標準/要当日展示,4,3,66.67,17.7,少数参考,参考
3594.0,塚　原　　武　之,標準/要当日展示,2,4,75.0,16.36,少数参考,参考
4195.0,前　川　　守　嗣,イン安定型,1,5,100.0,24.6,得意,C
4367.0,山　口　　修　路,4カド攻撃型,4,8,62.5,13.53,得意,C
4526.0,池　田　　雄　祐,標準/要当日展示,1,3,100.0,24.6,少数参考,参考
4760.0,山　崎　　　　郡,2コース差し/残り型,2,5,80.0,21.36,得意,C
3878.0,胡　本　　悟　志,2コース差し/残り型,2,6,66.67,8.03,得意,C
4491.0,田　中　　　　堅,イン安定型,1,10,90.0,14.6,得意,B
3538.0,菊　池　　峰　晴,2コース差し/残り型,2,7,71.43,12.79,得意,C
3951.0,石　川　　吉　鎬,2コース差し/残り型,2,7,71.43,12.79,得意,C
3963.0,原　田　　秀　弥,4カド攻撃型,4,5,60.0,11.03,得意,C
3641.0,一　瀬　　　　明,2コース差し/残り型,2,21,90.48,31.84,得意,A
4025.0,山　本　　隆　幸,イン安定型,1,6,83.33,7.93,得意,C
4027.0,松　江　　秀　徳,2コース差し/残り型,2,9,88.89,30.25,得意,C
3566.0,川　添　　英　正,標準/要当日展示,6,8,62.5,30.47,得意,C
3842.0,星　野　　太　郎,標準/要当日展示,1,3,100.0,24.6,少数参考,参考
3224.0,栗　山　　繁　洋,標準/要当日展示,1,3,100.0,24.6,少数参考,参考
4375.0,照　屋　　厚　仁,標準/要当日展示,6,4,50.0,17.97,少数参考,参考
4416.0,三　宅　　健　太,2コース差し/残り型,2,8,62.5,3.86,得意,C
4411.0,沢　田　　昭　宏,2コース差し/残り型,2,7,85.71,27.07,得意,C
4121.0,富　永　　修　一,標準/要当日展示,6,3,100.0,67.97,少数参考,参考
3578.0,塩　田　　雄　一,標準/要当日展示,1,3,100.0,24.6,少数参考,参考
4120.0,柘　植　　政　浩,2コース差し/残り型,2,5,80.0,21.36,得意,C
3730.0,塩　崎　　優　司,標準/要当日展示,3,9,44.44,-8.36,標準,C
3283.0,窪　田　　好　弘,標準/要当日展示,3,3,66.67,13.87,少数参考,参考
3890.0,小　宮　　淳　史,標準/要当日展示,3,4,75.0,22.2,少数参考,参考
4325.0,新　出　　浩　司,イン安定型,1,8,87.5,12.1,得意,C
3849.0,中　岡　　正　彦,イン安定型,1,7,100.0,24.6,得意,C
3773.0,津　留　　浩一郎,4カド攻撃型,4,6,66.67,17.7,得意,C
4105.0,松　下　　直　也,標準/要当日展示,4,3,66.67,17.7,少数参考,参考
3876.0,中　辻　　崇　人,イン安定型,1,6,100.0,24.6,得意,C
4320.0,峰　　　　竜　太,イン安定型,1,6,100.0,24.6,得意,C
3793.0,高　橋　　真　吾,4カド攻撃型,4,7,57.14,8.17,得意,C
4062.0,後　藤　　陽　介,標準/要当日展示,4,4,75.0,26.03,少数参考,参考
3933.0,山　地　　正　樹,4カド攻撃型,4,9,55.56,6.59,やや得意,C
3776.0,横　井　　健　太,標準/要当日展示,1,9,77.78,2.38,標準,C
4844.0,村　上　　奈　穂,標準/要当日展示,6,12,33.33,1.3,標準,B
4171.0,榎　　　　幸　司,2コース差し/残り型,2,5,100.0,41.36,得意,C
3461.0,渡　邊　　哲　也,標準/要当日展示,4,6,50.0,1.03,標準,C
4578.0,藤　山　　雅　弘,イン安定型,1,8,62.5,-12.9,得意,C
4512.0,高　野　　哲　史,2コース差し/残り型,2,5,80.0,21.36,得意,C
4276.0,鈴　木　　勝　博,4カド攻撃型,4,7,71.43,22.46,得意,C
4387.0,平　山　　智　加,2コース差し/残り型,2,7,85.71,27.07,得意,C
3327.0,野長瀬　　正　孝,2コース差し/残り型,2,9,77.78,19.14,得意,C
3306.0,武　田　　正　紀,イン安定型,1,5,80.0,4.6,やや得意,C
3606.0,川　北　　浩　貴,4カド攻撃型,4,8,62.5,13.53,得意,C
3804.0,中　渡　　修　作,イン安定型,1,6,66.67,-8.73,得意,C
4636.0,赤　池　　修　平,標準/要当日展示,2,4,75.0,16.36,少数参考,参考
4565.0,西　村　　豪　洋,標準/要当日展示,6,3,33.33,1.3,少数参考,参考
4713.0,白　神　　　　優,2コース差し/残り型,2,5,100.0,41.36,得意,C
3684.0,清　水　　攻　二,標準/要当日展示,5,3,100.0,62.88,少数参考,参考
4172.0,森　定　　晃　史,5コース残り型,5,5,60.0,22.88,得意,C
3553.0,平　池　　仁　志,標準/要当日展示,3,8,62.5,9.7,得意,C
3584.0,佐々木　　英　樹,標準/要当日展示,4,4,100.0,51.03,少数参考,参考
4630.0,岩　永　　雅　人,標準/要当日展示,2,5,60.0,1.36,標準,C
4116.0,川　田　　正　人,標準/要当日展示,6,4,50.0,17.97,少数参考,参考
3297.0,藤　丸　　光　一,2コース差し/残り型,2,6,66.67,8.03,得意,C
3883.0,山　根　　大　樹,標準/要当日展示,2,4,75.0,16.36,少数参考,参考
3294.0,野　中　　義　生,標準/要当日展示,6,3,66.67,34.64,少数参考,参考
4467.0,渡　邉　　俊　介,標準/要当日展示,2,3,100.0,41.36,少数参考,参考
3813.0,佐　藤　　大　介,2コース差し/残り型,2,11,90.91,32.27,得意,B
3998.0,冨　成　　謙　児,4カド攻撃型,4,5,60.0,11.03,得意,C
4732.0,堀　本　　和　也,標準/要当日展示,1,4,100.0,24.6,少数参考,参考
3660.0,長谷川　　親　王,標準/要当日展示,6,4,0.0,-32.03,少数参考,参考
4381.0,田　路　　朋　史,標準/要当日展示,4,3,100.0,51.03,少数参考,参考
3065.0,増　田　　弘　喜,標準/要当日展示,6,6,50.0,17.97,得意,C
4406.0,幸　野　　史　明,イン安定型,1,5,100.0,24.6,得意,C
4731.0,間　野　　兼　礼,2コース差し/残り型,2,7,100.0,41.36,得意,C
3268.0,森　　　　竜　也,標準/要当日展示,6,3,33.33,1.3,少数参考,参考
4697.0,國　弘　　翔　平,標準/要当日展示,1,4,100.0,24.6,少数参考,参考
4081.0,樋　口　　範　政,イン安定型,1,7,85.71,10.31,得意,C
4431.0,石　塚　　裕　介,2コース差し/残り型,2,7,85.71,27.07,得意,C
3379.0,打　越　　　　晶,標準/要当日展示,2,3,66.67,8.03,少数参考,参考
3797.0,岩　井　　　　繁,4カド攻撃型,4,6,100.0,51.03,得意,C
3867.0,松　浦　　　　勝,標準/要当日展示,3,4,75.0,22.2,少数参考,参考
3908.0,重　成　　一　人,標準/要当日展示,5,3,66.67,29.55,少数参考,参考
3693.0,栢　場　　優　子,標準/要当日展示,6,7,14.29,-17.74,苦手,C
4733.0,赤　井　　　　睦,標準/要当日展示,2,5,60.0,1.36,標準,C
3350.0,藤　本　　佳　史,2コース差し/残り型,2,7,85.71,27.07,得意,C
4080.0,山　崎　　哲　司,標準/要当日展示,2,3,100.0,41.36,少数参考,参考
4166.0,吉　田　　拡　郎,4カド攻撃型,4,6,83.33,34.36,得意,C
4459.0,片　岡　　雅　裕,標準/要当日展示,5,3,66.67,29.55,少数参考,参考
3541.0,三　嶌　　誠　司,2コース差し/残り型,2,6,83.33,24.69,得意,C
4288.0,永　田　　啓　二,2コース差し/残り型,2,6,100.0,41.36,得意,C
4066.0,東　本　　勝　利,2コース差し/残り型,2,7,71.43,12.79,得意,C
4604.0,岩　瀬　　裕　亮,2コース差し/残り型,2,10,80.0,21.36,得意,B
3629.0,浅　見　　昌　克,2コース差し/残り型,2,8,75.0,16.36,得意,C
4024.0,井　口　　佳　典,標準/要当日展示,6,3,100.0,67.97,少数参考,参考
4292.0,麻　生　　慎　介,4カド攻撃型,4,8,75.0,26.03,得意,C
4013.0,中　島　　孝　平,2コース差し/残り型,2,6,66.67,8.03,得意,C
4418.0,茅　原　　悠　紀,2コース差し/残り型,2,7,85.71,27.07,得意,C
3941.0,池　田　　浩　二,イン安定型,1,7,100.0,24.6,得意,C
4168.0,石　野　　貴　之,2コース差し/残り型,2,6,66.67,8.03,得意,C
4397.0,西　村　　拓　也,2コース差し/残り型,2,8,75.0,16.36,得意,C
4294.0,古　賀　　繁　輝,イン安定型,1,5,100.0,24.6,得意,C
3960.0,菊　地　　孝　平,2コース差し/残り型,2,5,100.0,41.36,得意,C
3458.0,東　　　　健　介,標準/要当日展示,3,3,66.67,13.87,少数参考,参考
3338.0,出　本　　正　博,標準/要当日展示,5,4,50.0,12.88,少数参考,参考
3024.0,西　島　　義　則,5コース残り型,5,5,80.0,42.88,得意,C
3419.0,栗　原　　謙　治,2コース差し/残り型,2,5,80.0,21.36,得意,C
2942.0,瀬　尾　　達　也,標準/要当日展示,6,3,66.67,34.64,少数参考,参考
2903.0,山　崎　　　　毅,標準/要当日展示,5,3,33.33,-3.79,少数参考,参考
3627.0,井　上　　恵　一,2コース差し/残り型,2,5,80.0,21.36,得意,C
3491.0,富　永　　　　茂,標準/要当日展示,1,4,75.0,-0.4,少数参考,参考
3462.0,竹　上　　真　司,標準/要当日展示,2,5,60.0,1.36,標準,C
3189.0,矢　野　　素　也,標準/要当日展示,6,3,0.0,-32.03,少数参考,参考
3265.0,今　村　　暢　孝,標準/要当日展示,1,4,75.0,-0.4,少数参考,参考
3121.0,占　部　　彰　二,標準/要当日展示,6,3,0.0,-32.03,少数参考,参考
4249.0,曾　根　　孝　仁,標準/要当日展示,4,3,100.0,51.03,少数参考,参考
4906.0,鈴　木　　雅　希,イン安定型,1,9,77.78,2.38,得意,C
4598.0,加　藤　　政　彦,2コース差し/残り型,2,11,81.82,23.18,得意,B
4245.0,高　橋　　直　哉,4カド攻撃型,4,9,55.56,6.59,やや得意,C
3226.0,浦　田　　信　義,標準/要当日展示,6,10,50.0,17.97,得意,B
4702.0,三　浦　　敬　太,イン安定型,1,14,71.43,-3.97,得意,B
5190.0,大　月　　遊　雅,標準/要当日展示,3,11,45.45,-7.35,標準,B
4928.0,栗　城　　　　匠,標準/要当日展示,6,4,50.0,17.97,少数参考,参考
5023.0,久　永　　祥　平,イン安定型,1,19,68.42,-6.98,得意,B
5096.0,上　原　　　　崚,2コース差し/残り型,2,6,83.33,24.69,得意,C
4465.0,大　西　　　　賢,標準/要当日展示,4,8,50.0,1.03,標準,C
4660.0,宇田川　　信　一,標準/要当日展示,3,8,75.0,22.2,得意,C
4939.0,宮之原　　輝　紀,2コース差し/残り型,2,18,72.22,13.58,得意,B
3859.0,多羅尾　　達　之,2コース差し/残り型,2,11,63.64,5.0,やや得意,B
4954.0,内　山　　峻　輔,イン安定型,1,9,100.0,24.6,得意,C
4889.0,後　藤　　盛　也,標準/要当日展示,6,3,33.33,1.3,少数参考,参考
4723.0,寺　島　　吉　彦,2コース差し/残り型,2,6,66.67,8.03,得意,C
3957.0,大　谷　　直　弘,2コース差し/残り型,2,5,80.0,21.36,得意,C
5213.0,湯　淺　　紀　香,標準/要当日展示,3,3,100.0,47.2,少数参考,参考
4146.0,柳　橋　　宏　紀,2コース差し/残り型,2,6,83.33,24.69,得意,C
3718.0,伊　達　　正　利,イン安定型,1,7,71.43,-3.97,得意,C
3713.0,伊　藤　　誠　二,2コース差し/残り型,2,5,100.0,41.36,得意,C
3406.0,中　里　　英　夫,2コース差し/残り型,2,13,69.23,10.59,得意,B
3635.0,石　田　　政　吾,標準/要当日展示,6,4,50.0,17.97,少数参考,参考
5064.0,品　川　　二千翔,標準/要当日展示,3,4,75.0,22.2,少数参考,参考
4399.0,松　本　　晶　恵,2コース差し/残り型,2,7,85.71,27.07,得意,C
4519.0,清　水　　沙　樹,2コース差し/残り型,2,15,73.33,14.69,得意,B
5094.0,生　田　　波美音,標準/要当日展示,2,5,40.0,-18.64,苦手,C
5182.0,宮　崎　　安　奈,標準/要当日展示,5,5,0.0,-37.12,苦手,C
5283.0,植　木　　美　帆,標準/要当日展示,6,9,0.0,-32.03,苦手,C
4904.0,松　本　　一　毅,標準/要当日展示,3,6,83.33,30.53,得意,C
5184.0,飯　塚　　　　響,標準/要当日展示,5,8,25.0,-12.12,苦手,C
4469.0,土　山　　卓　也,イン安定型,1,5,80.0,4.6,得意,C
4793.0,金　子　　　　萌,4カド攻撃型,4,7,57.14,8.17,得意,C
4068.0,幸　田　　智　裕,イン安定型,1,5,100.0,24.6,得意,C
5069.0,山　崎　　小葉音,標準/要当日展示,6,6,33.33,1.3,標準,C
4003.0,表　　　　憲　一,標準/要当日展示,3,3,66.67,13.87,少数参考,参考
3839.0,川　合　　理　司,標準/要当日展示,2,4,50.0,-8.64,少数参考,参考
5256.0,中　山　　翔　太,標準/要当日展示,1,3,66.67,-8.73,少数参考,参考
4918.0,川　島　　拓　郎,5コース残り型,5,8,62.5,25.38,得意,C
5150.0,坂　本　　雄　紀,2コース差し/残り型,2,6,83.33,24.69,得意,C
2014.0,高　塚　　清　一,4カド攻撃型,4,5,60.0,11.03,得意,C
3591.0,後　藤　　孝　義,標準/要当日展示,2,8,62.5,3.86,標準,C
4139.0,丹　下　　　　健,4カド攻撃型,4,7,57.14,8.17,得意,C
4049.0,荒　川　　健　太,2コース差し/残り型,2,7,85.71,27.07,得意,C
3414.0,加　瀬　　智　宏,2コース差し/残り型,2,9,66.67,8.03,得意,C
5191.0,飛　田　　江　己,5コース残り型,5,6,50.0,12.88,得意,C
4273.0,佐　藤　　　　旭,標準/要当日展示,3,8,87.5,34.7,得意,C
4988.0,牟　田　　奨　太,標準/要当日展示,1,4,100.0,24.6,少数参考,参考
3554.0,仲　口　　博　崇,2コース差し/残り型,2,8,62.5,3.86,得意,C
3357.0,福　島　　陽　子,標準/要当日展示,3,6,50.0,-2.8,標準,C
4681.0,太　田　　　　潮,5コース残り型,5,6,50.0,12.88,得意,C
4910.0,中　村　　泰　平,2コース差し/残り型,2,11,81.82,23.18,得意,B
4581.0,吉　村　　　　誠,イン安定型,1,5,100.0,24.6,得意,C
3621.0,天　野　　晶　夫,イン安定型,1,6,100.0,24.6,得意,C
5146.0,野　田　　彩　加,標準/要当日展示,4,3,33.33,-15.64,少数参考,参考
4562.0,阪　本　　勇　介,2コース差し/残り型,2,6,66.67,8.03,得意,C
5266.0,石　田　　勇　斗,標準/要当日展示,4,3,66.67,17.7,少数参考,参考
5226.0,藤　田　　俊　祐,2コース差し/残り型,2,6,66.67,8.03,得意,C
4979.0,中　野　　夢　斗,標準/要当日展示,4,9,44.44,-4.53,標準,C
4514.0,上　條　　嘉　嗣,2コース差し/残り型,2,7,100.0,41.36,得意,C
3156.0,金　子　　良　昭,2コース差し/残り型,2,5,80.0,21.36,得意,C
4039.0,村　上　　功　祐,4カド攻撃型,4,8,62.5,13.53,得意,C
5216.0,長谷川　　晴　哉,2コース差し/残り型,2,6,83.33,24.69,得意,C
5095.0,小　原　　聡　将,2コース差し/残り型,2,6,66.67,8.03,得意,C
3904.0,森　　　　貴　洋,2コース差し/残り型,2,8,75.0,16.36,得意,C
5252.0,荒　木　　颯　斗,標準/要当日展示,2,3,66.67,8.03,少数参考,参考
5047.0,國　分　　将太郎,2コース差し/残り型,2,10,70.0,11.36,得意,B
4407.0,鹿　島　　敏　弘,イン安定型,1,6,66.67,-8.73,得意,C
5122.0,相　馬　　　　翔,標準/要当日展示,3,7,85.71,32.91,得意,C
5201.0,村　上　　宗太郎,イン安定型,1,9,88.89,13.49,得意,C
4983.0,前　田　　篤　哉,2コース差し/残り型,2,6,83.33,24.69,得意,C
5221.0,竹　間　　隆　晟,4カド攻撃型,4,5,80.0,31.03,得意,C
3744.0,徳　増　　秀　樹,4カド攻撃型,4,14,64.29,15.32,得意,B
5170.0,佐　藤　　太　亮,標準/要当日展示,1,3,100.0,24.6,少数参考,参考
4884.0,勝　浦　　真　帆,4カド攻撃型,4,5,60.0,11.03,得意,C
4984.0,森　下　　愛　梨,5コース残り型,5,8,50.0,12.88,得意,C
4900.0,中　田　　夕　貴,4カド攻撃型,4,9,55.56,6.59,やや得意,C
3175.0,渡　辺　　千　草,2コース差し/残り型,2,8,62.5,3.86,得意,C
4765.0,野田部　　宏　子,標準/要当日展示,6,7,42.86,10.83,得意,C
5151.0,山　下　　奈　緒,標準/要当日展示,5,4,50.0,12.88,少数参考,参考
4974.0,安　井　　瑞　紀,標準/要当日展示,4,6,33.33,-15.64,苦手,C
5163.0,清　水　　愛　海,標準/要当日展示,6,3,33.33,1.3,少数参考,参考
4117.0,廣　中　　智紗衣,4カド攻撃型,4,14,71.43,22.46,得意,B
3334.0,角　　　　ひとみ,5コース残り型,5,6,66.67,29.55,得意,C
3302.0,谷　川　　里　江,4カド攻撃型,4,7,85.71,36.74,得意,C
3207.0,田　村　　美　和,5コース残り型,5,7,42.86,5.74,やや得意,C
4419.0,原　　　　加央理,標準/要当日展示,4,4,75.0,26.03,少数参考,参考
5079.0,大　石　　真　央,標準/要当日展示,6,4,50.0,17.97,少数参考,参考
4993.0,下　野　　京　香,標準/要当日展示,3,3,66.67,13.87,少数参考,参考
4964.0,土　屋　　　　南,2コース差し/残り型,2,5,100.0,41.36,得意,C
4244.0,鈴　木　　成　美,イン安定型,1,11,90.91,15.51,得意,B
3645.0,淺　田　　千亜希,4カド攻撃型,4,5,100.0,51.03,得意,C
4408.0,仁　科　　さやか,標準/要当日展示,4,3,33.33,-15.64,少数参考,参考
4911.0,片　岡　　大　地,イン安定型,1,10,70.0,-5.4,得意,B
4060.0,島　田　　一　生,2コース差し/残り型,2,9,77.78,19.14,得意,C
5007.0,近　藤　　雄一郎,2コース差し/残り型,2,6,83.33,24.69,得意,C
5046.0,松　山　　裕　基,標準/要当日展示,6,4,50.0,17.97,少数参考,参考
5008.0,羽　野　　　　諒,標準/要当日展示,4,4,75.0,26.03,少数参考,参考
4549.0,小　林　　文　彦,標準/要当日展示,3,4,75.0,22.2,少数参考,参考
4368.0,山　口　　隆　史,標準/要当日展示,5,3,66.67,29.55,少数参考,参考
4462.0,夏　山　　亮　平,5コース残り型,5,7,57.14,20.02,得意,C
5063.0,大　塚　　雅　治,標準/要当日展示,5,8,37.5,0.38,標準,C
4977.0,馬　野　　　　耀,2コース差し/残り型,2,6,66.67,8.03,得意,C
4336.0,松　田　　竜　馬,2コース差し/残り型,2,9,88.89,30.25,得意,C
4640.0,山ノ内　　雅　人,2コース差し/残り型,2,9,88.89,30.25,得意,C
3444.0,香　月　　大　介,標準/要当日展示,3,6,33.33,-19.47,苦手,C
5105.0,富　田　　恕　生,標準/要当日展示,2,4,100.0,41.36,少数参考,参考
4214.0,林　　　　祐　介,4カド攻撃型,4,7,71.43,22.46,得意,C
5253.0,藤　井　　太　雅,標準/要当日展示,2,10,50.0,-8.64,標準,B
5033.0,藤　原　　孝　斗,標準/要当日展示,6,3,33.33,1.3,少数参考,参考
5225.0,斎　藤　　　　凜,標準/要当日展示,6,6,0.0,-32.03,苦手,C
4516.0,野　口　　勝　弘,2コース差し/残り型,2,10,80.0,21.36,得意,B
5076.0,石　原　　　　光,標準/要当日展示,5,3,33.33,-3.79,少数参考,参考
5232.0,樅　山　　拓　馬,標準/要当日展示,3,5,60.0,7.2,やや得意,C
4252.0,松　下　　哲　也,標準/要当日展示,3,3,66.67,13.87,少数参考,参考
4899.0,占　部　　一　真,イン安定型,1,7,71.43,-3.97,得意,C
3965.0,北　中　　元　樹,4カド攻撃型,4,8,75.0,26.03,得意,C
4054.0,福　嶋　　智　之,標準/要当日展示,5,3,66.67,29.55,少数参考,参考
4532.0,秋　元　　　　哲,標準/要当日展示,2,4,75.0,16.36,少数参考,参考
4264.0,長　尾　　章　平,4カド攻撃型,4,7,71.43,22.46,得意,C
4158.0,木　場　　雄二郎,標準/要当日展示,5,3,100.0,62.88,少数参考,参考
4448.0,青　木　　玄　太,標準/要当日展示,2,4,100.0,41.36,少数参考,参考
4475.0,末　永　　祐　輝,標準/要当日展示,2,4,75.0,16.36,少数参考,参考
4186.0,小　川　　時　光,標準/要当日展示,6,8,25.0,-7.03,標準,C
5084.0,末　永　　和　也,4カド攻撃型,4,6,83.33,34.36,得意,C
4362.0,土　屋　　智　則,2コース差し/残り型,2,7,71.43,12.79,得意,C
4296.0,岡　崎　　恭　裕,イン安定型,1,7,100.0,24.6,得意,C
3900.0,香　川　　素　子,イン安定型,1,7,85.71,10.31,得意,C
4848.0,仲　谷　　颯　仁,標準/要当日展示,4,3,100.0,51.03,少数参考,参考
4537.0,渡　邉　　和　将,5コース残り型,5,6,50.0,12.88,得意,C
4504.0,前　田　　将　太,2コース差し/残り型,2,7,85.71,27.07,得意,C
4980.0,佐々木　　完　太,2コース差し/残り型,2,6,66.67,8.03,得意,C
3623.0,深　川　　真　二,イン安定型,1,5,80.0,4.6,得意,C
4290.0,稲　田　　浩　二,イン安定型,1,5,100.0,24.6,得意,C
4566.0,塩　田　　北　斗,2コース差し/残り型,2,6,83.33,24.69,得意,C
3779.0,原　田　　幸　哉,標準/要当日展示,6,3,66.67,34.64,少数参考,参考
4932.0,新　開　　　　航,2コース差し/残り型,2,8,75.0,16.36,得意,C
4262.0,馬　場　　貴　也,4カド攻撃型,4,5,60.0,11.03,得意,C
4445.0,宮　地　　元　輝,4カド攻撃型,4,5,60.0,11.03,得意,C
4524.0,深　谷　　知　博,2コース差し/残り型,2,5,80.0,21.36,得意,C
4787.0,椎　名　　　　豊,2コース差し/残り型,2,8,75.0,16.36,得意,C
4502.0,遠　藤　　エ　ミ,標準/要当日展示,1,3,100.0,24.6,少数参考,参考
5043.0,中　村　　日　向,2コース差し/残り型,2,11,72.73,14.09,得意,B
4500.0,山　田　　康　二,イン安定型,1,6,100.0,24.6,得意,C
4831.0,羽　野　　直　也,イン安定型,1,6,100.0,24.6,得意,C
4230.0,濱　崎　　直　矢,4カド攻撃型,4,6,100.0,51.03,得意,C
4350.0,篠　崎　　元　志,標準/要当日展示,4,4,100.0,51.03,少数参考,参考
5005.0,石　田　　貴　洋,4カド攻撃型,4,5,60.0,11.03,得意,C
5045.0,平　川　　香　織,標準/要当日展示,3,10,70.0,17.2,得意,B
4453.0,永　田　　郁　弥,標準/要当日展示,5,4,50.0,12.88,少数参考,参考
4428.0,有　賀　　達　也,2コース差し/残り型,2,7,71.43,12.79,得意,C
4943.0,八　木　　治　樹,2コース差し/残り型,2,10,80.0,21.36,得意,B
4076.0,杉　田　　篤　光,4カド攻撃型,4,10,70.0,21.03,得意,B
4019.0,笠　原　　　　亮,2コース差し/残り型,2,6,83.33,24.69,得意,C
4544.0,松　田　　大志郎,4カド攻撃型,4,9,66.67,17.7,得意,C
3470.0,新　田　　芳　美,標準/要当日展示,2,3,66.67,8.03,少数参考,参考
3430.0,角　浜　　　　修,標準/要当日展示,2,3,66.67,8.03,少数参考,参考
5135.0,仲　　　　航　太,5コース残り型,5,28,53.57,16.45,得意,A
5259.0,野　田　　昇　吾,標準/要当日展示,6,9,0.0,-32.03,苦手,C
4377.0,濱　本　　優　一,2コース差し/残り型,2,9,88.89,30.25,得意,C
5279.0,石　渡　　翔一郎,標準/要当日展示,2,5,60.0,1.36,標準,C
5228.0,若　林　　樹　蘭,5コース残り型,5,8,62.5,25.38,得意,C
3950.0,石　川　　哲　秀,標準/要当日展示,6,5,40.0,7.97,やや得意,C
3589.0,西　村　　　　勝,2コース差し/残り型,2,9,66.67,8.03,得意,C
4989.0,石　原　　　　翼,4カド攻撃型,4,6,83.33,34.36,得意,C
5127.0,沼　田　　大　都,5コース残り型,5,8,75.0,37.88,得意,C
4009.0,小　林　　一　樹,標準/要当日展示,1,3,100.0,24.6,少数参考,参考
4850.0,野　中　　一　平,標準/要当日展示,2,5,60.0,1.36,標準,C
4111.0,奥　田　　　　誠,イン安定型,1,5,80.0,4.6,やや得意,C
4374.0,永　田　　義　紘,標準/要当日展示,2,3,66.67,8.03,少数参考,参考
5265.0,大　廣　　咲　季,標準/要当日展示,6,9,22.22,-9.81,標準,C
4929.0,梅　内　　夕貴奈,標準/要当日展示,4,4,25.0,-23.97,少数参考,参考
4478.0,櫻　本　　あゆみ,2コース差し/残り型,2,7,85.71,27.07,得意,C
5272.0,松　田　　真　実,標準/要当日展示,6,5,0.0,-32.03,苦手,C
4690.0,高　石　　梨　菜,2コース差し/残り型,2,12,83.33,24.69,得意,B
5057.0,上　田　　紗　奈,標準/要当日展示,5,3,66.67,29.55,少数参考,参考
5205.0,刑　部　　亜里紗,2コース差し/残り型,2,5,80.0,21.36,得意,C
5218.0,山　田　　理　央,標準/要当日展示,5,5,40.0,2.88,標準,C
4414.0,大　澤　　真　菜,標準/要当日展示,6,4,25.0,-7.03,少数参考,参考
4891.0,寺　島　　美　里,イン安定型,1,8,75.0,-0.4,得意,C
4123.0,細　川　　裕　子,4カド攻撃型,4,6,66.67,17.7,得意,C
4825.0,倉　持　　莉　々,2コース差し/残り型,2,11,63.64,5.0,やや得意,B
5203.0,神　里　　琴　音,標準/要当日展示,2,3,66.67,8.03,少数参考,参考
5153.0,佐　藤　　ほのか,標準/要当日展示,6,10,20.0,-12.03,苦手,B
4501.0,樋　口　　由加里,2コース差し/残り型,2,6,66.67,8.03,得意,C
4941.0,孫　崎　　百　世,5コース残り型,5,5,80.0,42.88,得意,C
4546.0,浜　田　　亜理沙,2コース差し/残り型,2,6,66.67,8.03,得意,C
4998.0,中　村　　かなえ,2コース差し/残り型,2,5,100.0,41.36,得意,C
4730.0,土　屋　　実沙希,標準/要当日展示,6,6,50.0,17.97,得意,C
4885.0,大　山　　千　広,標準/要当日展示,1,3,100.0,24.6,少数参考,参考
4945.0,上　村　　宏　太,4カド攻撃型,4,11,63.64,14.67,得意,B
3107.0,平　岡　　重　典,4カド攻撃型,4,5,60.0,11.03,得意,C
4405.0,南　野　　利　騰,標準/要当日展示,4,4,75.0,26.03,少数参考,参考
3748.0,小　黒　　竜　吾,標準/要当日展示,6,7,28.57,-3.46,標準,C
5048.0,眞　鳥　　康　太,2コース差し/残り型,2,5,80.0,21.36,得意,C
3843.0,上　之　　晃　弘,2コース差し/残り型,2,6,83.33,24.69,得意,C
4834.0,浜　本　　裕　己,標準/要当日展示,5,4,50.0,12.88,少数参考,参考
5110.0,杉　山　　喜　一,2コース差し/残り型,2,9,77.78,19.14,得意,C
4969.0,町　田　　洸　希,標準/要当日展示,6,3,66.67,34.64,少数参考,参考
5012.0,加　倉　　侑　征,2コース差し/残り型,2,6,66.67,8.03,得意,C
5175.0,島　崎　　丈一朗,4カド攻撃型,4,12,58.33,9.36,得意,B
4728.0,山　口　　　　亮,2コース差し/残り型,2,9,66.67,8.03,得意,C
4553.0,坪　口　　竜　也,標準/要当日展示,2,3,100.0,41.36,少数参考,参考
4917.0,岩　橋　　裕　馬,標準/要当日展示,5,3,66.67,29.55,少数参考,参考
5044.0,渡　邉　　　　健,4カド攻撃型,4,13,69.23,20.26,得意,B
5065.0,伊久間　　陽　優,標準/要当日展示,2,3,66.67,8.03,少数参考,参考
3850.0,小　川　　知　行,2コース差し/残り型,2,10,70.0,11.36,得意,B
5006.0,久保原　　秀　人,標準/要当日展示,6,3,33.33,1.3,少数参考,参考
4700.0,金　子　　和　之,2コース差し/残り型,2,7,85.71,27.07,得意,C
4933.0,板　橋　　侑　我,2コース差し/残り型,2,5,80.0,21.36,得意,C
4155.0,長　野　　壮志郎,2コース差し/残り型,2,9,77.78,19.14,得意,C
3719.0,辻　　　　栄　蔵,2コース差し/残り型,2,9,77.78,19.14,得意,C
4388.0,是　澤　　孝　宏,イン安定型,1,8,75.0,-0.4,得意,C
4715.0,村　上　　　　遼,標準/要当日展示,3,6,50.0,-2.8,標準,C
3562.0,山　下　　和　彦,標準/要当日展示,6,3,100.0,67.97,少数参考,参考
4816.0,村　松　　修　二,2コース差し/残り型,2,6,83.33,24.69,得意,C
4828.0,松　山　　将　吾,標準/要当日展示,6,5,40.0,7.97,やや得意,C
4337.0,平　本　　真　之,イン安定型,1,6,83.33,7.93,得意,C
4371.0,西　山　　貴　浩,イン安定型,1,5,100.0,24.6,得意,C
4772.0,石　丸　　海　渡,標準/要当日展示,2,3,66.67,8.03,少数参考,参考
4719.0,上　條　　暢　嵩,標準/要当日展示,1,3,100.0,24.6,少数参考,参考
4916.0,中　村　　聡　志,標準/要当日展示,4,4,50.0,1.03,少数参考,参考
5288.0,尾　道　　佳　諭,標準/要当日展示,5,13,23.08,-14.04,苦手,B
4992.0,廣　瀬　　篤　哉,標準/要当日展示,1,4,100.0,24.6,少数参考,参考
4197.0,渥　美　　卓　郎,標準/要当日展示,3,5,60.0,7.2,やや得意,C
3536.0,一　色　　雅　昭,標準/要当日展示,6,6,33.33,1.3,標準,C
5185.0,加　藤　　優　弥,標準/要当日展示,5,4,25.0,-12.12,少数参考,参考
4058.0,野　末　　智　一,2コース差し/残り型,2,5,80.0,21.36,得意,C
4427.0,秦　　　　英　悟,2コース差し/残り型,2,5,80.0,21.36,得意,C
5090.0,生　方　　靖　亜,イン安定型,1,8,75.0,-0.4,得意,C
4798.0,浜　先　　真　範,2コース差し/残り型,2,11,81.82,23.18,得意,B
4877.0,鈴　谷　　一　平,2コース差し/残り型,2,6,83.33,24.69,得意,C
4930.0,佐　藤　　　　悠,標準/要当日展示,3,4,75.0,22.2,少数参考,参考
3912.0,川　原　　正　明,標準/要当日展示,4,3,66.67,17.7,少数参考,参考
4686.0,丸　野　　一　樹,標準/要当日展示,6,3,33.33,1.3,少数参考,参考
4358.0,松　本　　庸　平,標準/要当日展示,5,3,66.67,29.55,少数参考,参考
3931.0,黒　崎　　竜　也,標準/要当日展示,4,4,100.0,51.03,少数参考,参考
5197.0,中　野　　仁　照,標準/要当日展示,6,6,50.0,17.97,得意,C
3305.0,小　野　　信　樹,標準/要当日展示,6,3,66.67,34.64,少数参考,参考
3482.0,金　子　　猛　志,イン安定型,1,7,71.43,-3.97,得意,C
3922.0,菅　沼　　佳　昭,標準/要当日展示,1,3,66.67,-8.73,少数参考,参考
3712.0,淺　香　　文　武,イン安定型,1,5,80.0,4.6,得意,C
4956.0,齊　藤　　大　将,5コース残り型,5,10,60.0,22.88,得意,B
4308.0,河　村　　　　了,2コース差し/残り型,2,9,77.78,19.14,得意,C
4084.0,杉　山　　正　樹,2コース差し/残り型,2,6,66.67,8.03,得意,C
4633.0,森　　　　智　也,標準/要当日展示,6,3,66.67,34.64,少数参考,参考
5178.0,成　貞　　琳　平,標準/要当日展示,3,3,33.33,-19.47,少数参考,参考
5246.0,楠　　　　将太郎,標準/要当日展示,3,5,60.0,7.2,やや得意,C
4047.0,吉　永　　浩　則,標準/要当日展示,2,4,50.0,-8.64,少数参考,参考
4898.0,菊　地　　敬　介,標準/要当日展示,1,4,75.0,-0.4,少数参考,参考
4555.0,富　永　　大　一,イン安定型,1,5,80.0,4.6,得意,C
4229.0,市　川　　美　宏,2コース差し/残り型,2,10,80.0,21.36,得意,B
4856.0,豊　田　　健士郎,2コース差し/残り型,2,5,80.0,21.36,得意,C
4175.0,川　尻　　泰　輔,4カド攻撃型,4,7,71.43,22.46,得意,C
4580.0,長谷川　　雅　和,標準/要当日展示,1,4,100.0,24.6,少数参考,参考
5292.0,佐　藤　　右　京,標準/要当日展示,3,4,50.0,-2.8,少数参考,参考
5010.0,宇留田　　翔　平,2コース差し/残り型,2,8,75.0,16.36,得意,C
5257.0,西　丸　　侑太朗,4カド攻撃型,4,5,60.0,11.03,得意,C
3889.0,須　藤　　隆　雄,2コース差し/残り型,2,6,66.67,8.03,得意,C
4452.0,松　尾　　　　祭,5コース残り型,5,5,60.0,22.88,得意,C
4376.0,藤　田　　靖　弘,2コース差し/残り型,2,9,66.67,8.03,得意,C
4202.0,浮　田　　圭　浩,2コース差し/残り型,2,5,80.0,21.36,得意,C
3637.0,齋　藤　　和　政,2コース差し/残り型,2,5,80.0,21.36,得意,C
3596.0,河　上　　年　昭,標準/要当日展示,4,5,40.0,-8.97,標準,C
5032.0,谷　口　　知　優,標準/要当日展示,2,4,100.0,41.36,少数参考,参考
4148.0,枝　尾　　　　賢,2コース差し/残り型,2,5,80.0,21.36,得意,C
4729.0,佐　藤　　謙史朗,標準/要当日展示,6,6,50.0,17.97,得意,C
4446.0,和　田　　兼　輔,2コース差し/残り型,2,6,66.67,8.03,得意,C
4852.0,川　原　　祐　明,標準/要当日展示,1,3,100.0,24.6,少数参考,参考
4999.0,沓　名　　貴　輝,標準/要当日展示,6,3,0.0,-32.03,少数参考,参考
4656.0,大　崎　　　　翔,標準/要当日展示,6,5,40.0,7.97,やや得意,C
4551.0,三　川　　昂　暁,5コース残り型,5,7,42.86,5.74,やや得意,C
4261.0,岡　　　　祐　臣,4カド攻撃型,4,8,62.5,13.53,得意,C
4472.0,尾　嶋　　一　広,2コース差し/残り型,2,5,100.0,41.36,得意,C
4821.0,妻　鳥　　晋　也,標準/要当日展示,5,5,40.0,2.88,標準,C
4684.0,楠　原　　翔　太,標準/要当日展示,2,6,50.0,-8.64,標準,C
4193.0,郷　原　　章　平,2コース差し/残り型,2,6,100.0,41.36,得意,C
4788.0,小　池　　哲　也,4カド攻撃型,4,6,66.67,17.7,得意,C
4839.0,四　宮　　与　寛,標準/要当日展示,2,3,100.0,41.36,少数参考,参考
3852.0,澤　　　　大　介,標準/要当日展示,5,3,0.0,-37.12,少数参考,参考
4895.0,門　間　　雄　大,5コース残り型,5,11,63.64,26.52,得意,B
5100.0,栗　原　　一　馬,標準/要当日展示,6,9,33.33,1.3,標準,C
5269.0,山　口　　晃　朋,5コース残り型,5,8,87.5,50.38,得意,C
4486.0,野　村　　　　誠,4カド攻撃型,4,8,87.5,38.53,得意,C
5234.0,塚　越　　海　斗,4カド攻撃型,4,5,80.0,31.03,得意,C
4215.0,吉　島　　祥　之,標準/要当日展示,3,3,100.0,47.2,少数参考,参考
4866.0,橋　本　　英　一,2コース差し/残り型,2,7,71.43,12.79,得意,C
4887.0,富　澤　　祐　作,2コース差し/残り型,2,9,100.0,41.36,得意,C
5074.0,大　澤　　誠　也,標準/要当日展示,5,5,20.0,-17.12,苦手,C
5242.0,高　山　　弘　斗,標準/要当日展示,6,4,25.0,-7.03,少数参考,参考
4995.0,田　邉　　亮　蔵,4カド攻撃型,4,11,54.55,5.58,やや得意,B
5035.0,櫻　井　　　　優,イン安定型,1,7,71.43,-3.97,得意,C
4401.0,小　林　　　　泰,2コース差し/残り型,2,9,66.67,8.03,得意,C
5248.0,本　田　　　　愛,標準/要当日展示,4,4,50.0,1.03,少数参考,参考
4097.0,貫地谷　　直　人,標準/要当日展示,2,3,66.67,8.03,少数参考,参考
5174.0,川　井　　　　萌,標準/要当日展示,2,3,100.0,41.36,少数参考,参考
4272.0,大　場　　広　孝,2コース差し/残り型,2,5,100.0,41.36,得意,C
4311.0,岡　村　　　　仁,2コース差し/残り型,2,6,83.33,24.69,得意,C
4886.0,入　海　　　　馨,4カド攻撃型,4,5,100.0,51.03,得意,C
5140.0,吉　田　　彩　乃,標準/要当日展示,1,3,66.67,-8.73,少数参考,参考
4871.0,菊　池　　宏　志,標準/要当日展示,1,3,100.0,24.6,少数参考,参考
5301.0,岩　下　　巧　斗,標準/要当日展示,4,9,44.44,-4.53,標準,C
4864.0,小　川　　日紀太,2コース差し/残り型,2,6,83.33,24.69,得意,C
3948.0,大　町　　利　克,標準/要当日展示,6,7,28.57,-3.46,標準,C
5229.0,吉　川　　晴　人,5コース残り型,5,8,50.0,12.88,得意,C
4872.0,山　下　　流　心,標準/要当日展示,1,4,100.0,24.6,少数参考,参考
4953.0,尾　上　　雅　也,2コース差し/残り型,2,10,70.0,11.36,得意,B
3831.0,安　藤　　裕　貴,標準/要当日展示,2,3,66.67,8.03,少数参考,参考
4842.0,山　下　　昂　大,2コース差し/残り型,2,6,83.33,24.69,得意,C
5290.0,坂　本　　一　真,標準/要当日展示,4,5,20.0,-28.97,苦手,C
3315.0,広　瀬　　聖　仁,5コース残り型,5,6,50.0,12.88,得意,C
4483.0,北　野　　輝　季,標準/要当日展示,4,4,100.0,51.03,少数参考,参考
5294.0,豊　田　　祥　生,標準/要当日展示,4,7,28.57,-20.4,苦手,C
3967.0,鈴　木　　茂　高,標準/要当日展示,2,7,57.14,-1.5,標準,C
4607.0,鶴　田　　勇　雄,5コース残り型,5,6,50.0,12.88,得意,C
5126.0,山　下　　大　輝,4カド攻撃型,4,7,57.14,8.17,得意,C
4564.0,山　本　　景士郎,2コース差し/残り型,2,5,80.0,21.36,得意,C
4404.0,岸　蔭　　　　亮,標準/要当日展示,4,3,66.67,17.7,少数参考,参考
4584.0,村　岡　　賢　人,2コース差し/残り型,2,9,66.67,8.03,得意,C
3775.0,泉　　　　啓　文,標準/要当日展示,1,3,100.0,24.6,少数参考,参考
5129.0,山　口　　真喜子,2コース差し/残り型,2,6,66.67,8.03,得意,C
5287.0,滝　沢　　織　寧,標準/要当日展示,6,4,0.0,-32.03,少数参考,参考
3752.0,宇　土　　泰　就,標準/要当日展示,6,4,50.0,17.97,少数参考,参考
4978.0,山　田　　和　佐,標準/要当日展示,3,3,33.33,-19.47,少数参考,参考
4720.0,西　澤　　日花里,標準/要当日展示,6,4,50.0,17.97,少数参考,参考
4435.0,服　部　　達　哉,2コース差し/残り型,2,8,87.5,28.86,得意,C
4924.0,中　北　　　　涼,標準/要当日展示,5,3,100.0,62.88,少数参考,参考
4543.0,重　木　　輝　彦,標準/要当日展示,3,4,75.0,22.2,少数参考,参考
3809.0,吉　田　　　　光,標準/要当日展示,6,3,100.0,67.97,少数参考,参考
4991.0,宗　行　　治　哉,標準/要当日展示,4,4,75.0,26.03,少数参考,参考
4529.0,嶋　　　　義　信,標準/要当日展示,3,4,75.0,22.2,少数参考,参考
4204.0,柴　田　　大　輔,標準/要当日展示,4,3,66.67,17.7,少数参考,参考
4045.0,佐々木　　裕　美,標準/要当日展示,6,6,33.33,1.3,標準,C
5019.0,柴　田　　百　恵,標準/要当日展示,1,3,100.0,24.6,少数参考,参考
3604.0,武　藤　　綾　子,標準/要当日展示,1,4,75.0,-0.4,少数参考,参考
5306.0,河　内　　悠利杏,標準/要当日展示,5,8,12.5,-24.62,苦手,C
3934.0,鋤　柄　　貴　俊,2コース差し/残り型,2,5,80.0,21.36,得意,C
4739.0,中　村　　晃　朋,5コース残り型,5,9,55.56,18.44,得意,C
3788.0,一　宮　　稔　弘,4カド攻撃型,4,5,60.0,11.03,得意,C
5133.0,堀　越　　雄　貴,イン安定型,1,22,77.27,1.87,得意,A
4451.0,松　崎　　祐太郎,イン安定型,1,6,83.33,7.93,得意,C
4635.0,峰　重　　力　也,標準/要当日展示,3,3,100.0,47.2,少数参考,参考
3333.0,丸　尾　　義　孝,標準/要当日展示,6,4,75.0,42.97,少数参考,参考
4010.0,越　智　　照　浩,標準/要当日展示,4,4,50.0,1.03,少数参考,参考
5194.0,大久保　　佑　香,標準/要当日展示,2,7,57.14,-1.5,標準,C
4893.0,渡　邉　　真奈美,標準/要当日展示,5,4,75.0,37.88,少数参考,参考
5251.0,沼　田　　七　華,標準/要当日展示,3,4,25.0,-27.8,少数参考,参考
4791.0,黒　澤　　めぐみ,イン安定型,1,6,83.33,7.93,やや得意,C
4317.0,木　村　　紗友希,標準/要当日展示,2,4,100.0,41.36,少数参考,参考
3232.0,山　川　　美由紀,2コース差し/残り型,2,5,80.0,21.36,得意,C
5164.0,森　田　　梨　湖,標準/要当日展示,5,3,0.0,-37.12,少数参考,参考
4208.0,三　浦　　永　理,標準/要当日展示,4,3,100.0,51.03,少数参考,参考
4071.0,古　賀　　千　晶,2コース差し/残り型,2,5,80.0,21.36,得意,C
4183.0,宇　野　　弥　生,2コース差し/残り型,2,6,66.67,8.03,得意,C
3999.0,大　瀧　　明日香,2コース差し/残り型,2,6,100.0,41.36,得意,C
4283.0,石　井　　裕　美,標準/要当日展示,2,4,75.0,16.36,少数参考,参考
4784.0,向井田　　真　紀,標準/要当日展示,1,4,75.0,-0.4,少数参考,参考
3611.0,岩　崎　　芳　美,標準/要当日展示,3,3,100.0,47.2,少数参考,参考
3188.0,日　高　　逸　子,標準/要当日展示,1,3,100.0,24.6,少数参考,参考
4046.0,谷　村　　啓　司,標準/要当日展示,6,3,0.0,-32.03,少数参考,参考
4572.0,渡　部　　　　悟,2コース差し/残り型,2,6,83.33,24.69,得意,C
4588.0,田　中　　京　介,2コース差し/残り型,2,6,66.67,8.03,得意,C
4865.0,立　具　　敬　司,標準/要当日展示,3,3,66.67,13.87,少数参考,参考
5022.0,伊　藤　　尚　汰,標準/要当日展示,6,5,60.0,27.97,得意,C
5049.0,松　井　　友　汰,2コース差し/残り型,2,6,83.33,24.69,得意,C
4119.0,泥　谷　　一　毅,2コース差し/残り型,2,5,80.0,21.36,得意,C
4042.0,丸　岡　　正　典,標準/要当日展示,1,4,100.0,24.6,少数参考,参考
4934.0,佐々木　　翔　斗,2コース差し/残り型,2,6,83.33,24.69,得意,C
5314.0,中　曽　　瑠　華,標準/要当日展示,5,10,10.0,-27.12,苦手,B
5310.0,土　屋　　　　蘭,標準/要当日展示,6,9,0.0,-32.03,苦手,C
4644.0,山　田　　亮　太,5コース残り型,5,7,57.14,20.02,得意,C
3869.0,井　芹　　大　志,5コース残り型,5,7,42.86,5.74,やや得意,C
4786.0,佐　藤　　博　亮,2コース差し/残り型,2,5,80.0,21.36,得意,C
4703.0,森　永　　　　隆,5コース残り型,5,6,66.67,29.55,得意,C
4191.0,赤　羽　　克　也,イン安定型,1,8,62.5,-12.9,得意,C
5066.0,鈴　木　　孝　明,4カド攻撃型,4,9,66.67,17.7,得意,C
4709.0,岡　村　　将　也,4カド攻撃型,4,5,80.0,31.03,得意,C
4488.0,小　山　　　　勉,2コース差し/残り型,2,6,66.67,8.03,得意,C
4790.0,柳　内　　敬　太,標準/要当日展示,5,3,66.67,29.55,少数参考,参考
4240.0,今　井　　裕　梨,2コース差し/残り型,2,5,100.0,41.36,得意,C
5000.0,岡　本　　翔太郎,標準/要当日展示,4,3,33.33,-15.64,少数参考,参考
5034.0,若　林　　義　人,4カド攻撃型,4,8,87.5,38.53,得意,C
5231.0,寺　田　　空　詩,標準/要当日展示,2,4,75.0,16.36,少数参考,参考
4957.0,竹之内　　　　極,イン安定型,1,5,100.0,24.6,得意,C
5193.0,米　丸　　乃　絵,標準/要当日展示,3,3,33.33,-19.47,少数参考,参考
5068.0,前　田　　　　滉,イン安定型,1,5,80.0,4.6,やや得意,C
3935.0,岩　津　　徹　郎,標準/要当日展示,2,5,60.0,1.36,標準,C
5322.0,根　岸　　真　優,標準/要当日展示,5,7,14.29,-22.83,苦手,C
5220.0,青　木　　　　蓮,標準/要当日展示,4,3,66.67,17.7,少数参考,参考
5177.0,松　井　　貫　太,標準/要当日展示,6,4,50.0,17.97,少数参考,参考
5327.0,西　田　　和　加,標準/要当日展示,6,14,0.0,-32.03,苦手,B
5186.0,遠　藤　　圭　吾,標準/要当日展示,5,7,28.57,-8.55,標準,C
5212.0,西　川　　拓　利,標準/要当日展示,6,4,0.0,-32.03,少数参考,参考
5207.0,高　山　　敬　悟,標準/要当日展示,2,5,60.0,1.36,標準,C
5077.0,滝　沢　　　　崚,標準/要当日展示,6,5,20.0,-12.03,苦手,C
4464.0,山　下　　友　貴,標準/要当日展示,1,4,100.0,24.6,少数参考,参考
5320.0,岩　崎　　麗　子,標準/要当日展示,6,15,0.0,-32.03,苦手,B
3642.0,大　塚　　浩　二,標準/要当日展示,1,4,75.0,-0.4,少数参考,参考
4952.0,吉　武　　真　也,標準/要当日展示,3,4,75.0,22.2,少数参考,参考
3516.0,吉　原　　聖　人,2コース差し/残り型,2,6,66.67,8.03,得意,C
4903.0,吉　田　　凌太朗,標準/要当日展示,4,3,66.67,17.7,少数参考,参考
4781.0,西　舘　　果　里,標準/要当日展示,2,4,50.0,-8.64,少数参考,参考
3503.0,堂　原　　洋　史,標準/要当日展示,1,3,66.67,-8.73,少数参考,参考
3339.0,泉　　　　具　巳,標準/要当日展示,5,4,50.0,12.88,少数参考,参考
5315.0,浅　井　　　　翼,標準/要当日展示,3,3,33.33,-19.47,少数参考,参考
4888.0,金　児　　隆　太,イン安定型,1,9,88.89,13.49,得意,C
5295.0,田　上　　　　凜,標準/要当日展示,6,8,0.0,-32.03,苦手,C
5331.0,佐　藤　　永　梧,標準/要当日展示,5,7,14.29,-22.83,苦手,C
5167.0,小　川　　竜太朗,標準/要当日展示,6,4,25.0,-7.03,少数参考,参考
5130.0,上　野　　拓　馬,5コース残り型,5,7,57.14,20.02,得意,C
5020.0,宮　村　　勇　哉,標準/要当日展示,3,4,75.0,22.2,少数参考,参考
3982.0,福　田　　　　理,標準/要当日展示,6,3,33.33,1.3,少数参考,参考
4931.0,木　谷　　賢　太,5コース残り型,5,5,60.0,22.88,得意,C
5313.0,鈴　木　　唯　央,標準/要当日展示,6,21,4.76,-27.27,苦手,A
4754.0,松　尾　　　　充,4カド攻撃型,4,6,66.67,17.7,得意,C
4213.0,重　富　　伸　也,標準/要当日展示,3,3,100.0,47.2,少数参考,参考
5018.0,竹　下　　大　樹,イン安定型,1,6,83.33,7.93,やや得意,C
4985.0,井　本　　昌　也,2コース差し/残り型,2,8,75.0,16.36,得意,C
4725.0,佐　竹　　太　一,標準/要当日展示,6,5,40.0,7.97,やや得意,C
4973.0,栗　原　　直　也,標準/要当日展示,2,3,66.67,8.03,少数参考,参考
5060.0,数　原　　　　魁,標準/要当日展示,2,3,100.0,41.36,少数参考,参考
3952.0,中　澤　　和　志,2コース差し/残り型,2,7,71.43,12.79,得意,C
5141.0,大　澤　　風　葵,標準/要当日展示,6,6,100.0,67.97,得意,C
5042.0,畑　田　　汰　一,4カド攻撃型,4,6,83.33,34.36,得意,C
4738.0,清　埜　　翔　子,イン安定型,1,7,85.71,10.31,得意,C
5051.0,松　本　　純　平,2コース差し/残り型,2,6,100.0,41.36,得意,C
4960.0,黒　野　　元　基,2コース差し/残り型,2,6,66.67,8.03,得意,C
5321.0,一　色　　颯　輝,5コース残り型,5,5,60.0,22.88,得意,C
4908.0,上　田　　龍　星,イン安定型,1,7,71.43,-3.97,得意,C
4914.0,吉　田　　裕　平,標準/要当日展示,4,3,100.0,51.03,少数参考,参考
3643.0,米　田　　隆　弘,イン安定型,1,5,100.0,24.6,得意,C
5245.0,倉　富　　大　誠,標準/要当日展示,4,9,11.11,-37.86,苦手,C
3558.0,山　本　　浩　次,標準/要当日展示,3,5,60.0,7.2,やや得意,C
4967.0,中　村　　魁　生,4カド攻撃型,4,7,57.14,8.17,得意,C
5058.0,前　原　　大　道,標準/要当日展示,3,3,100.0,47.2,少数参考,参考
5258.0,仲　本　　　　舜,標準/要当日展示,5,4,75.0,37.88,少数参考,参考
5222.0,津　田　　陸　翔,標準/要当日展示,3,3,66.67,13.87,少数参考,参考
4776.0,竹　田　　和　哉,2コース差し/残り型,2,5,80.0,21.36,得意,C
4944.0,田　代　　達　也,5コース残り型,5,9,44.44,7.32,やや得意,C
4074.0,柳　沢　　　　一,4カド攻撃型,4,5,80.0,31.03,得意,C
4976.0,金　山　　立　樹,標準/要当日展示,3,5,60.0,7.2,やや得意,C
5071.0,野見山　　拓　己,イン安定型,1,6,83.33,7.93,得意,C
4352.0,下　條　　雄太郎,標準/要当日展示,4,3,100.0,51.03,少数参考,参考
5158.0,宮　脇　　遼　太,標準/要当日展示,5,4,50.0,12.88,少数参考,参考
4471.0,新　田　　泰　章,イン安定型,1,5,80.0,4.6,得意,C
5204.0,宇　恵　　有　香,標準/要当日展示,3,3,66.67,13.87,少数参考,参考
5209.0,小　野　　京　平,標準/要当日展示,6,4,0.0,-32.03,少数参考,参考
5319.0,近　藤　　颯　斗,標準/要当日展示,5,3,33.33,-3.79,少数参考,参考
5332.0,村　松　　遥　輝,標準/要当日展示,6,3,33.33,1.3,少数参考,参考
4648.0,木　村　　亮　太,2コース差し/残り型,2,6,66.67,8.03,得意,C
3939.0,渡　辺　　真　至,標準/要当日展示,5,3,100.0,62.88,少数参考,参考
4000.0,松　本　　博　昭,標準/要当日展示,2,4,100.0,41.36,少数参考,参考
5300.0,横　田　　海　人,標準/要当日展示,6,7,14.29,-17.74,苦手,C
3702.0,貞　兼　　淳　二,標準/要当日展示,3,3,66.67,13.87,少数参考,参考
5082.0,一　色　　凌　雅,標準/要当日展示,1,3,100.0,24.6,少数参考,参考
5028.0,原　田　　才一郎,標準/要当日展示,4,4,100.0,51.03,少数参考,参考
5278.0,田　中　　駿　兵,4カド攻撃型,4,5,80.0,31.03,得意,C
5211.0,高　井　　駿　弥,標準/要当日展示,3,3,66.67,13.87,少数参考,参考
5103.0,芝　田　　京　介,標準/要当日展示,2,3,66.67,8.03,少数参考,参考
5223.0,森　清　　友　翔,標準/要当日展示,5,4,50.0,12.88,少数参考,参考
5166.0,仲　道　　大　輔,標準/要当日展示,5,3,66.67,29.55,少数参考,参考
5298.0,水　谷　　理　人,5コース残り型,5,6,83.33,46.21,得意,C
5249.0,三　木　　晴　斗,標準/要当日展示,5,3,66.67,29.55,少数参考,参考
5267.0,石　本　　裕　武,4カド攻撃型,4,6,66.67,17.7,得意,C
5136.0,濱　野　　斗　馬,標準/要当日展示,4,4,100.0,51.03,少数参考,参考
5289.0,佃　　　　來　紀,4カド攻撃型,4,9,55.56,6.59,やや得意,C
5274.0,城　間　　盛　渚,標準/要当日展示,2,3,100.0,41.36,少数参考,参考
5016.0,宮　田　　龍　馬,標準/要当日展示,5,3,100.0,62.88,少数参考,参考
5112.0,砂　長　　知　輝,2コース差し/残り型,2,8,87.5,28.86,得意,C
5089.0,前　田　　　　翔,イン安定型,1,5,100.0,24.6,得意,C
5075.0,中　島　　秀　治,イン安定型,1,5,80.0,4.6,やや得意,C
5041.0,荒　牧　　凪　沙,標準/要当日展示,1,4,100.0,24.6,少数参考,参考
5217.0,藤　原　　碧　生,4カド攻撃型,4,5,80.0,31.03,得意,C
5196.0,鰐　部　　太空海,標準/要当日展示,6,4,50.0,17.97,少数参考,参考
5179.0,藤　本　　元　輝,標準/要当日展示,1,3,100.0,24.6,少数参考,参考
5037.0,田　頭　　虎　親,標準/要当日展示,2,3,66.67,8.03,少数参考,参考
4692.0,酒　井　　俊　弘,標準/要当日展示,6,3,66.67,34.64,少数参考,参考
4138.0,中　井　　俊　祐,標準/要当日展示,5,3,66.67,29.55,少数参考,参考
3811.0,石　田　　章　央,2コース差し/残り型,2,8,75.0,16.36,得意,C
4896.0,花　本　　　　剛,イン安定型,1,5,80.0,4.6,得意,C
4571.0,菅　　　　章　哉,標準/要当日展示,5,5,40.0,2.88,標準,C
5227.0,川　原　　愛　未,標準/要当日展示,2,3,33.33,-25.31,少数参考,参考
4878.0,西　岡　　育　未,標準/要当日展示,5,3,66.67,29.55,少数参考,参考
5230.0,石　原　　凪　紗,標準/要当日展示,6,3,33.33,1.3,少数参考,参考
4691.0,水　原　　　　慎,標準/要当日展示,3,3,100.0,47.2,少数参考,参考
4902.0,山　川　　雄　大,5コース残り型,5,7,42.86,5.74,やや得意,C
4892.0,柴　田　　直　哉,5コース残り型,5,7,42.86,5.74,やや得意,C
4737.0,竹　井　　貴　史,2コース差し/残り型,2,5,100.0,41.36,得意,C
5206.0,梅　原　　祥　平,標準/要当日展示,5,5,20.0,-17.12,苦手,C
4714.0,喜多須　　杏　奈,標準/要当日展示,3,5,80.0,27.2,得意,C
5026.0,安河内　　　　健,標準/要当日展示,3,3,100.0,47.2,少数参考,参考
4782.0,浜　崎　　準　也,標準/要当日展示,3,3,66.67,13.87,少数参考,参考
4704.0,河　野　　　　大,4カド攻撃型,4,5,60.0,11.03,得意,C
5318.0,河　内　　一　馬,標準/要当日展示,6,11,0.0,-32.03,苦手,B
4757.0,山　田　　祐　也,標準/要当日展示,4,3,66.67,17.7,少数参考,参考
4129.0,宇　野　　博　之,標準/要当日展示,3,6,50.0,-2.8,標準,C
4661.0,中　島　　昂　章,標準/要当日展示,4,3,66.67,17.7,少数参考,参考
5359.0,佐　藤　　世　那,イン安定型,1,5,80.0,4.6,得意,C
3612.0,馬　袋　　義　則,2コース差し/残り型,2,7,100.0,41.36,得意,C
3822.0,平　尾　　崇　典,標準/要当日展示,4,4,50.0,1.03,少数参考,参考
4762.0,藤　原　　啓史朗,標準/要当日展示,3,3,100.0,47.2,少数参考,参考
3832.0,下　田　　哲　也,標準/要当日展示,3,7,71.43,18.63,得意,C
4693.0,松　下　　誉　士,標準/要当日展示,6,3,33.33,1.3,少数参考,参考
4747.0,山　戸　　信　二,標準/要当日展示,4,3,33.33,-15.64,少数参考,参考
4832.0,権　藤　　俊　光,2コース差し/残り型,2,5,80.0,21.36,得意,C
3944.0,山　口　　裕　二,2コース差し/残り型,2,5,80.0,21.36,得意,C
4219.0,本　岡　　勝　利,標準/要当日展示,4,4,50.0,1.03,少数参考,参考
4041.0,小　林　　基　樹,標準/要当日展示,3,5,60.0,7.2,やや得意,C
4180.0,上　野　　秀　和,標準/要当日展示,6,3,33.33,1.3,少数参考,参考
5360.0,高　木　　茉　白,標準/要当日展示,6,4,0.0,-32.03,少数参考,参考
5357.0,田　中　　瀬里奈,標準/要当日展示,6,10,0.0,-32.03,苦手,B
4705.0,吉　川　　勇　作,標準/要当日展示,1,4,75.0,-0.4,少数参考,参考
4579.0,中　嶋　　健一郎,標準/要当日展示,6,6,83.33,51.3,得意,C
3898.0,平　田　　忠　則,イン安定型,1,5,100.0,24.6,得意,C
5115.0,香　川　　颯　太,2コース差し/残り型,2,5,80.0,21.36,得意,C
4683.0,向井田　　直　弥,標準/要当日展示,5,3,33.33,-3.79,少数参考,参考
5147.0,田　中　　勇　輔,4カド攻撃型,4,5,60.0,11.03,得意,C
5073.0,上　原　　健次郎,2コース差し/残り型,2,5,80.0,21.36,得意,C
3682.0,切　田　　潤　二,標準/要当日展示,5,3,33.33,-3.79,少数参考,参考
5239.0,上　野　　俊　樹,標準/要当日展示,5,4,75.0,37.88,少数参考,参考
5055.0,眞　鳥　　章　太,標準/要当日展示,6,4,50.0,17.97,少数参考,参考
4067.0,永　井　　　　源,2コース差し/残り型,2,6,66.67,8.03,得意,C
3896.0,上　田　　洋　平,標準/要当日展示,6,4,50.0,17.97,少数参考,参考
5303.0,土　井　　歩　夢,標準/要当日展示,1,3,100.0,24.6,少数参考,参考
3349.0,吉　田　　一　郎,標準/要当日展示,2,3,66.67,8.03,少数参考,参考
5345.0,牧　村　　俊　輝,標準/要当日展示,6,14,0.0,-32.03,苦手,B
3915.0,繁野谷　　圭　介,4カド攻撃型,4,6,83.33,34.36,得意,C
4724.0,吉　田　　祐　貴,標準/要当日展示,6,6,66.67,34.64,得意,C
5323.0,香　川　　陽　太,標準/要当日展示,5,3,33.33,-3.79,少数参考,参考
3987.0,後　藤　　正　宗,標準/要当日展示,1,3,100.0,24.6,少数参考,参考
5029.0,中　　　　亮　太,標準/要当日展示,6,4,50.0,17.97,少数参考,参考
4735.0,角　山　　雄　哉,標準/要当日展示,3,3,66.67,13.87,少数参考,参考
4403.0,木　下　　大　將,2コース差し/残り型,2,11,72.73,14.09,得意,B
5341.0,山　道　　諄　也,標準/要当日展示,5,9,11.11,-26.01,苦手,C
5285.0,若　林　　　　麗,標準/要当日展示,6,8,25.0,-7.03,標準,C
5241.0,門　田　　　　栞,標準/要当日展示,6,3,66.67,34.64,少数参考,参考
5361.0,植　竹　　玲　奈,標準/要当日展示,6,20,0.0,-32.03,苦手,A
4372.0,原　田　　佑　実,標準/要当日展示,2,3,100.0,41.36,少数参考,参考
5165.0,小　林　　愛　実,標準/要当日展示,2,4,100.0,41.36,少数参考,参考
3778.0,安　達　　美　帆,2コース差し/残り型,2,7,71.43,12.79,得意,C
5171.0,清　水　　未　唯,標準/要当日展示,3,3,66.67,13.87,少数参考,参考
5192.0,中　尾　　優　香,標準/要当日展示,5,4,25.0,-12.12,少数参考,参考
5347.0,井　澤　　聖　奈,標準/要当日展示,6,13,0.0,-32.03,苦手,B
5340.0,樋江井　　　　舞,標準/要当日展示,6,13,23.08,-8.95,標準,B
5296.0,永　田　　　　楽,標準/要当日展示,4,6,50.0,1.03,標準,C
3551.0,藤　田　　美　代,標準/要当日展示,3,3,33.33,-19.47,少数参考,参考
4525.0,真　子　　奈津実,標準/要当日展示,1,3,100.0,24.6,少数参考,参考
5013.0,山　下　　夏　鈴,標準/要当日展示,4,3,66.67,17.7,少数参考,参考
4949.0,横　田　　貴　満,4カド攻撃型,4,6,83.33,34.36,得意,C
4327.0,加　藤　　　　翔,標準/要当日展示,2,4,50.0,-8.64,少数参考,参考
4458.0,抹　香　　雄　三,イン安定型,1,5,80.0,4.6,得意,C
4207.0,松　下　　一　也,4カド攻撃型,4,5,60.0,11.03,得意,C
5160.0,藤　森　　陸　斗,2コース差し/残り型,2,5,80.0,21.36,得意,C
4981.0,牧　山　　敦　也,標準/要当日展示,2,3,100.0,41.36,少数参考,参考
5329.0,金　子　　龍　斗,標準/要当日展示,6,5,60.0,27.97,得意,C
4349.0,犬　童　　千　秋,イン安定型,1,6,100.0,24.6,得意,C
5277.0,井　上　　未　都,4カド攻撃型,4,5,80.0,31.03,得意,C
5247.0,大　森　　　　翼,標準/要当日展示,2,4,75.0,16.36,少数参考,参考
3564.0,桑　原　　　　啓,標準/要当日展示,4,3,66.67,17.7,少数参考,参考
4826.0,井　上　　一　輝,標準/要当日展示,6,3,100.0,67.97,少数参考,参考
5237.0,永　松　　良　教,標準/要当日展示,6,6,33.33,1.3,標準,C
3422.0,服　部　　幸　男,標準/要当日展示,2,4,75.0,16.36,少数参考,参考
3304.0,烏　野　　賢　太,標準/要当日展示,2,3,33.33,-25.31,少数参考,参考
4674.0,池　田　　剛　規,標準/要当日展示,4,4,50.0,1.03,少数参考,参考
3401.0,上　田　　隆　章,標準/要当日展示,6,3,0.0,-32.03,少数参考,参考
3257.0,田　頭　　　　実,標準/要当日展示,1,3,100.0,24.6,少数参考,参考
4962.0,畑　　　　竜　生,2コース差し/残り型,2,6,66.67,8.03,得意,C
5275.0,松　田　　淳　平,標準/要当日展示,6,5,40.0,7.97,やや得意,C
4209.0,藤　田　　竜　弘,5コース残り型,5,5,60.0,22.88,得意,C
3680.0,森　林　　　　太,標準/要当日展示,3,3,66.67,13.87,少数参考,参考
4948.0,木　場　　悠　介,標準/要当日展示,1,3,100.0,24.6,少数参考,参考
5102.0,原　田　　雄　次,標準/要当日展示,4,3,33.33,-15.64,少数参考,参考
5307.0,富　永　　夏哉人,標準/要当日展示,4,3,33.33,-15.64,少数参考,参考
4254.0,川　島　　圭　司,標準/要当日展示,4,3,100.0,51.03,少数参考,参考
3300.0,川　崎　　智　幸,標準/要当日展示,3,3,100.0,47.2,少数参考,参考
4196.0,田　中　　太一郎,標準/要当日展示,3,3,33.33,-19.47,少数参考,参考
3930.0,岸　本　　　　隆,標準/要当日展示,3,3,0.0,-52.8,少数参考,参考
5330.0,安河内　　鈴之介,標準/要当日展示,4,4,50.0,1.03,少数参考,参考
5009.0,大　賀　　龍之介,標準/要当日展示,4,4,75.0,26.03,少数参考,参考
4982.0,中　村　　将　隆,2コース差し/残り型,2,7,85.71,27.07,得意,C
5368.0,宮　崎　　心之介,標準/要当日展示,6,9,22.22,-9.81,標準,C
5371.0,早　川　　颯　太,標準/要当日展示,6,21,0.0,-32.03,苦手,A
5316.0,村　松　　将　平,標準/要当日展示,4,3,66.67,17.7,少数参考,参考
5004.0,河　野　　主　樹,2コース差し/残り型,2,5,100.0,41.36,得意,C
5161.0,登　玉　　隼　百,イン安定型,1,9,66.67,-8.73,得意,C
5002.0,上　田　　健　太,2コース差し/残り型,2,5,80.0,21.36,得意,C
4958.0,溝　口　　海義也,4カド攻撃型,4,5,60.0,11.03,得意,C
5120.0,山　本　　稔太朗,標準/要当日展示,6,3,0.0,-32.03,少数参考,参考
5198.0,奥　村　　明日香,標準/要当日展示,2,4,75.0,16.36,少数参考,参考
5003.0,来　田　　衣　織,標準/要当日展示,3,6,83.33,30.53,得意,C
5188.0,武　井　　莉里佳,標準/要当日展示,5,3,66.67,29.55,少数参考,参考
4927.0,関　野　　　　文,イン安定型,1,6,83.33,7.93,得意,C
4482.0,守　屋　　美　穂,標準/要当日展示,6,3,66.67,34.64,少数参考,参考
5317.0,長　尾　　萌　加,標準/要当日展示,4,4,75.0,26.03,少数参考,参考
4536.0,喜　井　　つかさ,標準/要当日展示,4,3,66.67,17.7,少数参考,参考
5085.0,中　村　　栄　治,標準/要当日展示,2,3,66.67,8.03,少数参考,参考
4926.0,吉　川　　貴　仁,5コース残り型,5,6,66.67,29.55,得意,C
4495.0,森　　　　晋太郎,標準/要当日展示,4,3,66.67,17.7,少数参考,参考
4664.0,東　口　　　　晃,標準/要当日展示,4,3,0.0,-48.97,少数参考,参考
5365.0,石　村　　日奈那,標準/要当日展示,5,6,16.67,-20.45,苦手,C
4963.0,實　森　　美　祐,5コース残り型,5,5,60.0,22.88,得意,C
5148.0,松　本　　　　怜,イン安定型,1,6,83.33,7.93,やや得意,C
5098.0,大　江　　　　純,2コース差し/残り型,2,5,80.0,21.36,得意,C
4785.0,木　幡　　純　也,標準/要当日展示,3,4,75.0,22.2,少数参考,参考
5364.0,金　子　　怜　央,標準/要当日展示,6,15,0.0,-32.03,苦手,B
4228.0,吉　田　　慎二郎,標準/要当日展示,4,4,75.0,26.03,少数参考,参考
4226.0,村　田　　浩　司,標準/要当日展示,1,3,100.0,24.6,少数参考,参考
4925.0,森　　　　悠　稀,5コース残り型,5,5,60.0,22.88,得意,C
5390.0,高　橋　　涼　夏,標準/要当日展示,6,16,0.0,-32.03,苦手,B
5293.0,眞　崎　　武　蔵,標準/要当日展示,6,7,14.29,-17.74,苦手,C
5356.0,長谷川　　　　暖,標準/要当日展示,5,3,33.33,-3.79,少数参考,参考
5187.0,小　坂　　風　太,標準/要当日展示,4,3,66.67,17.7,少数参考,参考
4959.0,井　上　　忠　政,イン安定型,1,6,100.0,24.6,得意,C
5325.0,澁　川　　　　夏,5コース残り型,5,7,57.14,20.02,得意,C
4907.0,小　池　　修　平,イン安定型,1,6,83.33,7.93,得意,C
5124.0,上　瀧　　絢　也,標準/要当日展示,2,3,0.0,-58.64,少数参考,参考
5224.0,西　岡　　顕　心,標準/要当日展示,1,3,100.0,24.6,少数参考,参考
5104.0,山　田　　　　丈,標準/要当日展示,2,3,100.0,41.36,少数参考,参考
5276.0,大　島　　隆乃介,標準/要当日展示,1,3,100.0,24.6,少数参考,参考
5156.0,坂　野　　さくら,4カド攻撃型,4,5,60.0,11.03,得意,C
4822.0,百　武　　　　翔,標準/要当日展示,4,3,100.0,51.03,少数参考,参考
4649.0,和　田　　操　拓,4カド攻撃型,4,5,80.0,31.03,得意,C
4061.0,萩　原　　秀　人,標準/要当日展示,1,3,100.0,24.6,少数参考,参考
5092.0,篠　原　　晟　弥,4カド攻撃型,4,5,80.0,31.03,得意,C
5326.0,三　嶌　　さらら,標準/要当日展示,6,4,0.0,-32.03,少数参考,参考
5015.0,高　橋　　竜　矢,標準/要当日展示,5,3,66.67,29.55,少数参考,参考
5304.0,井　田　　涼　介,標準/要当日展示,6,14,0.0,-32.03,苦手,B
5367.0,赤　松　　咲　香,標準/要当日展示,6,5,0.0,-32.03,苦手,C
3435.0,寺　田　　千　恵,標準/要当日展示,5,3,100.0,62.88,少数参考,参考
5334.0,樫　葉　　新　心,標準/要当日展示,6,3,33.33,1.3,少数参考,参考
4014.0,片　岡　　恵　里,4カド攻撃型,4,6,66.67,17.7,得意,C
4750.0,井　上　　尚　悟,標準/要当日展示,1,3,100.0,24.6,少数参考,参考
5362.0,中　嶋　　世　奈,標準/要当日展示,5,3,0.0,-37.12,少数参考,参考
4218.0,吉　川　　喜　継,標準/要当日展示,3,3,100.0,47.2,少数参考,参考
5377.0,鳥居塚　　嶺　王,標準/要当日展示,6,7,28.57,-3.46,標準,C
3286.0,坂　東　　　　満,標準/要当日展示,5,3,66.67,29.55,少数参考,参考
5415.0,阿　部　　未　侑,標準/要当日展示,6,12,0.0,-32.03,苦手,B
4736.0,高　倉　　和　士,標準/要当日展示,2,4,100.0,41.36,少数参考,参考
4905.0,土　井　　祥　伍,標準/要当日展示,4,3,33.33,-15.64,少数参考,参考
4882.0,瀧　川　　千　依,標準/要当日展示,3,3,66.67,13.87,少数参考,参考
3663.0,木　山　　和　幸,標準/要当日展示,3,3,33.33,-19.47,少数参考,参考
3961.0,谷　村　　一　哉,標準/要当日展示,5,3,66.67,29.55,少数参考,参考
5050.0,木　下　　雄　介,4カド攻撃型,4,5,60.0,11.03,得意,C
5419.0,櫻　井　　　　隼,標準/要当日展示,6,10,0.0,-32.03,苦手,B
4740.0,齋　藤　　達　希,標準/要当日展示,2,3,66.67,8.03,少数参考,参考
5244.0,黒　田　　　　剛,標準/要当日展示,3,4,50.0,-2.8,少数参考,参考
5394.0,福　西　　広太郎,標準/要当日展示,6,9,33.33,1.3,標準,C
5410.0,今　泉　　　　澪,標準/要当日展示,6,12,0.0,-32.03,苦手,B
5414.0,中　澤　　英　里,標準/要当日展示,6,6,0.0,-32.03,苦手,C
3352.0,小　川　　晃　司,標準/要当日展示,6,12,66.67,34.64,得意,B
5346.0,中　村　　紋夕梨,標準/要当日展示,5,3,0.0,-37.12,少数参考,参考
5243.0,三　馬　　崇　史,標準/要当日展示,6,3,33.33,1.3,少数参考,参考
4142.0,平　野　　和　明,標準/要当日展示,4,3,66.67,17.7,少数参考,参考
4402.0,乙　藤　　智　史,標準/要当日展示,1,3,66.67,-8.73,少数参考,参考
5109.0,川　崎　　智　稔,標準/要当日展示,5,3,66.67,29.55,少数参考,参考
4761.0,山　田　　晃　大,標準/要当日展示,6,3,33.33,1.3,少数参考,参考
5402.0,塚　越　　陸　斗,標準/要当日展示,6,10,0.0,-32.03,苦手,B
5411.0,木　下　　虎之輔,標準/要当日展示,6,18,0.0,-32.03,苦手,B
5382.0,山　下　　心　一,標準/要当日展示,6,4,25.0,-7.03,少数参考,参考
5132.0,中　野　　希　一,標準/要当日展示,5,4,100.0,62.88,少数参考,参考
5344.0,谷　口　　　　丞,標準/要当日展示,5,3,33.33,-3.79,少数参考,参考
5038.0,金　田　　智　博,標準/要当日展示,3,3,66.67,13.87,少数参考,参考
3662.0,大　庭　　元　明,標準/要当日展示,1,3,100.0,24.6,少数参考,参考
4940.0,白　石　　有　美,標準/要当日展示,6,5,0.0,-32.03,苦手,C
5416.0,龍　田　　真　白,標準/要当日展示,6,6,0.0,-32.03,苦手,C
4385.0,鈴　木　　祐美子,標準/要当日展示,1,3,100.0,24.6,少数参考,参考
4339.0,平　瀬　　城　啓,標準/要当日展示,1,4,100.0,24.6,少数参考,参考
5354.0,渡　邊　　雄　斗,標準/要当日展示,6,4,0.0,-32.03,少数参考,参考
5286.0,坂　井　　滉　哉,標準/要当日展示,2,3,66.67,8.03,少数参考,参考
5427.0,港　　　　理　樹,標準/要当日展示,5,3,33.33,-3.79,少数参考,参考
5422.0,真　田　　聖　也,標準/要当日展示,6,6,0.0,-32.03,苦手,C
5424.0,熊　倉　　幹　太,標準/要当日展示,6,6,16.67,-15.36,苦手,C
5121.0,定　松　　勇　樹,標準/要当日展示,1,4,100.0,24.6,少数参考,参考
5378.0,鈴　木　　結平太,標準/要当日展示,6,3,0.0,-32.03,少数参考,参考
4876.0,梅　木　　敬　太,標準/要当日展示,3,3,0.0,-52.8,少数参考,参考
5436.0,市　川　　瑚　幸,標準/要当日展示,6,6,0.0,-32.03,苦手,C
5439.0,志　賀　　美　優,標準/要当日展示,6,6,0.0,-32.03,苦手,C
5380.0,野　田　　亜　湖,標準/要当日展示,6,4,0.0,-32.03,少数参考,参考
4901.0,出　口　　舞有子,標準/要当日展示,4,3,66.67,17.7,少数参考,参考
5434.0,藤　田　　康　生,標準/要当日展示,5,3,33.33,-3.79,少数参考,参考
5406.0,小　畑　　楓　夏,標準/要当日展示,6,5,0.0,-32.03,苦手,C
4823.0,中　村　　桃　佳,標準/要当日展示,3,3,33.33,-19.47,少数参考,参考
