player_id,player_name,player_type,primary_course,starts,top3_rate,top3_vs_course_avg,course_strength,reliability
3717,立間充宏,2コース差し/残り型,2,7,71.43,14.28,得意,C
3636,坂野泰章,標準/要当日展示,6,4,50.0,27.5,少数参考,参考
3476,中村稔宏,標準/要当日展示,5,4,0.0,-35.28,少数参考,参考
4776,竹田和哉,2コース差し/残り型,2,10,70.0,12.85,得意,B
3609,泉祥史,標準/要当日展示,2,3,66.67,9.52,少数参考,参考
4846,佐藤駿介,2コース差し/残り型,2,19,73.68,16.53,得意,B
4571,菅章哉,2コース差し/残り型,2,6,83.33,26.18,得意,C
4739,中村晃朋,2コース差し/残り型,2,12,66.67,9.52,得意,B
3442,宮武英司,2コース差し/残り型,2,9,77.78,20.63,得意,C
3682,切田潤二,4カド攻撃型,4,8,62.5,14.99,得意,C
4798,浜先真範,4カド攻撃型,4,5,60.0,12.49,得意,C
4157,田崎豊,5コース残り型,5,5,40.0,4.72,やや得意,C
3539,金子順一,イン安定型,1,20,65.0,-20.37,得意,A
4158,木場雄二郎,4カド攻撃型,4,28,53.57,6.06,やや得意,A
4475,末永祐輝,2コース差し/残り型,2,29,75.86,18.71,得意,A
3661,柳瀬興志,4カド攻撃型,4,25,56.0,8.49,得意,A
4034,西原明生,標準/要当日展示,6,4,25.0,2.5,少数参考,参考
4471,新田泰章,2コース差し/残り型,2,14,71.43,14.28,得意,B
4164,岩永節也,標準/要当日展示,6,6,33.33,10.83,得意,C
3350,藤本佳史,2コース差し/残り型,2,7,85.71,28.56,得意,C
3427,大賀広幸,5コース残り型,5,16,43.75,8.47,得意,B
4558,宮野仁,2コース差し/残り型,2,7,71.43,14.28,得意,C
3832,下田哲也,イン安定型,1,6,100.0,14.63,得意,C
2930,新良一規,2コース差し/残り型,2,16,68.75,11.6,得意,B
4601,森野正弘,2コース差し/残り型,2,20,70.0,12.85,得意,A
4812,西野雄貴,4カド攻撃型,4,9,55.56,8.05,得意,C
4064,原田篤志,2コース差し/残り型,2,43,62.79,5.64,得意,A
3773,津留浩一郎,イン安定型,1,9,100.0,14.63,得意,C
3305,小野信樹,標準/要当日展示,3,15,60.0,4.25,やや得意,B
3846,藤井理,5コース残り型,5,5,40.0,4.72,やや得意,C
3711,江本真治,2コース差し/残り型,2,35,62.86,5.71,やや得意,A
3361,岡部浩,標準/要当日展示,4,4,75.0,27.49,少数参考,参考
3897,白井英治,2コース差し/残り型,2,37,86.49,29.34,得意,A
3935,岩津徹郎,2コース差し/残り型,2,9,77.78,20.63,得意,C
3788,一宮稔弘,2コース差し/残り型,2,7,71.43,14.28,得意,C
3980,青木義一,5コース残り型,5,8,87.5,52.22,得意,C
4361,柳生泰二,2コース差し/残り型,2,38,78.95,21.8,得意,A
3368,新名文博,標準/要当日展示,3,4,75.0,19.25,少数参考,参考
4009,小林一樹,4カド攻撃型,4,36,69.44,21.93,得意,A
4179,広次修,4カド攻撃型,4,21,66.67,19.16,得意,A
4167,片岡秀樹,5コース残り型,5,7,57.14,21.86,得意,C
3436,柏野幸二,4カド攻撃型,4,14,57.14,9.63,得意,B
4328,貞本拓哉,標準/要当日展示,6,6,0.0,-22.5,苦手,C
4586,磯部誠,2コース差し/残り型,2,9,100.0,42.85,得意,C
4772,石丸海渡,標準/要当日展示,6,5,40.0,17.5,得意,C
4656,大崎翔,標準/要当日展示,6,5,60.0,37.5,得意,C
4789,古賀智之,2コース差し/残り型,2,6,66.67,9.52,得意,C
4592,小林孝弘,2コース差し/残り型,2,25,64.0,6.85,やや得意,A
4540,相原利章,2コース差し/残り型,2,6,66.67,9.52,得意,C
4541,牛田祥二,標準/要当日展示,3,3,66.67,10.92,少数参考,参考
4587,木田峰由季,イン安定型,1,7,100.0,14.63,得意,C
4618,乃村康友,2コース差し/残り型,2,11,72.73,15.58,得意,B
4777,五十嵐一聡,5コース残り型,5,13,46.15,10.87,得意,B
4567,上村慎太郎,イン安定型,1,18,72.22,-13.15,得意,B
4681,太田潮,5コース残り型,5,5,60.0,24.72,得意,C
4633,森智也,標準/要当日展示,6,9,33.33,10.83,得意,C
4754,松尾充,4カド攻撃型,4,12,58.33,10.82,得意,B
4721,金光佑治,標準/要当日展示,6,7,0.0,-22.5,苦手,C
4731,間野兼礼,5コース残り型,5,8,75.0,39.72,得意,C
4564,山本景士郎,標準/要当日展示,3,8,62.5,6.75,やや得意,C
4598,加藤政彦,イン安定型,1,10,90.0,4.63,得意,B
4711,前出達吉,標準/要当日展示,2,4,100.0,42.85,少数参考,参考
4817,渡邉翼,2コース差し/残り型,2,23,86.96,29.81,得意,A
4702,三浦敬太,2コース差し/残り型,2,7,71.43,14.28,得意,C
4688,永井彪也,標準/要当日展示,5,3,100.0,64.72,少数参考,参考
4757,山田祐也,4カド攻撃型,4,7,57.14,9.63,得意,C
4574,東潤樹,イン安定型,1,9,77.78,-7.59,得意,C
4625,渡邊裕貴,5コース残り型,5,7,85.71,50.43,得意,C
4708,半田尚也,5コース残り型,5,10,40.0,4.72,やや得意,B
4581,吉村誠,4カド攻撃型,4,5,80.0,32.49,得意,C
4579,中嶋健一郎,2コース差し/残り型,2,7,85.71,28.56,得意,C
4600,井内将太郎,2コース差し/残り型,2,8,62.5,5.35,やや得意,C
4545,岡村慶太,イン安定型,1,8,75.0,-10.37,得意,C
4703,森永隆,2コース差し/残り型,2,18,77.78,20.63,得意,B
4559,西川昌希,標準/要当日展示,4,3,100.0,52.49,少数参考,参考
4663,籾山佳岳,標準/要当日展示,6,3,66.67,44.17,少数参考,参考
4544,松田大志郎,2コース差し/残り型,2,10,90.0,32.85,得意,B
4583,古田祐貴,2コース差し/残り型,2,5,80.0,22.85,得意,C
4604,岩瀬裕亮,2コース差し/残り型,2,7,71.43,14.28,得意,C
4727,安部慎一,2コース差し/残り型,2,8,75.0,17.85,得意,C
4802,中田達也,標準/要当日展示,6,4,25.0,2.5,少数参考,参考
4704,河野大,標準/要当日展示,5,4,75.0,39.72,少数参考,参考
4578,藤山雅弘,標準/要当日展示,3,7,71.43,15.68,得意,C
4745,関野龍,標準/要当日展示,3,3,66.67,10.92,少数参考,参考
4591,坂井田晃,標準/要当日展示,3,3,33.33,-22.42,少数参考,参考
4831,羽野直也,5コース残り型,5,5,80.0,44.72,得意,C
4638,小林遼太,5コース残り型,5,7,57.14,21.86,得意,C
4669,井上茂,4カド攻撃型,4,6,66.67,19.16,得意,C
4749,山口貢輝,標準/要当日展示,5,6,33.33,-1.95,標準,C
4803,飯田庄吾,標準/要当日展示,2,3,66.67,9.52,少数参考,参考
2878,富山弘幸,標準/要当日展示,6,5,40.0,17.5,得意,C
4441,末永由楽,2コース差し/残り型,2,12,83.33,26.18,得意,B
4005,瀬川公則,5コース残り型,5,20,40.0,4.72,やや得意,A
4031,飯島誠,2コース差し/残り型,2,8,62.5,5.35,やや得意,C
4710,福田宗平,2コース差し/残り型,2,5,80.0,22.85,得意,C
3643,米田隆弘,2コース差し/残り型,2,8,62.5,5.35,やや得意,C
3349,吉田一郎,2コース差し/残り型,2,8,75.0,17.85,得意,C
4531,武富智亮,5コース残り型,5,11,45.45,10.17,得意,B
3979,杉本洋一,標準/要当日展示,2,4,75.0,17.85,少数参考,参考
3164,森脇徹,2コース差し/残り型,2,7,71.43,14.28,得意,C
3355,橋谷田佳織,5コース残り型,5,7,42.86,7.58,やや得意,C
4041,小林基樹,2コース差し/残り型,2,26,73.08,15.93,得意,A
4469,土山卓也,標準/要当日展示,6,5,100.0,77.5,得意,C
3409,三好一,標準/要当日展示,1,3,100.0,14.63,少数参考,参考
4495,森晋太郎,2コース差し/残り型,2,5,100.0,42.85,得意,C
4404,岸蔭亮,標準/要当日展示,6,6,33.33,10.83,得意,C
4670,芦村幸香,2コース差し/残り型,2,5,80.0,22.85,得意,C
3289,高橋淳美,標準/要当日展示,1,3,100.0,14.63,少数参考,参考
4420,津久井拓也,2コース差し/残り型,2,10,80.0,22.85,得意,B
4121,富永修一,2コース差し/残り型,2,7,71.43,14.28,得意,C
4496,内堀学,標準/要当日展示,2,4,75.0,17.85,少数参考,参考
4783,津田詳子,標準/要当日展示,6,9,0.0,-22.5,苦手,C
3571,寺本武司,5コース残り型,5,11,45.45,10.17,得意,B
3868,尾形栄治,標準/要当日展示,6,5,40.0,17.5,得意,C
3784,中島友和,2コース差し/残り型,2,9,66.67,9.52,得意,C
4425,大井清貴,4カド攻撃型,4,17,76.47,28.96,得意,B
3075,中村裕将,4カド攻撃型,4,5,80.0,32.49,得意,C
2850,小松昇司,標準/要当日展示,5,4,25.0,-10.28,少数参考,参考
3798,稲毛正剛,5コース残り型,5,5,40.0,4.72,やや得意,C
3681,山谷央,標準/要当日展示,2,4,75.0,17.85,少数参考,参考
4233,亀山雅幸,4カド攻撃型,4,7,71.43,23.92,得意,C
4456,鎌倉涼,イン安定型,1,6,100.0,14.63,得意,C
4518,大須賀友,標準/要当日展示,5,4,75.0,39.72,少数参考,参考
4016,西川新太郎,標準/要当日展示,4,3,66.67,19.16,少数参考,参考
4674,池田剛規,5コース残り型,5,5,80.0,44.72,得意,C
2844,田中伸二,標準/要当日展示,2,3,100.0,42.85,少数参考,参考
3671,後藤博,標準/要当日展示,5,3,0.0,-35.28,少数参考,参考
3824,中村智也,標準/要当日展示,5,3,0.0,-35.28,少数参考,参考
3835,三野勝重,標準/要当日展示,5,3,0.0,-35.28,少数参考,参考
4126,吉本玲緒,標準/要当日展示,3,4,75.0,19.25,少数参考,参考
4483,北野輝季,4カド攻撃型,4,5,60.0,12.49,得意,C
3005,板谷茂樹,標準/要当日展示,4,3,66.67,19.16,少数参考,参考
3964,宮地博士,2コース差し/残り型,2,16,62.5,5.35,やや得意,B
4784,向井田真紀,2コース差し/残り型,2,5,80.0,22.85,得意,C
4045,佐々木裕美,標準/要当日展示,3,33,84.85,29.1,得意,A
4505,島田賢人,イン安定型,1,5,100.0,14.63,得意,C
4390,松本弓雄,標準/要当日展示,6,5,40.0,17.5,得意,C
3058,原義昭,標準/要当日展示,1,4,100.0,14.63,少数参考,参考
3684,清水攻二,2コース差し/残り型,2,7,85.71,28.56,得意,C
4367,山口修路,2コース差し/残り型,2,6,66.67,9.52,得意,C
3593,横井光弘,2コース差し/残り型,2,8,62.5,5.35,やや得意,C
4263,武重雄介,2コース差し/残り型,2,27,66.67,9.52,得意,A
3841,佐々木和伸,2コース差し/残り型,2,10,90.0,32.85,得意,B
4396,大田直弥,2コース差し/残り型,2,18,66.67,9.52,得意,B
4849,森田太陽,標準/要当日展示,6,25,0.0,-22.5,苦手,A
3563,堤昇,イン安定型,1,16,100.0,14.63,得意,B
4515,藤田浩人,2コース差し/残り型,2,10,70.0,12.85,得意,B
3151,落合敬一,4カド攻撃型,4,9,55.56,8.05,得意,C
4333,村田友也,標準/要当日展示,6,5,40.0,17.5,得意,C
4406,幸野史明,標準/要当日展示,6,7,42.86,20.36,得意,C
4021,吉田健太郎,イン安定型,1,6,83.33,-2.04,得意,C
3357,福島陽子,標準/要当日展示,3,8,75.0,19.25,得意,C
3611,岩崎芳美,2コース差し/残り型,2,7,85.71,28.56,得意,C
4246,喜多那由夏,標準/要当日展示,2,10,60.0,2.85,標準,B
4765,野田部宏子,標準/要当日展示,3,7,71.43,15.68,得意,C
3233,小畑実成,2コース差し/残り型,2,15,66.67,9.52,得意,B
3391,鈴木茂正,イン安定型,1,5,100.0,14.63,得意,C
3927,平賀圭,標準/要当日展示,2,3,66.67,9.52,少数参考,参考
3987,後藤正宗,4カド攻撃型,4,10,60.0,12.49,得意,B
3629,浅見昌克,イン安定型,1,5,100.0,14.63,得意,C
4226,村田浩司,4カド攻撃型,4,14,57.14,9.63,得意,B
4116,川田正人,4カド攻撃型,4,9,55.56,8.05,得意,C
3291,河原順一,標準/要当日展示,2,3,66.67,9.52,少数参考,参考
3477,近藤稔也,標準/要当日展示,6,3,33.33,10.83,少数参考,参考
3691,加藤知弘,標準/要当日展示,3,3,33.33,-22.42,少数参考,参考
3532,柴田光,2コース差し/残り型,2,16,87.5,30.35,得意,B
3759,前田義哲,標準/要当日展示,4,3,66.67,19.16,少数参考,参考
3699,富永正人,標準/要当日展示,2,3,100.0,42.85,少数参考,参考
3692,竹腰正樹,標準/要当日展示,3,3,33.33,-22.42,少数参考,参考
4247,齊藤優,標準/要当日展示,2,3,33.33,-23.82,少数参考,参考
3306,武田正紀,イン安定型,1,5,80.0,-5.37,得意,C
4332,村上彰一,2コース差し/残り型,2,7,85.71,28.56,得意,C
4718,北川太一,5コース残り型,5,7,42.86,7.58,やや得意,C
4424,松尾昂明,2コース差し/残り型,2,8,62.5,5.35,得意,C
3998,冨成謙児,イン安定型,1,11,90.91,5.54,得意,B
4271,川崎公靖,イン安定型,1,5,80.0,-5.37,得意,C
4848,仲谷颯仁,標準/要当日展示,5,4,75.0,39.72,少数参考,参考
4196,田中太一郎,4カド攻撃型,4,7,71.43,23.92,得意,C
4154,森安弘雅,2コース差し/残り型,2,10,70.0,12.85,得意,B
4811,向井田佑紀,2コース差し/残り型,2,5,80.0,22.85,得意,C
4241,大串重幸,2コース差し/残り型,2,8,62.5,5.35,やや得意,C
4506,稗田聖也,4カド攻撃型,4,5,80.0,32.49,得意,C
4052,興津藍,2コース差し/残り型,2,7,100.0,42.85,得意,C
4743,木村仁紀,2コース差し/残り型,2,8,62.5,5.35,やや得意,C
4500,山田康二,5コース残り型,5,5,80.0,44.72,得意,C
4148,枝尾賢,2コース差し/残り型,2,6,83.33,26.18,得意,C
3546,中里昌志,標準/要当日展示,4,3,66.67,19.16,少数参考,参考
3965,北中元樹,2コース差し/残り型,2,6,83.33,26.18,得意,C
4416,三宅健太,標準/要当日展示,3,5,80.0,24.25,得意,C
4163,山崎裕司,2コース差し/残り型,2,17,76.47,19.32,得意,B
3543,福田雅一,4カド攻撃型,4,8,62.5,14.99,得意,C
4288,永田啓二,2コース差し/残り型,2,8,75.0,17.85,得意,C
4239,竹田辰也,2コース差し/残り型,2,31,87.1,29.95,得意,A
4004,山本浩輔,標準/要当日展示,3,7,71.43,15.68,得意,C
3859,多羅尾達之,標準/要当日展示,2,3,66.67,9.52,少数参考,参考
4693,松下誉士,標準/要当日展示,5,14,35.71,0.43,標準,B
3303,渡辺豊,4カド攻撃型,4,5,60.0,12.49,得意,C
4251,川崎誠志,標準/要当日展示,1,17,82.35,-3.02,標準,B
3744,徳増秀樹,2コース差し/残り型,2,14,71.43,14.28,得意,B
4237,大峯豊,2コース差し/残り型,2,25,76.0,18.85,得意,A
4359,横川聖志,5コース残り型,5,7,42.86,7.58,やや得意,C
3339,泉具巳,標準/要当日展示,3,4,75.0,19.25,少数参考,参考
2785,水野要,標準/要当日展示,2,3,33.33,-23.82,少数参考,参考
4171,榎幸司,2コース差し/残り型,2,13,69.23,12.08,得意,B
3878,胡本悟志,4カド攻撃型,4,17,64.71,17.2,得意,B
4788,小池哲也,5コース残り型,5,6,66.67,31.39,得意,C
3811,石田章央,2コース差し/残り型,2,5,80.0,22.85,得意,C
4713,白神優,4カド攻撃型,4,6,83.33,35.82,得意,C
3562,山下和彦,イン安定型,1,8,87.5,2.13,得意,C
4762,藤原啓史朗,2コース差し/残り型,2,9,66.67,9.52,得意,C
4794,和田拓也,4カド攻撃型,4,6,66.67,19.16,得意,C
3501,川上昇平,2コース差し/残り型,2,8,75.0,17.85,得意,C
4133,高橋正男,2コース差し/残り型,2,11,72.73,15.58,得意,B
3620,信濃由行,イン安定型,1,8,62.5,-22.87,得意,C
4494,河合佑樹,2コース差し/残り型,2,6,83.33,26.18,得意,C
4228,吉田慎二郎,5コース残り型,5,5,60.0,24.72,得意,C
4119,泥谷一毅,2コース差し/残り型,2,11,63.64,6.49,やや得意,B
3056,松野京吾,2コース差し/残り型,2,5,100.0,42.85,得意,C
3121,占部彰二,2コース差し/残り型,2,5,100.0,42.85,得意,C
3787,天野誠,標準/要当日展示,3,12,58.33,2.58,標準,B
4205,山口剛,2コース差し/残り型,2,13,92.31,35.16,得意,B
4650,中山雄太,標準/要当日展示,4,3,66.67,19.16,少数参考,参考
3930,岸本隆,2コース差し/残り型,2,11,72.73,15.58,得意,B
4007,榮田将彦,5コース残り型,5,20,45.0,9.72,得意,A
4477,篠崎仁志,2コース差し/残り型,2,11,72.73,15.58,得意,B
4401,小林泰,2コース差し/残り型,2,5,80.0,22.85,得意,C
3925,大田誠,4カド攻撃型,4,5,80.0,32.49,得意,C
4659,木下翔太,標準/要当日展示,6,3,66.67,44.17,少数参考,参考
4180,上野秀和,4カド攻撃型,4,9,55.56,8.05,得意,C
4084,杉山正樹,4カド攻撃型,4,5,100.0,52.49,得意,C
4397,西村拓也,2コース差し/残り型,2,8,75.0,17.85,得意,C
4683,向井田直弥,標準/要当日展示,3,8,75.0,19.25,得意,C
4353,下出秀明,標準/要当日展示,2,3,100.0,42.85,少数参考,参考
4076,杉田篤光,2コース差し/残り型,2,9,66.67,9.52,得意,C
4363,大野芳顕,イン安定型,1,10,100.0,14.63,得意,B
3373,黒瀬三幸,標準/要当日展示,2,5,40.0,-17.15,苦手,C
3720,吉村輝,標準/要当日展示,5,10,30.0,-5.28,標準,B
4327,加藤翔,標準/要当日展示,5,3,33.33,-1.95,少数参考,参考
4310,横家翔一,標準/要当日展示,5,3,33.33,-1.95,少数参考,参考
4370,山口達也,5コース残り型,5,6,50.0,14.72,得意,C
4104,木下陽介,2コース差し/残り型,2,8,87.5,30.35,得意,C
4805,今林由喜,標準/要当日展示,6,9,0.0,-22.5,苦手,C
3578,塩田雄一,標準/要当日展示,5,4,75.0,39.72,少数参考,参考
3358,桑原明,4カド攻撃型,4,5,80.0,32.49,得意,C
3981,今坂晃広,2コース差し/残り型,2,6,66.67,9.52,得意,C
3346,宮本裕之,4カド攻撃型,4,5,60.0,12.49,得意,C
4768,田代元気,標準/要当日展示,6,6,0.0,-22.5,苦手,C
4552,杉山勝匡,イン安定型,1,5,100.0,14.63,得意,C
4105,松下直也,5コース残り型,5,7,71.43,36.15,得意,C
4122,安東幸治,イン安定型,1,5,100.0,14.63,得意,C
3680,森林太,2コース差し/残り型,2,19,63.16,6.01,やや得意,B
3051,山口俊英,標準/要当日展示,3,3,100.0,44.25,少数参考,参考
3737,上平真二,2コース差し/残り型,2,18,77.78,20.63,得意,B
4308,河村了,標準/要当日展示,3,4,75.0,19.25,少数参考,参考
3825,宮嵜隆太郎,2コース差し/残り型,2,5,100.0,42.85,得意,C
3529,松本勝也,標準/要当日展示,3,4,100.0,44.25,少数参考,参考
4134,杉山貴博,4カド攻撃型,4,7,57.14,9.63,得意,C
4213,重富伸也,2コース差し/残り型,2,7,71.43,14.28,得意,C
4150,山田雄太,2コース差し/残り型,2,5,80.0,22.85,得意,C
2841,吉田稔,イン安定型,1,8,87.5,2.13,得意,C
3617,竹田広樹,標準/要当日展示,6,4,50.0,27.5,少数参考,参考
3639,関谷聖二,標準/要当日展示,4,4,25.0,-22.51,少数参考,参考
3672,坂上毅,標準/要当日展示,3,4,25.0,-30.75,少数参考,参考
4107,吉村茂樹,標準/要当日展示,2,3,66.67,9.52,少数参考,参考
3573,前本泰和,標準/要当日展示,2,3,100.0,42.85,少数参考,参考
3809,吉田光,2コース差し/残り型,2,8,62.5,5.35,やや得意,C
4389,伊藤喜智,イン安定型,1,6,66.67,-18.7,得意,C
2887,大井崇夫,標準/要当日展示,2,3,33.33,-23.82,少数参考,参考
4381,田路朋史,4カド攻撃型,4,9,55.56,8.05,得意,C
3901,松田憲幸,4カド攻撃型,4,26,53.85,6.34,やや得意,A
4835,橋本明,2コース差し/残り型,2,5,100.0,42.85,得意,C
3892,草場康幸,2コース差し/残り型,2,13,76.92,19.77,得意,B
4276,鈴木勝博,4カド攻撃型,4,5,100.0,52.49,得意,C
3174,古賀勝則,標準/要当日展示,3,3,0.0,-55.75,少数参考,参考
3545,高田謙一,標準/要当日展示,3,3,66.67,10.92,少数参考,参考
3985,内田貴士,標準/要当日展示,3,3,33.33,-22.42,少数参考,参考
4177,萬正嗣,2コース差し/残り型,2,8,75.0,17.85,得意,C
3335,小菅文隆,標準/要当日展示,3,6,66.67,10.92,得意,C
4111,奥田誠,4カド攻撃型,4,10,60.0,12.49,得意,B
2276,古谷猛,標準/要当日展示,2,4,75.0,17.85,少数参考,参考
4472,尾嶋一広,2コース差し/残り型,2,12,75.0,17.85,得意,B
4724,吉田祐貴,標準/要当日展示,2,5,60.0,2.85,標準,C
4000,松本博昭,4カド攻撃型,4,8,75.0,27.49,得意,C
3506,宮西真昭,標準/要当日展示,2,4,50.0,-7.15,少数参考,参考
3946,赤岩善生,イン安定型,1,8,100.0,14.63,得意,C
4790,柳内敬太,2コース差し/残り型,2,5,80.0,22.85,得意,C
4729,佐藤謙史朗,標準/要当日展示,2,10,60.0,2.85,標準,B
3929,杢野誓良,2コース差し/残り型,2,8,62.5,5.35,やや得意,C
3461,渡邊哲也,標準/要当日展示,6,3,33.33,10.83,少数参考,参考
3153,前川竜次,標準/要当日展示,5,3,66.67,31.39,少数参考,参考
3401,上田隆章,標準/要当日展示,1,3,100.0,14.63,少数参考,参考
3934,鋤柄貴俊,2コース差し/残り型,2,7,71.43,14.28,得意,C
3976,内田圭,イン安定型,1,11,72.73,-12.64,得意,B
3761,山本光雄,5コース残り型,5,5,80.0,44.72,得意,C
3441,土屋太朗,4カド攻撃型,4,9,66.67,19.16,得意,C
3872,岡田憲行,5コース残り型,5,11,72.73,37.45,得意,B
3612,馬袋義則,2コース差し/残り型,2,7,71.43,14.28,得意,C
4523,中村辰也,2コース差し/残り型,2,10,70.0,12.85,得意,B
3986,沖島広和,4カド攻撃型,4,5,100.0,52.49,得意,C
3459,中野和裕,標準/要当日展示,1,7,71.43,-13.94,苦手,C
3782,伊藤宏,標準/要当日展示,1,4,100.0,14.63,少数参考,参考
3623,深川真二,2コース差し/残り型,2,34,67.65,10.5,得意,A
3881,浦上拓也,2コース差し/残り型,2,6,83.33,26.18,得意,C
3875,廣中良一,2コース差し/残り型,2,19,63.16,6.01,やや得意,B
3936,三瀬譲,標準/要当日展示,6,4,75.0,52.5,少数参考,参考
4411,沢田昭宏,5コース残り型,5,8,62.5,27.22,得意,C
3855,大熊辰弥,5コース残り型,5,9,55.56,20.28,得意,C
3975,小野寺智洋,2コース差し/残り型,2,6,83.33,26.18,得意,C
4366,前沢丈史,4カド攻撃型,4,8,75.0,27.49,得意,C
4417,服部剛,イン安定型,1,5,100.0,14.63,得意,C
4290,稲田浩二,標準/要当日展示,1,4,100.0,14.63,少数参考,参考
3789,和田敏彦,標準/要当日展示,6,3,33.33,10.83,少数参考,参考
4410,井上大輔,5コース残り型,5,6,50.0,14.72,得意,C
4253,西川真人,標準/要当日展示,1,3,100.0,14.63,少数参考,参考
2816,陶山秀徳,標準/要当日展示,6,6,33.33,10.83,得意,C
4421,森作広大,標準/要当日展示,4,3,33.33,-14.18,少数参考,参考
4448,青木玄太,イン安定型,1,5,100.0,14.63,得意,C
3521,今村賢二郎,標準/要当日展示,3,3,33.33,-22.42,少数参考,参考
3601,田村勇一,標準/要当日展示,6,3,33.33,10.83,少数参考,参考
2568,中村義雄,標準/要当日展示,5,4,50.0,14.72,少数参考,参考
4826,井上一輝,イン安定型,1,7,85.71,0.34,得意,C
3135,山口博司,標準/要当日展示,1,3,100.0,14.63,少数参考,参考
4236,松村敏,2コース差し/残り型,2,9,77.78,20.63,得意,C
4194,齋藤篤,5コース残り型,5,5,80.0,44.72,得意,C
4810,後藤麦,標準/要当日展示,6,13,0.0,-22.5,苦手,B
3234,金森史吉,標準/要当日展示,2,3,100.0,42.85,少数参考,参考
3655,本橋克洋,5コース残り型,5,7,42.86,7.58,やや得意,C
3555,野添貴裕,標準/要当日展示,4,3,100.0,52.49,少数参考,参考
4375,照屋厚仁,4カド攻撃型,4,8,75.0,27.49,得意,C
4269,杉山裕也,2コース差し/残り型,2,12,66.67,9.52,得意,B
3568,木村光宏,標準/要当日展示,3,8,50.0,-5.75,標準,C
4516,野口勝弘,2コース差し/残り型,2,9,88.89,31.74,得意,C
4078,渡辺史之,標準/要当日展示,3,3,100.0,44.25,少数参考,参考
3896,上田洋平,標準/要当日展示,5,3,66.67,31.39,少数参考,参考
4799,大山大我,標準/要当日展示,4,3,33.33,-14.18,少数参考,参考
3613,角谷健吾,4カド攻撃型,4,5,60.0,12.49,得意,C
4229,市川美宏,2コース差し/残り型,2,6,66.67,9.52,得意,C
4452,松尾祭,2コース差し/残り型,2,5,80.0,22.85,得意,C
4153,佐々木巌,標準/要当日展示,2,8,50.0,-7.15,標準,C
3537,田山和広,標準/要当日展示,4,3,66.67,19.16,少数参考,参考
3508,久富政弘,標準/要当日展示,3,7,85.71,29.96,得意,C
4580,長谷川雅和,2コース差し/残り型,2,7,85.71,28.56,得意,C
3666,内野省一,標準/要当日展示,6,3,66.67,44.17,少数参考,参考
3507,藤井徹,標準/要当日展示,3,6,50.0,-5.75,標準,C
3912,川原正明,イン安定型,1,6,100.0,14.63,得意,C
4437,中田元泰,2コース差し/残り型,2,8,100.0,42.85,得意,C
3743,林美憲,4カド攻撃型,4,16,68.75,21.24,得意,B
4072,森永淳,4カド攻撃型,4,12,58.33,10.82,得意,B
3997,北村征嗣,2コース差し/残り型,2,8,87.5,30.35,得意,C
2377,倉尾良一,標準/要当日展示,6,3,0.0,-22.5,少数参考,参考
3884,豊田聡,標準/要当日展示,6,3,0.0,-22.5,少数参考,参考
3799,今泉和則,標準/要当日展示,5,3,0.0,-35.28,少数参考,参考
3718,伊達正利,標準/要当日展示,4,3,66.67,19.16,少数参考,参考
4698,高山隆成,標準/要当日展示,6,4,25.0,2.5,少数参考,参考
3470,新田芳美,5コース残り型,5,5,80.0,44.72,得意,C
4224,大橋栄里佳,2コース差し/残り型,2,8,75.0,17.85,得意,C
4525,真子奈津実,イン安定型,1,11,63.64,-21.73,得意,B
4720,西澤日花里,4カド攻撃型,4,9,55.56,8.05,得意,C
4733,赤井睦,標準/要当日展示,3,5,80.0,24.25,得意,C
4555,富永大一,4カド攻撃型,4,7,71.43,23.92,得意,C
4501,樋口由加里,イン安定型,1,11,90.91,5.54,得意,B
3883,山根大樹,標準/要当日展示,1,4,100.0,14.63,少数参考,参考
2997,池上正浩,2コース差し/残り型,2,15,80.0,22.85,得意,B
3559,水長照雄,標準/要当日展示,3,15,60.0,4.25,やや得意,B
4257,古川健,イン安定型,1,6,83.33,-2.04,得意,C
4521,小池公生,2コース差し/残り型,2,6,66.67,9.52,得意,C
4672,守屋大地,2コース差し/残り型,2,8,75.0,17.85,得意,C
4722,竹野未華,標準/要当日展示,5,7,14.29,-20.99,苦手,C
3736,岡本猛,4カド攻撃型,4,7,85.71,38.2,得意,C
3443,森秋光,4カド攻撃型,4,5,80.0,32.49,得意,C
3928,林恵祐,2コース差し/残り型,2,8,75.0,17.85,得意,C
3491,富永茂,標準/要当日展示,4,3,66.67,19.16,少数参考,参考
4736,高倉和士,2コース差し/残り型,2,10,90.0,32.85,得意,B
3455,谷本幸司,2コース差し/残り型,2,7,71.43,14.28,得意,C
3561,池田真治,標準/要当日展示,3,10,60.0,4.25,やや得意,B
3873,別府昌樹,標準/要当日展示,6,3,33.33,10.83,少数参考,参考
4538,笠置博之,4カド攻撃型,4,6,83.33,35.82,得意,C
3722,西村秀樹,標準/要当日展示,1,4,100.0,14.63,少数参考,参考
4234,野相弘司,標準/要当日展示,4,6,50.0,2.49,標準,C
4037,別府正幸,4カド攻撃型,4,5,60.0,12.49,得意,C
4118,宇佐見淳,2コース差し/残り型,2,6,100.0,42.85,得意,C
3631,田添康介,標準/要当日展示,4,14,50.0,2.49,標準,B
4023,柴田友和,4カド攻撃型,4,10,60.0,12.49,得意,B
4522,古澤光紀,4カド攻撃型,4,13,53.85,6.34,やや得意,B
3025,山口哲治,標準/要当日展示,2,3,66.67,9.52,少数参考,参考
4219,本岡勝利,標準/要当日展示,3,7,85.71,29.96,得意,C
3858,織田猛,標準/要当日展示,4,3,33.33,-14.18,少数参考,参考
4820,上野励,標準/要当日展示,6,3,33.33,10.83,少数参考,参考
4011,堀之内紀代子,5コース残り型,5,6,100.0,64.72,得意,C
4590,渡邉優美,2コース差し/残り型,2,6,66.67,9.52,得意,C
4447,深川麻奈美,4カド攻撃型,4,10,80.0,32.49,得意,B
4770,小野真歩,標準/要当日展示,6,8,0.0,-22.5,苦手,C
3616,中村真,5コース残り型,5,10,60.0,24.72,得意,B
3845,中谷朋子,2コース差し/残り型,2,8,75.0,17.85,得意,C
4264,長尾章平,2コース差し/残り型,2,21,61.9,4.75,やや得意,A
3723,白井弘文,2コース差し/残り型,2,7,71.43,14.28,得意,C
3942,寺田祥,2コース差し/残り型,2,33,81.82,24.67,得意,A
3785,宮井健雄,標準/要当日展示,5,3,0.0,-35.28,少数参考,参考
4022,待鳥雄紀,4カド攻撃型,4,10,70.0,22.49,得意,B
3581,加木郁,イン安定型,1,17,82.35,-3.02,得意,B
3709,田中浩之,イン安定型,1,13,92.31,6.94,得意,B
4324,海野康志郎,2コース差し/残り型,2,44,77.27,20.12,得意,A
4557,松尾光広,2コース差し/残り型,2,11,72.73,15.58,得意,B
3660,長谷川親王,標準/要当日展示,1,3,66.67,-18.7,少数参考,参考
3567,吉岡誠,イン安定型,1,15,66.67,-18.7,得意,B
3817,森脇まどか,標準/要当日展示,6,3,0.0,-22.5,少数参考,参考
2992,今村豊,イン安定型,1,6,83.33,-2.04,得意,C
3212,亀本勇樹,イン安定型,1,7,85.71,0.34,得意,C
3961,谷村一哉,2コース差し/残り型,2,33,81.82,24.67,得意,A
4533,峰重侑治,2コース差し/残り型,2,8,62.5,5.35,やや得意,C
4030,森高一真,2コース差し/残り型,2,9,66.67,9.52,得意,C
4089,妹尾忠幸,2コース差し/残り型,2,11,63.64,6.49,得意,B
3890,小宮淳史,2コース差し/残り型,2,6,66.67,9.52,得意,C
2910,片山晃,標準/要当日展示,3,3,33.33,-22.42,少数参考,参考
3805,高橋英之,5コース残り型,5,5,40.0,4.72,やや得意,C
4675,井手良太,標準/要当日展示,3,7,85.71,29.96,得意,C
4636,赤池修平,標準/要当日展示,6,3,33.33,10.83,少数参考,参考
4828,松山将吾,イン安定型,1,7,100.0,14.63,得意,C
3814,金子貴志,2コース差し/残り型,2,5,80.0,22.85,得意,C
4296,岡崎恭裕,2コース差し/残り型,2,8,75.0,17.85,得意,C
4202,浮田圭浩,標準/要当日展示,6,3,33.33,10.83,少数参考,参考
3522,長溝一生,標準/要当日展示,2,4,75.0,17.85,少数参考,参考
4415,下出卓矢,5コース残り型,5,9,66.67,31.39,得意,C
4526,池田雄祐,2コース差し/残り型,2,8,75.0,17.85,得意,C
3478,嶋田貴支,2コース差し/残り型,2,6,66.67,9.52,得意,C
3790,佐口達也,標準/要当日展示,6,15,33.33,10.83,得意,B
3647,伊藤雄二,5コース残り型,5,7,57.14,21.86,得意,C
4492,本多宏和,標準/要当日展示,3,4,50.0,-5.75,少数参考,参考
4434,田中辰彦,2コース差し/残り型,2,15,73.33,16.18,得意,B
3921,川村正輝,4カド攻撃型,4,7,57.14,9.63,得意,C
3742,宮地秀祈,標準/要当日展示,3,10,70.0,14.25,得意,B
3072,西田靖,標準/要当日展示,2,16,43.75,-13.4,苦手,B
4732,堀本和也,4カド攻撃型,4,10,60.0,12.49,得意,B
4319,三宅潤,2コース差し/残り型,2,7,71.43,14.28,得意,C
3397,沖本健二,標準/要当日展示,4,3,33.33,-14.18,少数参考,参考
4365,盛本真輔,標準/要当日展示,3,4,75.0,19.25,少数参考,参考
4369,丹下将,2コース差し/残り型,2,7,85.71,28.56,得意,C
3653,品川賢次,標準/要当日展示,6,3,33.33,10.83,少数参考,参考
4294,古賀繁輝,4カド攻撃型,4,6,66.67,19.16,得意,C
3166,谷田昭利,標準/要当日展示,6,3,0.0,-22.5,少数参考,参考
4277,金田大輔,5コース残り型,5,7,42.86,7.58,やや得意,C
3475,橋本久和,標準/要当日展示,4,4,75.0,27.49,少数参考,参考
4295,小坂尚哉,2コース差し/残り型,2,9,88.89,31.74,得意,C
3955,眞田英二,2コース差し/残り型,2,9,77.78,20.63,得意,C
3710,吉永泰弘,標準/要当日展示,2,4,100.0,42.85,少数参考,参考
4218,吉川喜継,2コース差し/残り型,2,9,77.78,20.63,得意,C
3309,大塚信行,標準/要当日展示,2,3,66.67,9.52,少数参考,参考
4293,鈴木智啓,5コース残り型,5,7,57.14,21.86,得意,C
3377,塚田修二,標準/要当日展示,3,4,75.0,19.25,少数参考,参考
3786,納富一樹,標準/要当日展示,2,3,0.0,-57.15,少数参考,参考
4647,磯部温志,標準/要当日展示,6,3,0.0,-22.5,少数参考,参考
4488,小山勉,標準/要当日展示,4,3,33.33,-14.18,少数参考,参考
3228,伸澤進,標準/要当日展示,6,3,0.0,-22.5,少数参考,参考
4280,山本章博,標準/要当日展示,4,3,33.33,-14.18,少数参考,参考
3792,田中豪,4カド攻撃型,4,5,60.0,12.49,得意,C
4020,川上清人,イン安定型,1,11,81.82,-3.55,得意,B
4871,菊池宏志,イン安定型,1,16,68.75,-16.62,得意,B
3340,池田雷太,4カド攻撃型,4,7,85.71,38.2,得意,C
4139,丹下健,標準/要当日展示,6,3,66.67,44.17,少数参考,参考
4378,川下晃司,標準/要当日展示,4,3,33.33,-14.18,少数参考,参考
3583,齋藤智裕,5コース残り型,5,6,50.0,14.72,得意,C
3434,松尾宣邦,5コース残り型,5,7,42.86,7.58,やや得意,C
4695,尾崎雄二,標準/要当日展示,3,6,83.33,27.58,得意,C
4069,山本修一,4カド攻撃型,4,7,71.43,23.92,得意,C
3870,寺嶋雄,2コース差し/残り型,2,6,83.33,26.18,得意,C
4511,中岡健人,標準/要当日展示,3,4,25.0,-30.75,少数参考,参考
3535,渡修平,5コース残り型,5,9,55.56,20.28,得意,C
3186,沖悟,標準/要当日展示,4,4,25.0,-22.51,少数参考,参考
3795,金子龍介,標準/要当日展示,1,3,100.0,14.63,少数参考,参考
2505,小泉秀人,標準/要当日展示,3,3,33.33,-22.42,少数参考,参考
3957,大谷直弘,標準/要当日展示,3,5,80.0,24.25,得意,C
3615,横田茂,5コース残り型,5,5,40.0,4.72,やや得意,C
4357,田中和也,4カド攻撃型,4,5,100.0,52.49,得意,C
3352,小川晃司,標準/要当日展示,6,44,52.27,29.77,得意,A
3952,中澤和志,イン安定型,1,9,100.0,14.63,得意,C
3967,鈴木茂高,標準/要当日展示,5,3,33.33,-1.95,少数参考,参考
4335,若林将,2コース差し/残り型,2,7,85.71,28.56,得意,C
2914,岡孝,イン安定型,1,5,100.0,14.63,得意,C
3642,大塚浩二,標準/要当日展示,5,4,50.0,14.72,少数参考,参考
4258,関根彰人,標準/要当日展示,4,3,66.67,19.16,少数参考,参考
3064,山崎昭生,標準/要当日展示,1,3,100.0,14.63,少数参考,参考
4596,葛原大陽,2コース差し/残り型,2,7,85.71,28.56,得意,C
3895,堀本裕也,4カド攻撃型,4,5,60.0,12.49,得意,C
3502,渡邉英児,標準/要当日展示,2,4,75.0,17.85,少数参考,参考
3797,岩井繁,標準/要当日展示,5,3,66.67,31.39,少数参考,参考
4692,酒井俊弘,5コース残り型,5,9,44.44,9.16,得意,C
3424,松浦努,標準/要当日展示,6,3,0.0,-22.5,少数参考,参考
4043,桐本康臣,4カド攻撃型,4,6,83.33,35.82,得意,C
4182,吉田和仁,標準/要当日展示,1,3,100.0,14.63,少数参考,参考
4204,柴田大輔,2コース差し/残り型,2,7,85.71,28.56,得意,C
4873,蒲原健太,2コース差し/残り型,2,5,80.0,22.85,得意,C
3939,渡辺真至,2コース差し/残り型,2,6,66.67,9.52,得意,C
4315,山崎昂介,4カド攻撃型,4,14,57.14,9.63,得意,B
3702,貞兼淳二,4カド攻撃型,4,14,57.14,9.63,得意,B
4755,山田貴愛,標準/要当日展示,5,7,14.29,-20.99,苦手,C
3020,若女井正,標準/要当日展示,4,3,66.67,19.16,少数参考,参考
3295,濱村芳宏,標準/要当日展示,2,4,100.0,42.85,少数参考,参考
3406,中里英夫,2コース差し/残り型,2,6,66.67,9.52,得意,C
4423,坂口貴彦,2コース差し/残り型,2,8,62.5,5.35,やや得意,C
4100,松田隆司,標準/要当日展示,4,4,100.0,52.49,少数参考,参考
3081,岡本慎治,4カド攻撃型,4,17,52.94,5.43,やや得意,B
4156,浜野孝志,2コース差し/残り型,2,6,100.0,42.85,得意,C
3911,鈴木猛,標準/要当日展示,5,3,100.0,64.72,少数参考,参考
4151,下河誉史,イン安定型,1,8,100.0,14.63,得意,C
4719,上條暢嵩,2コース差し/残り型,2,9,88.89,31.74,得意,C
4261,岡祐臣,イン安定型,1,7,100.0,14.63,得意,C
4274,長畑友輔,標準/要当日展示,5,4,50.0,14.72,少数参考,参考
4652,酒見峻介,4カド攻撃型,4,8,87.5,39.99,得意,C
3070,山室展弘,2コース差し/残り型,2,23,82.61,25.46,得意,A
4662,片山雅雄,2コース差し/残り型,2,6,66.67,9.52,得意,C
3922,菅沼佳昭,標準/要当日展示,1,4,75.0,-10.37,少数参考,参考
4508,野間大樹,5コース残り型,5,5,40.0,4.72,やや得意,C
4215,吉島祥之,標準/要当日展示,3,3,100.0,44.25,少数参考,参考
4214,林祐介,2コース差し/残り型,2,8,75.0,17.85,得意,C
4136,江夏満,イン安定型,1,7,100.0,14.63,得意,C
3558,山本浩次,5コース残り型,5,13,46.15,10.87,得意,B
3992,関口智久,イン安定型,1,7,71.43,-13.94,得意,C
4377,濱本優一,2コース差し/残り型,2,5,100.0,42.85,得意,C
4083,福島勇樹,2コース差し/残り型,2,8,62.5,5.35,得意,C
3588,新藤哲三,標準/要当日展示,3,4,25.0,-30.75,少数参考,参考
4207,松下一也,標準/要当日展示,3,3,66.67,10.92,少数参考,参考
4716,近久大志,標準/要当日展示,5,3,33.33,-1.95,少数参考,参考
3302,谷川里江,4カド攻撃型,4,8,62.5,14.99,得意,C
3704,本部めぐみ,2コース差し/残り型,2,6,66.67,9.52,得意,C
4878,西岡育未,標準/要当日展示,3,5,60.0,4.25,やや得意,C
3949,今出晋二,標準/要当日展示,6,5,20.0,-2.5,標準,C
4615,板倉敦史,2コース差し/残り型,2,7,71.43,14.28,得意,C
4829,塚脇奈美,標準/要当日展示,5,7,14.29,-20.99,苦手,C
3224,栗山繁洋,標準/要当日展示,3,7,100.0,44.25,得意,C
4094,中島真二,5コース残り型,5,7,42.86,7.58,やや得意,C
3775,泉啓文,イン安定型,1,5,100.0,14.63,得意,C
3950,石川哲秀,標準/要当日展示,1,4,100.0,14.63,少数参考,参考
3327,野長瀬正孝,イン安定型,1,5,80.0,-5.37,得意,C
4451,松崎祐太郎,4カド攻撃型,4,8,62.5,14.99,得意,C
3674,岸恵子,イン安定型,1,7,100.0,14.63,得意,C
4442,松竹大輔,イン安定型,1,5,80.0,-5.37,得意,C
3482,金子猛志,イン安定型,1,6,66.67,-18.7,得意,C
4047,吉永浩則,2コース差し/残り型,2,8,62.5,5.35,やや得意,C
4383,竹田吉行,イン安定型,1,12,91.67,6.3,得意,B
3556,田中信一郎,5コース残り型,5,5,40.0,4.72,やや得意,C
4402,乙藤智史,2コース差し/残り型,2,8,87.5,30.35,得意,C
4830,勝又桜,標準/要当日展示,6,16,6.25,-16.25,苦手,B
4298,宮下元胤,2コース差し/残り型,2,5,100.0,42.85,得意,C
3740,大澤普司,5コース残り型,5,7,71.43,36.15,得意,C
4430,永田秀二,標準/要当日展示,3,3,100.0,44.25,少数参考,参考
3589,西村勝,4カド攻撃型,4,7,57.14,9.63,得意,C
4407,鹿島敏弘,4カド攻撃型,4,5,80.0,32.49,得意,C
4446,和田兼輔,2コース差し/残り型,2,5,100.0,42.85,得意,C
4409,坂元浩仁,2コース差し/残り型,2,9,88.89,31.74,得意,C
3854,吉川元浩,2コース差し/残り型,2,11,81.82,24.67,得意,B
3730,塩崎優司,イン安定型,1,7,100.0,14.63,得意,C
3745,橋本年光,標準/要当日展示,6,3,66.67,44.17,少数参考,参考
3398,有田岳,標準/要当日展示,2,3,0.0,-57.15,少数参考,参考
3220,二橋学,標準/要当日展示,5,3,66.67,31.39,少数参考,参考
4245,高橋直哉,標準/要当日展示,3,3,0.0,-55.75,少数参考,参考
4726,島田なぎさ,標準/要当日展示,6,3,0.0,-22.5,少数参考,参考
4112,大久保信一郎,イン安定型,1,5,100.0,14.63,得意,C
2538,高橋二朗,標準/要当日展示,2,3,66.67,9.52,少数参考,参考
3781,秋元誠,標準/要当日展示,5,3,66.67,31.39,少数参考,参考
4291,山崎紳弘,標準/要当日展示,5,4,25.0,-10.28,少数参考,参考
4857,加藤翔馬,2コース差し/残り型,2,6,66.67,9.52,得意,C
3853,岩崎正哉,イン安定型,1,7,100.0,14.63,得意,C
4211,村田敦,標準/要当日展示,4,6,50.0,2.49,標準,C
3804,中渡修作,標準/要当日展示,4,3,66.67,19.16,少数参考,参考
4302,西野翔太,2コース差し/残り型,2,15,73.33,16.18,得意,B
4292,麻生慎介,イン安定型,1,12,83.33,-2.04,得意,B
4725,佐竹太一,標準/要当日展示,6,8,12.5,-10.0,苦手,C
3807,岡部哲,5コース残り型,5,5,60.0,24.72,得意,C
3815,森岡満郎,標準/要当日展示,1,4,100.0,14.63,少数参考,参考
3857,阿波勝哉,標準/要当日展示,6,19,68.42,45.92,得意,B
4336,松田竜馬,2コース差し/残り型,2,6,66.67,9.52,得意,C
4095,福来剛,標準/要当日展示,3,3,100.0,44.25,少数参考,参考
4655,三宅諒,標準/要当日展示,3,3,66.67,10.92,少数参考,参考
2843,友永明夫,標準/要当日展示,3,4,25.0,-30.75,少数参考,参考
4220,深川和仁,4カド攻撃型,4,10,60.0,12.49,得意,B
3036,吉本正昭,標準/要当日展示,1,3,100.0,14.63,少数参考,参考
4474,渡辺崇,標準/要当日展示,3,4,75.0,19.25,少数参考,参考
3379,打越晶,標準/要当日展示,4,3,66.67,19.16,少数参考,参考
4572,渡部悟,5コース残り型,5,10,60.0,24.72,得意,B
3794,前田昭広,標準/要当日展示,5,6,33.33,-1.95,標準,C
4362,土屋智則,2コース差し/残り型,2,12,91.67,34.52,得意,B
3907,村越篤,4カド攻撃型,4,8,62.5,14.99,得意,C
3564,桑原啓,標準/要当日展示,1,3,100.0,14.63,少数参考,参考
3750,笠井広幸,標準/要当日展示,3,3,33.33,-22.42,少数参考,参考
3659,藤生雄人,標準/要当日展示,4,4,75.0,27.49,少数参考,参考
3903,白石健,イン安定型,1,5,80.0,-5.37,得意,C
3705,濱田隆浩,標準/要当日展示,3,4,0.0,-55.75,少数参考,参考
3283,窪田好弘,標準/要当日展示,4,3,33.33,-14.18,少数参考,参考
4712,冨好祐真,標準/要当日展示,6,3,0.0,-22.5,少数参考,参考
4512,高野哲史,4カド攻撃型,4,6,66.67,19.16,得意,C
4445,宮地元輝,2コース差し/残り型,2,8,62.5,5.35,得意,C
4459,片岡雅裕,イン安定型,1,9,100.0,14.63,得意,C
4566,塩田北斗,4カド攻撃型,4,7,57.14,9.63,得意,C
4537,渡邉和将,イン安定型,1,9,100.0,14.63,得意,C
4351,里岡右貴,2コース差し/残り型,2,6,66.67,9.52,得意,C
4584,村岡賢人,2コース差し/残り型,2,6,66.67,9.52,得意,C
4498,宮本夏樹,4カド攻撃型,4,7,57.14,9.63,得意,C
4556,竹井奈美,イン安定型,1,5,100.0,14.63,得意,C
4503,上野真之介,4カド攻撃型,4,12,75.0,27.49,得意,B
4398,船岡洋一郎,2コース差し/残り型,2,8,75.0,17.85,得意,C
4368,山口隆史,標準/要当日展示,6,4,25.0,2.5,少数参考,参考
4413,水摩敦,標準/要当日展示,6,4,25.0,2.5,少数参考,参考
4553,坪口竜也,4カド攻撃型,4,9,55.56,8.05,得意,C
4588,田中京介,標準/要当日展示,1,3,100.0,14.63,少数参考,参考
4497,桑原悠,5コース残り型,5,5,40.0,4.72,やや得意,C
4394,永嶋裕一,4カド攻撃型,4,10,70.0,22.49,得意,B
4323,山田佑樹,5コース残り型,5,11,54.55,19.27,得意,B
4418,茅原悠紀,5コース残り型,5,6,66.67,31.39,得意,C
4350,篠崎元志,4カド攻撃型,4,7,71.43,23.92,得意,C
4450,平高奈菜,2コース差し/残り型,2,8,75.0,17.85,得意,C
4371,西山貴浩,5コース残り型,5,8,50.0,14.72,得意,C
4504,前田将太,5コース残り型,5,5,80.0,44.72,得意,C
4530,小野生奈,標準/要当日展示,4,4,75.0,27.49,少数参考,参考
4737,竹井貴史,5コース残り型,5,6,50.0,14.72,得意,C
4033,伊藤将吉,4カド攻撃型,4,6,100.0,52.49,得意,C
3827,今泉徹,標準/要当日展示,3,5,60.0,4.25,やや得意,C
4747,山戸信二,標準/要当日展示,4,9,44.44,-3.07,標準,C
4142,平野和明,標準/要当日展示,1,3,100.0,14.63,少数参考,参考
4429,豊田泰洋,標準/要当日展示,5,8,25.0,-10.28,苦手,C
3432,宮迫暢彦,2コース差し/残り型,2,6,66.67,9.52,得意,C
3414,加瀬智宏,標準/要当日展示,2,4,100.0,42.85,少数参考,参考
3906,飯山晃三,イン安定型,1,6,66.67,-18.7,得意,C
3989,熊本英一,標準/要当日展示,3,14,57.14,1.39,標準,B
4709,岡村将也,2コース差し/残り型,2,7,71.43,14.28,得意,C
4833,吉崎悠司,標準/要当日展示,5,4,25.0,-10.28,少数参考,参考
4140,梶野学志,4カド攻撃型,4,6,83.33,35.82,得意,C
4061,萩原秀人,イン安定型,1,10,90.0,4.63,得意,B
4146,柳橋宏紀,2コース差し/残り型,2,11,72.73,15.58,得意,B
3605,中村守成,標準/要当日展示,4,4,50.0,2.49,少数参考,参考
4467,渡邉俊介,2コース差し/残り型,2,6,66.67,9.52,得意,C
3606,川北浩貴,2コース差し/残り型,2,8,75.0,17.85,得意,C
3614,谷勝幸,5コース残り型,5,7,42.86,7.58,やや得意,C
4723,寺島吉彦,4カド攻撃型,4,5,60.0,12.49,得意,C
3621,天野晶夫,5コース残り型,5,9,44.44,9.16,得意,C
3630,黒田誠司,標準/要当日展示,5,3,33.33,-1.95,少数参考,参考
3624,大石和彦,標準/要当日展示,2,4,75.0,17.85,少数参考,参考
3628,石間徹,標準/要当日展示,4,3,66.67,19.16,少数参考,参考
3171,田川忠志,標準/要当日展示,6,3,33.33,10.83,少数参考,参考
3293,宮内由紀英,標準/要当日展示,6,3,33.33,10.83,少数参考,参考
3024,西島義則,2コース差し/残り型,2,9,77.78,20.63,得意,C
3627,井上恵一,標準/要当日展示,3,16,62.5,6.75,やや得意,B
3161,古場輝義,標準/要当日展示,4,10,50.0,2.49,標準,B
3191,井坂友則,標準/要当日展示,6,6,0.0,-22.5,苦手,C
3158,島川光男,標準/要当日展示,1,3,66.67,-18.7,少数参考,参考
3310,金澤一洋,標準/要当日展示,5,3,66.67,31.39,少数参考,参考
3010,大嶋一也,標準/要当日展示,2,4,75.0,17.85,少数参考,参考
3516,吉原聖人,イン安定型,1,5,80.0,-5.37,得意,C
3602,奥平拓也,4カド攻撃型,4,6,66.67,19.16,得意,C
3211,北川敏弘,2コース差し/残り型,2,6,83.33,26.18,得意,C
2912,尾崎鉄也,標準/要当日展示,3,4,75.0,19.25,少数参考,参考
3360,原田富士男,標準/要当日展示,4,3,66.67,19.16,少数参考,参考
3591,後藤孝義,標準/要当日展示,5,4,50.0,14.72,少数参考,参考
3190,片山友多加,標準/要当日展示,6,3,66.67,44.17,少数参考,参考
3227,長岡茂一,イン安定型,1,5,80.0,-5.37,得意,C
3108,松本真吾,標準/要当日展示,2,3,66.67,9.52,少数参考,参考
3231,吉田隆義,2コース差し/残り型,2,6,66.67,9.52,得意,C
3245,池上裕次,標準/要当日展示,1,3,100.0,14.63,少数参考,参考
2698,角川政志,標準/要当日展示,2,4,25.0,-32.15,少数参考,参考
3599,柿本達也,標準/要当日展示,6,5,0.0,-22.5,苦手,C
3326,生方厚成,標準/要当日展示,5,4,75.0,39.72,少数参考,参考
2871,藤田治義,標準/要当日展示,5,3,0.0,-35.28,少数参考,参考
2883,柾田敏行,標準/要当日展示,5,3,0.0,-35.28,少数参考,参考
2958,井川正人,標準/要当日展示,3,4,50.0,-5.75,少数参考,参考
2823,平野勇志,標準/要当日展示,3,4,75.0,19.25,少数参考,参考
4864,小川日紀太,標準/要当日展示,3,5,40.0,-15.75,苦手,C
3670,古澤信二,標準/要当日展示,2,3,100.0,42.85,少数参考,参考
3585,井川真人,標準/要当日展示,5,4,0.0,-35.28,少数参考,参考
3696,白井友晴,標準/要当日展示,5,4,75.0,39.72,少数参考,参考
3662,大庭元明,イン安定型,1,9,100.0,14.63,得意,C
3467,森弘行,標準/要当日展示,6,3,33.33,10.83,少数参考,参考
4109,谷津幸宏,標準/要当日展示,4,3,66.67,19.16,少数参考,参考
4262,馬場貴也,2コース差し/残り型,2,6,66.67,9.52,得意,C
4607,鶴田勇雄,2コース差し/残り型,2,6,83.33,26.18,得意,C
4542,高木圭右,標準/要当日展示,3,3,66.67,10.92,少数参考,参考
4307,村上橋蔵,標準/要当日展示,5,3,33.33,-1.95,少数参考,参考
3820,樫葉次郎,標準/要当日展示,3,5,100.0,44.25,得意,C
4057,松井賢治,2コース差し/残り型,2,5,80.0,22.85,得意,C
3584,佐々木英樹,4カド攻撃型,4,7,57.14,9.63,得意,C
4299,中島浩哉,5コース残り型,5,14,42.86,7.58,やや得意,B
4575,戸塚邦好,4カド攻撃型,4,6,66.67,19.16,得意,C
3638,前田努,標準/要当日展示,6,5,20.0,-2.5,標準,C
4570,前田聖文,2コース差し/残り型,2,9,88.89,31.74,得意,C
3963,原田秀弥,イン安定型,1,9,100.0,14.63,得意,C
3533,佐川正道,イン安定型,1,5,80.0,-5.37,得意,C
3550,都築正治,2コース差し/残り型,2,6,66.67,9.52,得意,C
3731,高濱芳久,2コース差し/残り型,2,22,72.73,15.58,得意,A
3888,山本英志,2コース差し/残り型,2,6,66.67,9.52,得意,C
3493,小島幸弘,標準/要当日展示,2,7,42.86,-14.29,苦手,C
4795,落合正侑,標準/要当日展示,5,3,0.0,-35.28,少数参考,参考
4070,中村亮太,標準/要当日展示,5,3,100.0,64.72,少数参考,参考
3701,大西隆洋,2コース差し/残り型,2,8,62.5,5.35,やや得意,C
4842,山下昂大,2コース差し/残り型,2,6,83.33,26.18,得意,C
3553,平池仁志,標準/要当日展示,1,3,100.0,14.63,少数参考,参考
2380,関忠志,標準/要当日展示,2,9,55.56,-1.59,標準,C
3834,細川明人,5コース残り型,5,11,54.55,19.27,得意,B
3600,玄馬徹,2コース差し/残り型,2,15,66.67,9.52,得意,B
3054,北川幸典,2コース差し/残り型,2,6,66.67,9.52,得意,C
4563,齋藤真之,イン安定型,1,7,85.71,0.34,得意,C
3866,木山誠一,4カド攻撃型,4,8,62.5,14.99,得意,C
4173,岡谷健吾,5コース残り型,5,18,44.44,9.16,得意,B
4316,山口裕太,標準/要当日展示,1,3,100.0,14.63,少数参考,参考
3189,矢野素也,標準/要当日展示,5,4,25.0,-10.28,少数参考,参考
3663,木山和幸,2コース差し/残り型,2,8,75.0,17.85,得意,C
4145,小澤学,標準/要当日展示,3,4,50.0,-5.75,少数参考,参考
3256,三角哲男,2コース差し/残り型,2,8,62.5,5.35,得意,C
4120,柘植政浩,イン安定型,1,7,100.0,14.63,得意,C
3273,石田豪,イン安定型,1,5,100.0,14.63,得意,C
3297,藤丸光一,4カド攻撃型,4,7,57.14,9.63,得意,C
4436,渋谷明憲,4カド攻撃型,4,8,75.0,27.49,得意,C
4137,君島秀三,2コース差し/残り型,2,6,66.67,9.52,得意,C
3838,伊藤啓三,4カド攻撃型,4,7,57.14,9.63,得意,C
4036,金田諭,イン安定型,1,6,100.0,14.63,得意,C
3065,増田弘喜,標準/要当日展示,6,4,25.0,2.5,少数参考,参考
4834,浜本裕己,標準/要当日展示,4,6,50.0,2.49,標準,C
3956,横澤剛治,2コース差し/残り型,2,5,80.0,22.85,得意,C
4318,桑原将光,5コース残り型,5,5,60.0,24.72,得意,C
4080,山崎哲司,5コース残り型,5,7,100.0,64.72,得意,C
4422,永井亮次,5コース残り型,5,5,40.0,4.72,やや得意,C
3910,松下知幸,2コース差し/残り型,2,6,83.33,26.18,得意,C
4256,渡辺浩司,イン安定型,1,7,85.71,0.34,得意,C
4786,佐藤博亮,イン安定型,1,5,100.0,14.63,得意,C
3668,市川猛,標準/要当日展示,5,4,25.0,-10.28,少数参考,参考
4443,津田裕絵,2コース差し/残り型,2,20,80.0,22.85,得意,A
4758,富樫麗加,標準/要当日展示,6,3,33.33,10.83,少数参考,参考
4433,川野芽唯,2コース差し/残り型,2,10,90.0,32.85,得意,B
2983,鵜飼菜穂子,標準/要当日展示,1,5,60.0,-25.37,苦手,C
3551,藤田美代,2コース差し/残り型,2,6,66.67,9.52,得意,C
4804,高田ひかる,イン安定型,1,6,83.33,-2.04,得意,C
3177,宮本紀美,標準/要当日展示,4,3,66.67,19.16,少数参考,参考
4014,片岡恵里,イン安定型,1,24,83.33,-2.04,得意,A
4767,米井里実,標準/要当日展示,6,3,0.0,-22.5,少数参考,参考
3871,池田紫乃,4カド攻撃型,4,12,75.0,27.49,得意,B
4548,篠木亜衣花,標準/要当日展示,2,3,66.67,9.52,少数参考,参考
4783,木村詳子,標準/要当日展示,5,3,33.33,-1.95,少数参考,参考
3693,栢場優子,2コース差し/残り型,2,10,70.0,12.85,得意,B
4387,平山智加,2コース差し/残り型,2,6,66.67,9.52,得意,C
4479,矢野真梨菜,5コース残り型,5,11,45.45,10.17,得意,B
4347,魚谷香織,2コース差し/残り型,2,7,85.71,28.56,得意,C
3280,垣内清美,標準/要当日展示,3,3,100.0,44.25,少数参考,参考
4781,西舘果里,標準/要当日展示,6,3,0.0,-22.5,少数参考,参考
3298,定野久恵,標準/要当日展示,2,3,33.33,-23.82,少数参考,参考
3999,大瀧明日香,イン安定型,1,9,88.89,3.52,得意,C
4286,平田さやか,4カド攻撃型,4,10,70.0,22.49,得意,B
3435,寺田千恵,2コース差し/残り型,2,6,83.33,26.18,得意,C
4125,内田亜希子,標準/要当日展示,3,3,33.33,-22.42,少数参考,参考
4244,鈴木成美,4カド攻撃型,4,7,85.71,38.2,得意,C
3117,長田光子,標準/要当日展示,2,3,0.0,-57.15,少数参考,参考
4746,大豆生田蒼,4カド攻撃型,4,9,66.67,19.16,得意,C
4317,木村沙友希,標準/要当日展示,2,3,0.0,-57.15,少数参考,参考
3802,森岡真希,標準/要当日展示,3,3,100.0,44.25,少数参考,参考
3317,大山博美,標準/要当日展示,2,3,100.0,42.85,少数参考,参考
3766,清水久美子,標準/要当日展示,3,4,0.0,-55.75,少数参考,参考
4282,中西裕子,標準/要当日展示,3,3,0.0,-55.75,少数参考,参考
3776,横井健太,標準/要当日展示,4,4,50.0,2.49,少数参考,参考
4753,森照夫,2コース差し/残り型,2,8,62.5,5.35,やや得意,C
3714,梶原正,2コース差し/残り型,2,6,66.67,9.52,得意,C
3863,海老澤泰行,イン安定型,1,7,100.0,14.63,得意,C
4529,嶋義信,2コース差し/残り型,2,6,66.67,9.52,得意,C
4273,佐藤旭,4カド攻撃型,4,5,60.0,12.49,得意,C
3889,須藤隆雄,標準/要当日展示,2,4,50.0,-7.15,少数参考,参考
3793,高橋真吾,標準/要当日展示,4,3,66.67,19.16,少数参考,参考
4427,秦英悟,標準/要当日展示,5,3,66.67,31.39,少数参考,参考
4750,井上尚悟,5コース残り型,5,5,40.0,4.72,やや得意,C
3454,井川大作,標準/要当日展示,6,4,50.0,27.5,少数参考,参考
4325,新出浩司,標準/要当日展示,6,3,0.0,-22.5,少数参考,参考
3257,田頭実,2コース差し/残り型,2,20,65.0,7.85,得意,A
3290,倉谷和信,2コース差し/残り型,2,6,83.33,26.18,得意,C
3085,川名稔,標準/要当日展示,3,3,33.33,-22.42,少数参考,参考
4309,坂口明義,標準/要当日展示,5,3,33.33,-1.95,少数参考,参考
4543,重木輝彦,2コース差し/残り型,2,10,70.0,12.85,得意,B
4620,佐藤裕紀,標準/要当日展示,4,3,0.0,-47.51,少数参考,参考
4631,新井英孝,4カド攻撃型,4,6,66.67,19.16,得意,C
3920,正木聖賢,イン安定型,1,9,100.0,14.63,得意,C
4771,下寺秀和,5コース残り型,5,10,50.0,14.72,得意,B
3286,坂東満,標準/要当日展示,1,4,100.0,14.63,少数参考,参考
4097,貫地谷直人,標準/要当日展示,4,15,40.0,-7.51,標準,B
3574,大神康司,イン安定型,1,25,88.0,2.63,得意,A
3448,高山秀雄,4カド攻撃型,4,5,60.0,12.49,得意,C
4305,金子拓矢,イン安定型,1,5,100.0,14.63,得意,C
4535,北山康介,4カド攻撃型,4,8,62.5,14.99,得意,C
4444,桐生順平,イン安定型,1,8,100.0,14.63,得意,C
4010,越智照浩,標準/要当日展示,4,3,100.0,52.49,少数参考,参考
4129,宇野博之,標準/要当日展示,3,5,60.0,4.25,やや得意,C
3973,崎利仁,標準/要当日展示,1,4,75.0,-10.37,少数参考,参考
4272,大場広孝,2コース差し/残り型,2,5,100.0,42.85,得意,C
4199,北川潤二,イン安定型,1,5,100.0,14.63,得意,C
4868,松本峻,標準/要当日展示,6,6,0.0,-22.5,苦手,C
4238,毒島誠,標準/要当日展示,6,3,66.67,44.17,少数参考,参考
4216,星栄爾,標準/要当日展示,4,4,50.0,2.49,少数参考,参考
3959,坪井康晴,4カド攻撃型,4,6,66.67,19.16,得意,C
4391,松田祐季,2コース差し/残り型,2,5,80.0,22.85,得意,C
4254,川島圭司,イン安定型,1,7,71.43,-13.94,得意,C
3941,池田浩二,5コース残り型,5,5,60.0,24.72,得意,C
4108,吉村正明,2コース差し/残り型,2,12,66.67,9.52,得意,B
4685,島村隆幸,5コース残り型,5,6,50.0,14.72,得意,C
4266,長田頼宗,標準/要当日展示,1,3,100.0,14.63,少数参考,参考
4460,後藤翔之,2コース差し/残り型,2,7,85.71,28.56,得意,C
4230,濱崎直矢,5コース残り型,5,6,50.0,14.72,得意,C
4352,下條雄太郎,イン安定型,1,6,100.0,14.63,得意,C
3960,菊地孝平,4カド攻撃型,4,5,80.0,32.49,得意,C
3635,石田政吾,イン安定型,1,8,75.0,-10.37,得意,C
4063,市橋卓士,標準/要当日展示,3,5,80.0,24.25,得意,C
4166,吉田拡郎,2コース差し/残り型,2,8,87.5,30.35,得意,C
3499,市川哲也,4カド攻撃型,4,8,62.5,14.99,得意,C
3783,瓜生正義,標準/要当日展示,1,4,100.0,14.63,少数参考,参考
3572,安田政彦,標準/要当日展示,4,3,100.0,52.49,少数参考,参考
4344,新田雄史,2コース差し/残り型,2,8,75.0,17.85,得意,C
3590,濱野谷憲吾,標準/要当日展示,6,3,33.33,10.83,少数参考,参考
3779,原田幸哉,2コース差し/残り型,2,6,83.33,26.18,得意,C
4877,鈴谷一平,標準/要当日展示,5,4,50.0,14.72,少数参考,参考
3741,松尾基成,標準/要当日展示,1,4,75.0,-10.37,少数参考,参考
3995,重野哲之,標準/要当日展示,1,3,100.0,14.63,少数参考,参考
4203,小倉康典,標準/要当日展示,1,3,66.67,-18.7,少数参考,参考
4079,出畑孝典,2コース差し/残り型,2,6,66.67,9.52,得意,C
4760,山崎郡,4カド攻撃型,4,8,87.5,39.99,得意,C
4106,坂井康嗣,標準/要当日展示,1,4,75.0,-10.37,少数参考,参考
4188,久田敏之,2コース差し/残り型,2,6,83.33,26.18,得意,C
3664,鈴木賢一,標準/要当日展示,2,3,66.67,9.52,少数参考,参考
4852,川原祐明,4カド攻撃型,4,7,57.14,9.63,得意,C
3909,佐々木康幸,4カド攻撃型,4,11,54.55,7.04,やや得意,B
4643,近江翔吾,2コース差し/残り型,2,7,71.43,14.28,得意,C
3544,豊田訓靖,標準/要当日展示,2,3,33.33,-23.82,少数参考,参考
3697,勝野竜司,標準/要当日展示,1,3,100.0,14.63,少数参考,参考
4197,渥美卓郎,標準/要当日展示,5,4,50.0,14.72,少数参考,参考
4715,村上遼,標準/要当日展示,2,3,100.0,42.85,少数参考,参考
4297,山田哲也,2コース差し/残り型,2,6,83.33,26.18,得意,C
3372,加藤雅之,5コース残り型,5,7,42.86,7.58,やや得意,C
4513,河野真也,イン安定型,1,9,66.67,-18.7,得意,C
4306,畔柳俊吾,5コース残り型,5,11,45.45,10.17,得意,B
3313,本吉正樹,標準/要当日展示,6,6,33.33,10.83,得意,C
3940,飯山泰,5コース残り型,5,9,44.44,9.16,得意,C
3843,上之晃弘,イン安定型,1,9,100.0,14.63,得意,C
4360,庄司孝輔,標準/要当日展示,3,12,58.33,2.58,標準,B
4594,谷川祐一,標準/要当日展示,3,3,66.67,10.92,少数参考,参考
3541,三嶌誠司,4カド攻撃型,4,5,80.0,32.49,得意,C
3489,大場敏,イン安定型,1,5,80.0,-5.37,得意,C
3261,大川茂実,標準/要当日展示,2,3,33.33,-23.82,少数参考,参考
3918,深井利寿,イン安定型,1,8,75.0,-10.37,得意,C
4314,青木幸太郎,4カド攻撃型,4,8,75.0,27.49,得意,C
4462,夏山亮平,2コース差し/残り型,2,5,80.0,22.85,得意,C
4038,田中健太郎,標準/要当日展示,5,3,100.0,64.72,少数参考,参考
4614,石倉洋行,標準/要当日展示,3,4,75.0,19.25,少数参考,参考
4059,入澤友治,標準/要当日展示,3,6,50.0,-5.75,標準,C
4705,吉川勇作,イン安定型,1,6,100.0,14.63,得意,C
3251,平石和男,イン安定型,1,9,88.89,3.52,得意,C
3829,落合純,標準/要当日展示,5,3,0.0,-35.28,少数参考,参考
3527,中嶋誠一郎,4カド攻撃型,4,15,53.33,5.82,やや得意,B
4872,山下流心,標準/要当日展示,5,6,33.33,-1.95,標準,C
4907,小池修平,2コース差し/残り型,2,7,85.71,28.56,得意,C
4374,永田義紘,標準/要当日展示,4,3,66.67,19.16,少数参考,参考
3982,福田理,標準/要当日展示,6,6,16.67,-5.83,標準,C
4373,若狭奈美子,4カド攻撃型,4,7,57.14,9.63,得意,C
4714,喜多須杏奈,2コース差し/残り型,2,11,63.64,6.49,やや得意,B
4853,前原哉,2コース差し/残り型,2,5,80.0,22.85,得意,C
4884,勝浦真帆,標準/要当日展示,6,3,0.0,-22.5,少数参考,参考
3943,三松直美,標準/要当日展示,1,3,100.0,14.63,少数参考,参考
3282,池本輝明,標準/要当日展示,1,3,100.0,14.63,少数参考,参考
3919,村上純,標準/要当日展示,3,6,83.33,27.58,得意,C
4260,中越博紀,4カド攻撃型,4,10,70.0,22.49,得意,B
5111,三村岳人,4カド攻撃型,4,7,85.71,38.2,得意,C
5231,寺田空詩,2コース差し/残り型,2,13,76.92,19.77,得意,B
5198,奥村明日香,標準/要当日展示,3,3,33.33,-22.42,少数参考,参考
4947,間庭菜摘,2コース差し/残り型,2,7,71.43,14.28,得意,C
5281,井上遥妃,標準/要当日展示,2,3,100.0,42.85,少数参考,参考
4017,向井美鈴,イン安定型,1,30,93.33,7.96,得意,A
4855,江頭賢太,標準/要当日展示,4,4,50.0,2.49,少数参考,参考
5123,福山恵里奈,標準/要当日展示,2,22,50.0,-7.15,標準,A
5176,石倉拓美,標準/要当日展示,3,6,50.0,-5.75,標準,C
3777,樋口亮,標準/要当日展示,3,8,62.5,6.75,得意,C
5067,山田真聖,イン安定型,1,17,88.24,2.87,得意,B
5027,重冨勇哉,イン安定型,1,18,94.44,9.07,得意,B
5064,品川二千翔,4カド攻撃型,4,26,53.85,6.34,やや得意,A
4985,井本昌也,2コース差し/残り型,2,18,66.67,9.52,得意,B
4174,赤坂俊輔,2コース差し/残り型,2,10,90.0,32.85,得意,B
5227,川原愛未,標準/要当日展示,6,7,0.0,-22.5,苦手,C
4890,石川諒,イン安定型,1,15,80.0,-5.37,得意,B
5238,笹木香吾,標準/要当日展示,2,4,50.0,-7.15,少数参考,参考
4950,高岡竜也,4カド攻撃型,4,22,54.55,7.04,やや得意,A
3948,大町利克,4カド攻撃型,4,5,60.0,12.49,得意,C
4822,百武翔,2コース差し/残り型,2,5,80.0,22.85,得意,C
5271,杉山太陽,標準/要当日展示,2,3,66.67,9.52,少数参考,参考
4919,吉田翔悟,4カド攻撃型,4,9,55.56,8.05,得意,C
5058,前原大道,2コース差し/残り型,2,10,90.0,32.85,得意,B
4248,岡本大,イン安定型,1,7,100.0,14.63,得意,C
5107,松本真広,標準/要当日展示,6,6,33.33,10.83,得意,C
5239,上野俊樹,標準/要当日展示,2,3,66.67,9.52,少数参考,参考
3876,中辻崇人,4カド攻撃型,4,7,85.71,38.2,得意,C
4268,和合俊介,標準/要当日展示,6,4,25.0,2.5,少数参考,参考
3953,志道吉和,2コース差し/残り型,2,5,80.0,22.85,得意,C
5022,伊藤尚汰,標準/要当日展示,4,6,50.0,2.49,標準,C
5000,岡本翔太郎,イン安定型,1,23,82.61,-2.76,得意,A
4432,黄金井力良,イン安定型,1,6,100.0,14.63,得意,C
3519,冨田秀幸,2コース差し/残り型,2,8,62.5,5.35,やや得意,C
3734,宮田政勝,標準/要当日展示,3,5,60.0,4.25,やや得意,C
4053,芦澤望,標準/要当日展示,6,3,66.67,44.17,少数参考,参考
3757,畑和宏,2コース差し/残り型,2,7,71.43,14.28,得意,C
4025,山本隆幸,イン安定型,1,9,100.0,14.63,得意,C
3265,今村暢孝,2コース差し/残り型,2,59,62.71,5.56,やや得意,A
4330,奈須啓太,標準/要当日展示,3,5,80.0,24.25,得意,C
4085,荻野裕介,標準/要当日展示,4,3,100.0,52.49,少数参考,参考
3772,一柳和孝,4カド攻撃型,4,5,60.0,12.49,得意,C
5244,黒田剛,標準/要当日展示,3,3,33.33,-22.42,少数参考,参考
3637,齋藤和政,標準/要当日展示,5,4,25.0,-10.28,少数参考,参考
5276,大島隆乃介,標準/要当日展示,6,21,0.0,-22.5,苦手,A
3523,寳田亮治,イン安定型,1,15,80.0,-5.37,得意,B
5040,木村颯,標準/要当日展示,3,3,100.0,44.25,少数参考,参考
4980,佐々木完太,2コース差し/残り型,2,15,86.67,29.52,得意,B
4931,木谷賢太,イン安定型,1,7,100.0,14.63,得意,C
3978,齊藤仁,2コース差し/残り型,2,5,80.0,22.85,得意,C
3315,広瀬聖仁,4カド攻撃型,4,5,80.0,32.49,得意,C
4995,田邉亮蔵,標準/要当日展示,2,8,37.5,-19.65,苦手,C
4348,宮崎奨,2コース差し/残り型,2,7,100.0,42.85,得意,C
5145,島川海輝,2コース差し/残り型,2,28,67.86,10.71,得意,A
4143,浦田晃嗣,標準/要当日展示,4,3,66.67,19.16,少数参考,参考
3445,加藤高史,標準/要当日展示,1,3,100.0,14.63,少数参考,参考
4439,近藤友宝,標準/要当日展示,2,4,50.0,-7.15,少数参考,参考
4676,後藤隼之,標準/要当日展示,4,5,40.0,-7.51,標準,C
3690,河合三弘,2コース差し/残り型,2,9,77.78,20.63,得意,C
3752,宇土泰就,標準/要当日展示,4,10,50.0,2.49,標準,B
4970,井町泰,標準/要当日展示,6,4,0.0,-22.5,少数参考,参考
5154,村松栄太,5コース残り型,5,16,50.0,14.72,得意,B
4883,岡部大輝,標準/要当日展示,5,3,66.67,31.39,少数参考,参考
4209,藤田竜弘,4カド攻撃型,4,5,60.0,12.49,得意,C
4201,佐竹友樹,標準/要当日展示,5,3,0.0,-35.28,少数参考,参考
5031,渡辺空依,標準/要当日展示,2,4,75.0,17.85,少数参考,参考
3333,丸尾義孝,2コース差し/残り型,2,8,87.5,30.35,得意,C
4956,齊藤大将,標準/要当日展示,4,4,25.0,-22.51,少数参考,参考
4821,妻鳥晋也,標準/要当日展示,3,11,81.82,26.07,得意,B
4551,三川昂暁,5コース残り型,5,6,50.0,14.72,得意,C
4874,池田奈津美,標準/要当日展示,3,9,55.56,-0.19,標準,C
4627,藤原菜希,4カド攻撃型,4,9,55.56,8.05,得意,C
3509,道上千夏,標準/要当日展示,4,4,50.0,2.49,少数参考,参考
4190,長嶋万記,4カド攻撃型,4,5,80.0,32.49,得意,C
4782,浜崎準也,4カド攻撃型,4,5,80.0,32.49,得意,C
4015,前野竜一,2コース差し/残り型,2,5,80.0,22.85,得意,C
5181,森智哉,4カド攻撃型,4,5,60.0,12.49,得意,C
5052,赤井星璃菜,標準/要当日展示,3,3,66.67,10.92,少数参考,参考
3778,安達美帆,標準/要当日展示,4,6,50.0,2.49,標準,C
4845,前田紗希,4カド攻撃型,4,5,60.0,12.49,得意,C
5163,清水愛海,2コース差し/残り型,2,8,75.0,17.85,得意,C
5164,森田梨湖,標準/要当日展示,6,4,0.0,-22.5,少数参考,参考
3579,中里優子,イン安定型,1,7,100.0,14.63,得意,C
4123,細川裕子,2コース差し/残り型,2,8,75.0,17.85,得意,C
4657,江崎一雄,標準/要当日展示,5,3,33.33,-1.95,少数参考,参考
4510,坂本奈央,標準/要当日展示,5,4,25.0,-10.28,少数参考,参考
4546,浜田亜理沙,標準/要当日展示,3,3,33.33,-22.42,少数参考,参考
5019,柴田百恵,標準/要当日展示,4,3,66.67,19.16,少数参考,参考
4060,島田一生,2コース差し/残り型,2,6,66.67,9.52,得意,C
4952,吉武真也,標準/要当日展示,3,6,33.33,-22.42,苦手,C
4458,抹香雄三,標準/要当日展示,5,4,25.0,-10.28,少数参考,参考
5143,常盤海心,標準/要当日展示,3,9,66.67,10.92,得意,C
5016,宮田龍馬,4カド攻撃型,4,12,75.0,27.49,得意,B
3842,星野太郎,4カド攻撃型,4,5,60.0,12.49,得意,C
5161,登玉隼百,イン安定型,1,5,100.0,14.63,得意,C
4039,村上功祐,標準/要当日展示,1,4,100.0,14.63,少数参考,参考
5278,田中駿兵,標準/要当日展示,6,7,0.0,-22.5,苦手,C
3411,池上隆行,標準/要当日展示,6,4,25.0,2.5,少数参考,参考
4977,馬野耀,5コース残り型,5,5,60.0,24.72,得意,C
3715,倉尾大介,イン安定型,1,10,100.0,14.63,得意,B
4866,橋本英一,標準/要当日展示,4,4,25.0,-22.51,少数参考,参考
4957,竹之内極,標準/要当日展示,2,4,50.0,-7.15,少数参考,参考
5106,山崎祥,4カド攻撃型,4,16,68.75,21.24,得意,B
5083,柳瀬幹太,イン安定型,1,19,84.21,-1.16,得意,B
4172,森定晃史,標準/要当日展示,1,3,100.0,14.63,少数参考,参考
4054,福嶋智之,イン安定型,1,6,100.0,14.63,得意,C
4654,篠田優也,標準/要当日展示,5,4,50.0,14.72,少数参考,参考
5277,井上未都,2コース差し/残り型,2,8,62.5,5.35,やや得意,C
4945,上村宏太,4カド攻撃型,4,7,57.14,9.63,得意,C
3947,寺本昇平,標準/要当日展示,4,3,33.33,-14.18,少数参考,参考
4909,薮内瑞希,2コース差し/残り型,2,6,66.67,9.52,得意,C
3484,芝田浩治,2コース差し/残り型,2,8,75.0,17.85,得意,C
5189,藤原早菜,標準/要当日展示,1,4,100.0,14.63,少数参考,参考
3908,重成一人,2コース差し/残り型,2,8,87.5,30.35,得意,C
5233,村田佳奈子,標準/要当日展示,6,7,0.0,-22.5,苦手,C
5057,上田紗奈,標準/要当日展示,3,4,100.0,44.25,少数参考,参考
5230,石原凪紗,標準/要当日展示,4,3,33.33,-14.18,少数参考,参考
5146,野田彩加,2コース差し/残り型,2,23,73.91,16.76,得意,A
5153,佐藤ほのか,標準/要当日展示,6,6,16.67,-5.83,標準,C
5265,大廣咲季,標準/要当日展示,5,4,25.0,-10.28,少数参考,参考
4998,中村かなえ,4カド攻撃型,4,5,60.0,12.49,得意,C
5182,宮崎安奈,標準/要当日展示,6,7,42.86,20.36,得意,C
4891,寺島美里,4カド攻撃型,4,5,80.0,32.49,得意,C
5118,野田なづき,標準/要当日展示,6,5,40.0,17.5,得意,C
5088,高憧四季,標準/要当日展示,3,5,100.0,44.25,得意,C
5045,平川香織,2コース差し/残り型,2,5,80.0,22.85,得意,C
4924,中北涼,標準/要当日展示,6,3,33.33,10.83,少数参考,参考
4961,西橋奈未,2コース差し/残り型,2,8,62.5,5.35,やや得意,C
4313,西村美智子,2コース差し/残り型,2,6,83.33,26.18,得意,C
4927,関野文,4カド攻撃型,4,6,100.0,52.49,得意,C
4300,加藤綾,2コース差し/残り型,2,9,77.78,20.63,得意,C
5195,北村寧々,標準/要当日展示,6,3,33.33,10.83,少数参考,参考
5056,西岡成美,標準/要当日展示,3,3,66.67,10.92,少数参考,参考
4825,倉持莉々,イン安定型,1,6,100.0,14.63,得意,C
5180,藤本紗弥香,2コース差し/残り型,2,12,66.67,9.52,得意,B
4823,中村桃佳,4カド攻撃型,4,5,100.0,52.49,得意,C
4680,後藤美翼,イン安定型,1,11,100.0,14.63,得意,B
4464,山下友貴,5コース残り型,5,5,40.0,4.72,やや得意,C
4843,深尾巴恵,標準/要当日展示,3,7,42.86,-12.89,苦手,C
4289,落合直子,イン安定型,1,8,100.0,14.63,得意,C
5241,門田栞,標準/要当日展示,2,4,75.0,17.85,少数参考,参考
4938,小芦るり華,2コース差し/残り型,2,10,70.0,12.85,得意,B
5199,垂水悠,4カド攻撃型,4,6,66.67,19.16,得意,C
5236,小宮涼雅,標準/要当日展示,4,4,50.0,2.49,少数参考,参考
5011,高木圭大,標準/要当日展示,3,4,75.0,19.25,少数参考,参考
5247,大森翼,標準/要当日展示,5,4,25.0,-10.28,少数参考,参考
4231,鈴木裕隆,2コース差し/残り型,2,8,87.5,30.35,得意,C
4966,田川大貴,イン安定型,1,11,90.91,5.54,得意,B
4449,中嶋達也,4カド攻撃型,4,5,60.0,12.49,得意,C
5270,小玉啓太,標準/要当日展示,4,7,28.57,-18.94,苦手,C
4661,中島昂章,4カド攻撃型,4,9,55.56,8.05,得意,C
3945,橋口真樹,4カド攻撃型,4,6,66.67,19.16,得意,C
3246,星野政彦,イン安定型,1,5,100.0,14.63,得意,C
4463,三苫晃幸,5コース残り型,5,5,40.0,4.72,やや得意,C
5028,原田才一郎,2コース差し/残り型,2,8,75.0,17.85,得意,C
4968,宮崎光基,標準/要当日展示,5,3,33.33,-1.95,少数参考,参考
4896,花本剛,標準/要当日展示,3,19,57.89,2.14,標準,B
3577,向所浩二,5コース残り型,5,6,50.0,14.72,得意,C
3796,長野道臣,2コース差し/残り型,2,8,87.5,30.35,得意,C
4933,板橋侑我,4カド攻撃型,4,7,57.14,9.63,得意,C
5212,西川拓利,4カド攻撃型,4,5,100.0,52.49,得意,C
4027,松江秀徳,5コース残り型,5,7,71.43,36.15,得意,C
4684,楠原翔太,5コース残り型,5,6,50.0,14.72,得意,C
5214,田中宏典,標準/要当日展示,1,4,100.0,14.63,少数参考,参考
4623,中北将史,2コース差し/残り型,2,6,66.67,9.52,得意,C
4055,吉田俊彦,イン安定型,1,7,85.71,0.34,得意,C
3284,渡邊伸太郎,2コース差し/残り型,2,6,83.33,26.18,得意,C
4002,古結宏,4カド攻撃型,4,5,80.0,32.49,得意,C
5261,岡暢祐,4カド攻撃型,4,5,60.0,12.49,得意,C
4051,清水敦揮,2コース差し/残り型,2,13,69.23,12.08,得意,B
4816,村松修二,5コース残り型,5,7,57.14,21.86,得意,C
4879,山崎鉄平,2コース差し/残り型,2,6,100.0,42.85,得意,C
4380,鈴木峻佑,標準/要当日展示,2,4,50.0,-7.15,少数参考,参考
4210,松村康太,標準/要当日展示,3,3,100.0,44.25,少数参考,参考
4382,高山智至,標準/要当日展示,5,4,25.0,-10.28,少数参考,参考
4686,丸野一樹,4カド攻撃型,4,9,55.56,8.05,得意,C
4527,高野心吾,4カド攻撃型,4,7,57.14,9.63,得意,C
4379,桑島和宏,2コース差し/残り型,2,7,85.71,28.56,得意,C
5255,藤原仙二,4カド攻撃型,4,8,62.5,14.99,得意,C
4176,樋口喜彦,標準/要当日展示,4,5,20.0,-27.51,苦手,C
4549,小林文彦,イン安定型,1,5,100.0,14.63,得意,C
4074,柳沢一,5コース残り型,5,6,50.0,14.72,得意,C
2903,山崎毅,2コース差し/残り型,2,5,80.0,22.85,得意,C
3746,岡瀬正人,標準/要当日展示,2,5,60.0,2.85,標準,C
4728,山口亮,標準/要当日展示,5,4,25.0,-10.28,少数参考,参考
4012,中村有裕,4カド攻撃型,4,5,60.0,12.49,得意,C
3044,三宅爾士,標準/要当日展示,5,3,0.0,-35.28,少数参考,参考
3462,竹上真司,イン安定型,1,6,66.67,-18.7,得意,C
5009,大賀龍之介,標準/要当日展示,3,4,25.0,-30.75,少数参考,参考
4624,高田明,4カド攻撃型,4,6,66.67,19.16,得意,C
4778,堤啓輔,4カド攻撃型,4,6,66.67,19.16,得意,C
4889,後藤盛也,4カド攻撃型,4,5,80.0,32.49,得意,C
4499,滝川真由子,2コース差し/残り型,2,5,80.0,22.85,得意,C
4991,宗行治哉,4カド攻撃型,4,6,66.67,19.16,得意,C
4941,孫崎百世,5コース残り型,5,5,40.0,4.72,やや得意,C
4431,石塚裕介,5コース残り型,5,7,42.86,7.58,やや得意,C
4457,神田達也,5コース残り型,5,7,57.14,21.86,得意,C
4113,木村浩士,標準/要当日展示,1,4,100.0,14.63,少数参考,参考
4963,實森美祐,標準/要当日展示,5,4,75.0,39.72,少数参考,参考
5017,澤田尚也,2コース差し/残り型,2,10,70.0,12.85,得意,B
3915,繁野谷圭介,イン安定型,1,7,85.71,0.34,得意,C
4067,永井源,2コース差し/残り型,2,6,83.33,26.18,得意,C
4478,櫻本あゆみ,2コース差し/残り型,2,9,100.0,42.85,得意,C
5120,山本稔太朗,4カド攻撃型,4,7,57.14,9.63,得意,C
4649,和田操拓,イン安定型,1,6,83.33,-2.04,得意,C
4880,澤崎雄哉,4カド攻撃型,4,6,66.67,19.16,得意,C
5222,津田陸翔,標準/要当日展示,6,9,44.44,21.94,得意,C
4797,中山将,4カド攻撃型,4,11,54.55,7.04,やや得意,B
4124,池田雄一,4カド攻撃型,4,6,66.67,19.16,得意,C
3994,茶谷桜,標準/要当日展示,2,3,66.67,9.52,少数参考,参考
5240,高橋龍治,標準/要当日展示,6,17,11.76,-10.74,苦手,B
5087,佐藤航,4カド攻撃型,4,8,75.0,27.49,得意,C
5076,石原光,4カド攻撃型,4,7,71.43,23.92,得意,C
5268,山本幸也,標準/要当日展示,6,11,0.0,-22.5,苦手,B
3837,秋山広一,4カド攻撃型,4,7,57.14,9.63,得意,C
4951,新田洋一,5コース残り型,5,5,40.0,4.72,やや得意,C
5298,水谷理人,標準/要当日展示,6,14,21.43,-1.07,標準,B
5092,篠原晟弥,標準/要当日展示,3,4,100.0,44.25,少数参考,参考
5224,西岡顕心,4カド攻撃型,4,9,55.56,8.05,得意,C
4068,幸田智裕,2コース差し/残り型,2,8,75.0,17.85,得意,C
4635,峰重力也,5コース残り型,5,5,60.0,24.72,得意,C
4343,村岡賢,イン安定型,1,5,100.0,14.63,得意,C
4073,大橋純一郎,2コース差し/残り型,2,6,100.0,42.85,得意,C
3319,山崎義明,5コース残り型,5,5,60.0,24.72,得意,C
4948,木場悠介,4カド攻撃型,4,7,57.14,9.63,得意,C
4982,中村将隆,標準/要当日展示,4,3,33.33,-14.18,少数参考,参考
4912,中山将太,標準/要当日展示,1,4,100.0,14.63,少数参考,参考
5115,香川颯太,標準/要当日展示,4,3,100.0,52.49,少数参考,参考
3802,森岡まき,標準/要当日展示,1,4,100.0,14.63,少数参考,参考
3808,秋田健太郎,標準/要当日展示,2,7,57.14,-0.01,標準,C
5165,小林愛実,標準/要当日展示,1,3,100.0,14.63,少数参考,参考
4836,大谷健太,5コース残り型,5,9,55.56,20.28,得意,C
5203,神里琴音,4カド攻撃型,4,5,60.0,12.49,得意,C
3801,五反田忍,標準/要当日展示,5,4,75.0,39.72,少数参考,参考
4875,大塚康雅,標準/要当日展示,1,4,100.0,14.63,少数参考,参考
5114,小林孝彰,標準/要当日展示,1,4,100.0,14.63,少数参考,参考
4964,土屋南,標準/要当日展示,3,5,100.0,44.25,得意,C
4865,立具敬司,4カド攻撃型,4,5,60.0,12.49,得意,C
3554,仲口博崇,4カド攻撃型,4,7,71.43,23.92,得意,C
4159,向後龍一,標準/要当日展示,6,4,50.0,27.5,少数参考,参考
4902,山川雄大,2コース差し/残り型,2,5,80.0,22.85,得意,C
4222,山口高志,5コース残り型,5,5,60.0,24.72,得意,C
5046,松山裕基,5コース残り型,5,9,44.44,9.16,得意,C
4342,谷野錬志,4カド攻撃型,4,5,60.0,12.49,得意,C
4081,樋口範政,イン安定型,1,7,100.0,14.63,得意,C
3968,茶谷信次,イン安定型,1,6,100.0,14.63,得意,C
5206,梅原祥平,標準/要当日展示,3,4,50.0,-5.75,少数参考,参考
4169,多田有佑,標準/要当日展示,2,3,66.67,9.52,少数参考,参考
4453,永田郁弥,標準/要当日展示,6,3,0.0,-22.5,少数参考,参考
5263,花田凱成,標準/要当日展示,6,7,0.0,-22.5,苦手,C
4275,菅野はやか,標準/要当日展示,3,6,66.67,10.92,得意,C
4844,村上奈穂,標準/要当日展示,5,4,50.0,14.72,少数参考,参考
5202,宮崎つぐみ,標準/要当日展示,3,4,75.0,19.25,少数参考,参考
4484,稲生夏季,4カド攻撃型,4,6,66.67,19.16,得意,C
5204,宇恵有香,5コース残り型,5,5,60.0,24.72,得意,C
4974,安井瑞紀,5コース残り型,5,12,41.67,6.39,やや得意,B
4098,赤澤文香,標準/要当日展示,5,3,66.67,31.39,少数参考,参考
4372,原田佑実,2コース差し/残り型,2,6,66.67,9.52,得意,C
4414,大澤真菜,標準/要当日展示,3,4,75.0,19.25,少数参考,参考
3334,角ひとみ,2コース差し/残り型,2,9,66.67,9.52,得意,C
3232,山川美由紀,4カド攻撃型,4,5,60.0,12.49,得意,C
4071,古賀千晶,標準/要当日展示,6,5,40.0,17.5,得意,C
4791,黒澤めぐみ,標準/要当日展示,1,3,100.0,14.63,少数参考,参考
4744,伊藤玲奈,2コース差し/残り型,2,8,75.0,17.85,得意,C
3618,海野ゆかり,イン安定型,1,10,100.0,14.63,得意,B
3188,日高逸子,イン安定型,1,7,100.0,14.63,得意,C
5218,山田理央,2コース差し/残り型,2,6,66.67,9.52,得意,C
4893,渡邉真奈美,標準/要当日展示,6,3,0.0,-22.5,少数参考,参考
3932,池田浩美,標準/要当日展示,3,4,75.0,19.25,少数参考,参考
4283,石井裕美,標準/要当日展示,1,3,66.67,-18.7,少数参考,参考
4103,山崎善庸,標準/要当日展示,2,4,75.0,17.85,少数参考,参考
5310,土屋蘭,標準/要当日展示,6,22,0.0,-22.5,苦手,A
5093,浦野海,5コース残り型,5,7,71.43,36.15,得意,C
4942,柴田朋哉,4カド攻撃型,4,5,60.0,12.49,得意,C
3990,芹澤克彦,標準/要当日展示,3,3,100.0,44.25,少数参考,参考
5104,山田丈,標準/要当日展示,5,4,75.0,39.72,少数参考,参考
4189,川上剛,4カド攻撃型,4,5,60.0,12.49,得意,C
3596,河上年昭,標準/要当日展示,2,3,33.33,-23.82,少数参考,参考
4766,石井孝之,標準/要当日展示,1,3,100.0,14.63,少数参考,参考
3993,永井聖美,標準/要当日展示,2,3,100.0,42.85,少数参考,参考
5273,山下拓巳,標準/要当日展示,6,8,0.0,-22.5,苦手,C
4532,秋元哲,5コース残り型,5,5,60.0,24.72,得意,C
4740,齋藤達希,5コース残り型,5,5,40.0,4.72,やや得意,C
5003,来田衣織,標準/要当日展示,6,4,25.0,2.5,少数参考,参考
4632,長尾京志郎,5コース残り型,5,7,42.86,7.58,やや得意,C
5210,藤井公人,2コース差し/残り型,2,5,80.0,22.85,得意,C
4435,服部達哉,4カド攻撃型,4,6,83.33,35.82,得意,C
4679,植田太一,イン安定型,1,9,88.89,3.52,得意,C
3105,内山文典,標準/要当日展示,3,4,100.0,44.25,少数参考,参考
4102,益田啓司,2コース差し/残り型,2,7,71.43,14.28,得意,C
5127,沼田大都,標準/要当日展示,1,4,100.0,14.63,少数参考,参考
5229,吉川晴人,5コース残り型,5,6,66.67,31.39,得意,C
3716,石渡鉄兵,標準/要当日展示,1,4,100.0,14.63,少数参考,参考
4489,岩川仁士,4カド攻撃型,4,5,60.0,12.49,得意,C
5152,丸山祐也,標準/要当日展示,1,3,100.0,14.63,少数参考,参考
5170,佐藤太亮,5コース残り型,5,5,40.0,4.72,やや得意,C
5101,表健太,標準/要当日展示,5,5,20.0,-15.28,苦手,C
4138,中井俊祐,標準/要当日展示,4,3,66.67,19.16,少数参考,参考
5209,小野京平,標準/要当日展示,5,4,25.0,-10.28,少数参考,参考
4270,岸本雄貴,標準/要当日展示,6,7,28.57,6.07,やや得意,C
4560,庄司樹良々,5コース残り型,5,7,71.43,36.15,得意,C
4440,萩原知哉,標準/要当日展示,5,3,33.33,-1.95,少数参考,参考
4876,梅木敬太,標準/要当日展示,5,6,33.33,-1.95,標準,C
4562,阪本勇介,イン安定型,1,5,80.0,-5.37,得意,C
5286,坂井滉哉,標準/要当日展示,5,3,33.33,-1.95,少数参考,参考
3300,川崎智幸,2コース差し/残り型,2,8,62.5,5.35,やや得意,C
4976,金山立樹,標準/要当日展示,5,4,75.0,39.72,少数参考,参考
4640,山ノ内雅人,4カド攻撃型,4,5,80.0,32.49,得意,C
5307,富永夏哉人,標準/要当日展示,5,4,25.0,-10.28,少数参考,参考
3514,山一鉄也,4カド攻撃型,4,7,57.14,9.63,得意,C
4987,島倉都,標準/要当日展示,3,3,33.33,-22.42,少数参考,参考
4660,宇田川信一,標準/要当日展示,6,4,25.0,2.5,少数参考,参考
4062,後藤陽介,イン安定型,1,5,80.0,-5.37,得意,C
5306,河内悠利杏,標準/要当日展示,3,3,33.33,-22.42,少数参考,参考
3430,角浜修,イン安定型,1,5,80.0,-5.37,得意,C
4815,伏島祐介,4カド攻撃型,4,6,66.67,19.16,得意,C
3582,吉川昭男,イン安定型,1,5,100.0,14.63,得意,C
4819,蜂須瑞生,2コース差し/残り型,2,6,83.33,26.18,得意,C
4697,國弘翔平,2コース差し/残り型,2,10,80.0,22.85,得意,B
4183,宇野弥生,4カド攻撃型,4,8,62.5,14.99,得意,C
5044,渡邉健,5コース残り型,5,5,60.0,24.72,得意,C
3966,作間章,イン安定型,1,5,100.0,14.63,得意,C
3851,森田昭彦,標準/要当日展示,3,10,50.0,-5.75,標準,B
5237,永松良教,標準/要当日展示,6,7,0.0,-22.5,苦手,C
4665,加藤啓太,標準/要当日展示,5,3,33.33,-1.95,少数参考,参考
3974,深山祐二,標準/要当日展示,2,7,57.14,-0.01,標準,C
5026,安河内健,2コース差し/残り型,2,6,83.33,26.18,得意,C
4155,長野壮志郎,4カド攻撃型,4,6,66.67,19.16,得意,C
4936,戸敷晃美,イン安定型,1,5,80.0,-5.37,得意,C
4925,森悠稀,4カド攻撃型,4,5,80.0,32.49,得意,C
5250,嶋田有里,標準/要当日展示,3,3,33.33,-22.42,少数参考,参考
4278,藤岡俊介,2コース差し/残り型,2,5,100.0,42.85,得意,C
4046,谷村啓司,標準/要当日展示,1,3,100.0,14.63,少数参考,参考
4954,内山峻輔,標準/要当日展示,4,3,33.33,-14.18,少数参考,参考
3304,烏野賢太,標準/要当日展示,2,4,75.0,17.85,少数参考,参考
5129,山口真喜子,5コース残り型,5,5,40.0,4.72,やや得意,C
5041,荒牧凪沙,標準/要当日展示,5,4,25.0,-10.28,少数参考,参考
4200,早川尚人,標準/要当日展示,6,6,50.0,27.5,得意,C
5010,宇留田翔平,イン安定型,1,5,100.0,14.63,得意,C
4092,岡部大輔,標準/要当日展示,5,3,66.67,31.39,少数参考,参考
5249,三木晴斗,標準/要当日展示,4,3,66.67,19.16,少数参考,参考
4735,角山雄哉,標準/要当日展示,3,3,100.0,44.25,少数参考,参考
4651,佐藤大騎,5コース残り型,5,5,40.0,4.72,やや得意,C
4232,笠雅雄,標準/要当日展示,2,3,66.67,9.52,少数参考,参考
4796,春園功太,標準/要当日展示,1,3,33.33,-52.04,少数参考,参考
4908,上田龍星,標準/要当日展示,2,3,100.0,42.85,少数参考,参考
4181,花本夏樹,標準/要当日展示,2,3,66.67,9.52,少数参考,参考
5217,藤原碧生,2コース差し/残り型,2,7,71.43,14.28,得意,C
5162,松尾怜実,標準/要当日展示,6,7,14.29,-8.21,標準,C
4086,寺本重宣,5コース残り型,5,6,66.67,31.39,得意,C
4677,片橋幸貴,4カド攻撃型,4,5,80.0,32.49,得意,C
5193,米丸乃絵,2コース差し/残り型,2,5,80.0,22.85,得意,C
4682,大上卓人,イン安定型,1,11,100.0,14.63,得意,B
3874,山本寛久,イン安定型,1,8,100.0,14.63,得意,C
5192,中尾優香,4カド攻撃型,4,5,60.0,12.49,得意,C
5013,山下夏鈴,2コース差し/残り型,2,5,100.0,42.85,得意,C
4301,関裕也,標準/要当日展示,3,5,60.0,4.25,やや得意,C
4040,廣瀬将亨,4カド攻撃型,4,7,57.14,9.63,得意,C
4850,野中一平,イン安定型,1,8,87.5,2.13,得意,C
4856,豊田健士郎,2コース差し/残り型,2,5,80.0,22.85,得意,C
4967,中村魁生,標準/要当日展示,4,3,66.67,19.16,少数参考,参考
4959,井上忠政,2コース差し/残り型,2,8,62.5,5.35,得意,C
5121,定松勇樹,2コース差し/残り型,2,10,80.0,22.85,得意,B
5068,前田滉,4カド攻撃型,4,6,83.33,35.82,得意,C
4886,入海馨,2コース差し/残り型,2,8,75.0,17.85,得意,C
5081,篠原飛翔,5コース残り型,5,9,44.44,9.16,得意,C
5002,上田健太,標準/要当日展示,4,3,66.67,19.16,少数参考,参考
4928,栗城匠,2コース差し/残り型,2,6,66.67,9.52,得意,C
4960,黒野元基,標準/要当日展示,1,3,100.0,14.63,少数参考,参考
5043,中村日向,2コース差し/残り型,2,6,100.0,42.85,得意,C
4953,尾上雅也,4カド攻撃型,4,5,60.0,12.49,得意,C
4847,佐藤隆太郎,標準/要当日展示,2,3,66.67,9.52,少数参考,参考
4910,中村泰平,4カド攻撃型,4,6,66.67,19.16,得意,C
5018,竹下大樹,4カド攻撃型,4,6,83.33,35.82,得意,C
5042,畑田汰一,2コース差し/残り型,2,7,71.43,14.28,得意,C
5051,松本純平,イン安定型,1,7,100.0,14.63,得意,C
5141,大澤風葵,イン安定型,1,5,100.0,14.63,得意,C
5029,中亮太,4カド攻撃型,4,6,83.33,35.82,得意,C
4939,宮之原輝紀,イン安定型,1,5,100.0,14.63,得意,C
4851,関浩哉,2コース差し/残り型,2,6,83.33,26.18,得意,C
4932,新開航,4カド攻撃型,4,10,80.0,32.49,得意,B
5015,高橋竜矢,2コース差し/残り型,2,8,62.5,5.35,やや得意,C
5089,前田翔,標準/要当日展示,6,4,50.0,27.5,少数参考,参考
4983,前田篤哉,標準/要当日展示,6,4,50.0,27.5,少数参考,参考
3619,長谷川充,標準/要当日展示,1,3,100.0,14.63,少数参考,参考
4911,片岡大地,標準/要当日展示,2,4,50.0,-7.15,少数参考,参考
5096,上原崚,標準/要当日展示,3,4,75.0,19.25,少数参考,参考
4904,松本一毅,標準/要当日展示,4,3,100.0,52.49,少数参考,参考
4981,牧山敦也,標準/要当日展示,5,4,25.0,-10.28,少数参考,参考
5005,石田貴洋,イン安定型,1,5,100.0,14.63,得意,C
4547,中田竜太,2コース差し/残り型,2,5,100.0,42.85,得意,C
4364,池永太,イン安定型,1,6,100.0,14.63,得意,C
4311,岡村仁,標準/要当日展示,1,3,33.33,-52.04,少数参考,参考
5284,嘉手苅徹哉,標準/要当日展示,6,15,0.0,-22.5,苦手,B
4608,荒井翔伍,標準/要当日展示,3,3,100.0,44.25,少数参考,参考
3831,安藤裕貴,標準/要当日展示,3,4,50.0,-5.75,少数参考,参考
4881,檀将太,標準/要当日展示,5,3,66.67,31.39,少数参考,参考
5167,小川竜太朗,標準/要当日展示,5,4,25.0,-10.28,少数参考,参考
5054,佐々木大河,2コース差し/残り型,2,6,66.67,9.52,得意,C
3679,飯島昌弘,標準/要当日展示,6,4,75.0,52.5,少数参考,参考
3277,齋藤勇,標準/要当日展示,1,3,100.0,14.63,少数参考,参考
3951,石川吉鎬,4カド攻撃型,4,5,60.0,12.49,得意,C
4466,南佑典,イン安定型,1,5,100.0,14.63,得意,C
5055,眞鳥章太,標準/要当日展示,5,3,66.67,31.39,少数参考,参考
5201,村上宗太郎,標準/要当日展示,3,4,75.0,19.25,少数参考,参考
4706,三浦洋次朗,標準/要当日展示,3,4,100.0,44.25,少数参考,参考
4227,安達裕樹,2コース差し/残り型,2,10,70.0,12.85,得意,B
5004,河野主樹,5コース残り型,5,7,42.86,7.58,やや得意,C
4899,占部一真,標準/要当日展示,6,5,20.0,-2.5,標準,C
5282,中本大樹,標準/要当日展示,4,3,33.33,-14.18,少数参考,参考
5311,小林京平,標準/要当日展示,6,45,17.78,-4.72,標準,A
3685,荒井輝年,5コース残り型,5,7,42.86,7.58,やや得意,C
4949,横田貴満,4カド攻撃型,4,5,60.0,12.49,得意,C
4962,畑竜生,標準/要当日展示,5,4,0.0,-35.28,少数参考,参考
4184,渡邊雄一郎,標準/要当日展示,1,4,100.0,14.63,少数参考,参考
4918,川島拓郎,標準/要当日展示,4,3,66.67,19.16,少数参考,参考
4840,鈴木秀茉,標準/要当日展示,2,3,100.0,42.85,少数参考,参考
5295,田上凜,標準/要当日展示,6,14,7.14,-15.36,苦手,B
5178,成貞琳平,標準/要当日展示,6,4,25.0,2.5,少数参考,参考
4994,山本梨菜,2コース差し/残り型,2,11,90.91,33.76,得意,B
5248,本田愛,2コース差し/残り型,2,7,71.43,14.28,得意,C
3944,山口裕二,2コース差し/残り型,2,5,80.0,22.85,得意,C
4049,荒川健太,5コース残り型,5,5,80.0,44.72,得意,C
5211,高井駿弥,標準/要当日展示,5,3,33.33,-1.95,少数参考,参考
5156,坂野さくら,標準/要当日展示,5,3,66.67,31.39,少数参考,参考
3900,香川素子,5コース残り型,5,9,55.56,20.28,得意,C
5219,森口和紀,標準/要当日展示,2,4,50.0,-7.15,少数参考,参考
5006,久保原秀人,標準/要当日展示,5,5,20.0,-15.28,苦手,C
5090,生方靖亜,標準/要当日展示,5,3,66.67,31.39,少数参考,参考
5134,大原祥昌,標準/要当日展示,3,5,60.0,4.25,やや得意,C
5053,山口広樹,標準/要当日展示,3,5,100.0,44.25,得意,C
5257,西丸侑太朗,標準/要当日展示,2,3,100.0,42.85,少数参考,参考
5112,砂長知輝,イン安定型,1,5,80.0,-5.37,得意,C
5234,塚越海斗,標準/要当日展示,3,4,75.0,19.25,少数参考,参考
5034,若林義人,2コース差し/残り型,2,7,85.71,28.56,得意,C
5037,田頭虎親,標準/要当日展示,3,3,66.67,10.92,少数参考,参考
5280,廣瀬凜,標準/要当日展示,1,3,100.0,14.63,少数参考,参考
5142,常住蓮,2コース差し/残り型,2,6,100.0,42.85,得意,C
5130,上野拓馬,標準/要当日展示,5,4,25.0,-10.28,少数参考,参考
5020,宮村勇哉,標準/要当日展示,4,4,50.0,2.49,少数参考,参考
4989,石原翼,標準/要当日展示,5,3,100.0,64.72,少数参考,参考
5172,田村慶,標準/要当日展示,3,4,50.0,-5.75,少数参考,参考
4934,佐々木翔斗,標準/要当日展示,1,3,100.0,14.63,少数参考,参考
5099,原田俊法,標準/要当日展示,2,3,33.33,-23.82,少数参考,参考
5061,中村駿平,標準/要当日展示,2,3,0.0,-57.15,少数参考,参考
5179,藤本元輝,標準/要当日展示,2,4,100.0,42.85,少数参考,参考
5091,為本智也,標準/要当日展示,3,3,100.0,44.25,少数参考,参考
4837,酒井陽祐,標準/要当日展示,2,3,66.67,9.52,少数参考,参考
4355,小川広大,標準/要当日展示,2,4,75.0,17.85,少数参考,参考
3604,武藤綾子,標準/要当日展示,6,4,0.0,-22.5,少数参考,参考
3473,石川真二,2コース差し/残り型,2,10,70.0,12.85,得意,B
5305,伊藤栞,標準/要当日展示,6,17,0.0,-22.5,苦手,B
4331,三好勇人,2コース差し/残り型,2,8,75.0,17.85,得意,C
4356,長岡良也,4カド攻撃型,4,12,58.33,10.82,得意,B
4099,吉永則雄,4カド攻撃型,4,5,60.0,12.49,得意,C
4892,柴田直哉,2コース差し/残り型,2,6,83.33,26.18,得意,C
5309,森雄利,標準/要当日展示,5,3,33.33,-1.95,少数参考,参考
5060,数原魁,4カド攻撃型,4,8,62.5,14.99,得意,C
4984,森下愛梨,標準/要当日展示,6,4,50.0,27.5,少数参考,参考
3471,赤峰和也,標準/要当日展示,5,3,66.67,31.39,少数参考,参考
5336,瀬川大地,標準/要当日展示,5,19,21.05,-14.23,苦手,B
5158,宮脇遼太,4カド攻撃型,4,7,71.43,23.92,得意,C
3708,岡部貴司,2コース差し/残り型,2,6,66.67,9.52,得意,C
3458,東健介,イン安定型,1,7,71.43,-13.94,得意,C
5109,川崎智稔,2コース差し/残り型,2,5,80.0,22.85,得意,C
5324,畑田希咲,標準/要当日展示,6,17,0.0,-22.5,苦手,B
4917,岩橋裕馬,5コース残り型,5,9,44.44,9.16,得意,C
4906,鈴木雅希,標準/要当日展示,4,3,100.0,52.49,少数参考,参考
5012,加倉侑征,標準/要当日展示,6,4,50.0,27.5,少数参考,参考
5243,三馬崇史,標準/要当日展示,3,3,66.67,10.92,少数参考,参考
4006,小野勇作,2コース差し/残り型,2,7,85.71,28.56,得意,C
4969,町田洸希,標準/要当日展示,5,3,33.33,-1.95,少数参考,参考
4056,小西英輝,標準/要当日展示,6,6,33.33,10.83,得意,C
5251,沼田七華,標準/要当日展示,6,12,0.0,-22.5,苦手,B
4539,金子賢志,2コース差し/残り型,2,6,83.33,26.18,得意,C
5232,樅山拓馬,標準/要当日展示,5,3,66.67,31.39,少数参考,参考
4491,田中堅,標準/要当日展示,1,3,66.67,-18.7,少数参考,参考
5317,長尾萌加,標準/要当日展示,2,4,75.0,17.85,少数参考,参考
5197,中野仁照,2コース差し/残り型,2,5,80.0,22.85,得意,C
4787,椎名豊,2コース差し/残り型,2,5,80.0,22.85,得意,C
3388,今垣光太郎,イン安定型,1,7,100.0,14.63,得意,C
3996,秋山直之,標準/要当日展示,6,3,100.0,77.5,少数参考,参考
3415,松井繁,2コース差し/残り型,2,7,71.43,14.28,得意,C
4075,中野次郎,イン安定型,1,5,100.0,14.63,得意,C
3719,辻栄蔵,5コース残り型,5,6,50.0,14.72,得意,C
4337,平本真之,標準/要当日展示,4,3,66.67,19.16,少数参考,参考
4759,今泉友吾,標準/要当日展示,5,3,33.33,-1.95,少数参考,参考
4168,石野貴之,標準/要当日展示,4,3,0.0,-47.51,少数参考,参考
3780,魚谷智之,標準/要当日展示,5,3,66.67,31.39,少数参考,参考
4528,黒井達矢,標準/要当日展示,3,3,66.67,10.92,少数参考,参考
4013,中島孝平,標準/要当日展示,3,3,33.33,-22.42,少数参考,参考
5223,森清友翔,2コース差し/残り型,2,8,75.0,17.85,得意,C
5264,登みひ果,標準/要当日展示,5,3,33.33,-1.95,少数参考,参考
4035,杉江浩明,2コース差し/残り型,2,6,66.67,9.52,得意,C
5200,筒井美琴,標準/要当日展示,6,7,0.0,-22.5,苦手,C
5173,谷口佳蓮,2コース差し/残り型,2,8,62.5,5.35,やや得意,C
3891,谷口健一,標準/要当日展示,4,3,66.67,19.16,少数参考,参考
5291,三嶌こころ,標準/要当日展示,6,13,7.69,-14.81,苦手,B
4630,岩永雅人,4カド攻撃型,4,5,80.0,32.49,得意,C
5085,中村栄治,4カド攻撃型,4,7,71.43,23.92,得意,C
4090,中村尊,イン安定型,1,7,100.0,14.63,得意,C
3412,鈴木博,標準/要当日展示,6,4,75.0,52.5,少数参考,参考
3905,天野友和,2コース差し/残り型,2,5,80.0,22.85,得意,C
4895,門間雄大,標準/要当日展示,1,3,100.0,14.63,少数参考,参考
5186,遠藤圭吾,標準/要当日展示,5,3,33.33,-1.95,少数参考,参考
4473,藤堂里香,標準/要当日展示,4,4,75.0,27.49,少数参考,参考
4700,金子和之,標準/要当日展示,1,3,100.0,14.63,少数参考,参考
5071,野見山拓己,標準/要当日展示,6,5,0.0,-22.5,苦手,C
4393,田中孝明,2コース差し/残り型,2,5,80.0,22.85,得意,C
5171,清水未唯,標準/要当日展示,5,6,33.33,-1.95,標準,C
4281,大澤大夢,2コース差し/残り型,2,6,83.33,26.18,得意,C
3904,森貴洋,標準/要当日展示,4,3,66.67,19.16,少数参考,参考
4678,水野望美,2コース差し/残り型,2,9,66.67,9.52,得意,C
4748,渡邉雄朗,イン安定型,1,6,66.67,-18.7,得意,C
3307,上瀧和則,標準/要当日展示,2,5,60.0,2.85,標準,C
5274,城間盛渚,標準/要当日展示,1,3,100.0,14.63,少数参考,参考
5113,黒明花夢,標準/要当日展示,3,4,25.0,-30.75,少数参考,参考
5320,岩崎麗子,標準/要当日展示,6,9,0.0,-22.5,苦手,C
5148,松本怜,標準/要当日展示,2,3,66.67,9.52,少数参考,参考
4773,中川りな,2コース差し/残り型,2,6,66.67,9.52,得意,C
4764,小池礼乃,標準/要当日展示,6,4,25.0,2.5,少数参考,参考
5322,根岸真優,標準/要当日展示,6,8,0.0,-22.5,苦手,C
4536,喜井つかさ,4カド攻撃型,4,6,66.67,19.16,得意,C
5184,飯塚響,標準/要当日展示,5,3,33.33,-1.95,少数参考,参考
5335,森陽多,標準/要当日展示,3,3,100.0,44.25,少数参考,参考
4637,中田友也,5コース残り型,5,5,80.0,44.72,得意,C
4824,松井洪弥,4カド攻撃型,4,5,80.0,32.49,得意,C
4888,金児隆太,標準/要当日展示,4,5,40.0,-7.51,標準,C
4793,金子萌,標準/要当日展示,5,3,100.0,64.72,少数参考,参考
4395,下河雅史,2コース差し/残り型,2,5,80.0,22.85,得意,C
4992,廣瀬篤哉,標準/要当日展示,5,3,100.0,64.72,少数参考,参考
4487,三原司,標準/要当日展示,3,5,60.0,4.25,やや得意,C
5138,村本大成,標準/要当日展示,6,3,0.0,-22.5,少数参考,参考
3833,中辻博訓,イン安定型,1,5,100.0,14.63,得意,C
5036,福田翔吾,標準/要当日展示,3,3,66.67,10.92,少数参考,参考
4973,栗原直也,標準/要当日展示,3,3,66.67,10.92,少数参考,参考
5262,鈴木章司,標準/要当日展示,6,4,25.0,2.5,少数参考,参考
4664,東口晃,標準/要当日展示,5,4,50.0,14.72,少数参考,参考
4303,牧原崇,標準/要当日展示,2,3,100.0,42.85,少数参考,参考
3826,村田修次,イン安定型,1,5,100.0,14.63,得意,C
5323,香川陽太,5コース残り型,5,6,50.0,14.72,得意,C
4193,郷原章平,2コース差し/残り型,2,6,83.33,26.18,得意,C
3687,花田和明,イン安定型,1,5,80.0,-5.37,得意,C
4785,木幡純也,標準/要当日展示,5,3,0.0,-35.28,少数参考,参考
5075,中島秀治,標準/要当日展示,5,4,75.0,39.72,少数参考,参考
5131,江藤敦宏,標準/要当日展示,6,3,0.0,-22.5,少数参考,参考
3721,守田俊介,イン安定型,1,10,100.0,14.63,得意,B
3503,堂原洋史,標準/要当日展示,3,4,50.0,-5.75,少数参考,参考
4003,表憲一,2コース差し/残り型,2,6,83.33,26.18,得意,C
3813,佐藤大介,5コース残り型,5,5,40.0,4.72,やや得意,C
3362,間嶋仁志,標準/要当日展示,2,7,57.14,-0.01,標準,C
3392,小森信雄,標準/要当日展示,5,3,33.33,-1.95,少数参考,参考
3703,鳥飼眞,標準/要当日展示,4,4,100.0,52.49,少数参考,参考
3931,黒崎竜也,標準/要当日展示,6,3,66.67,44.17,少数参考,参考
5025,粟田祥,標準/要当日展示,5,4,50.0,14.72,少数参考,参考
5342,原村百那,標準/要当日展示,6,43,4.65,-17.85,苦手,A
4792,杉村賢也,標準/要当日展示,3,8,75.0,19.25,得意,C
4465,大西賢,標準/要当日展示,5,4,50.0,14.72,少数参考,参考
4978,山田和佐,標準/要当日展示,5,8,37.5,2.22,標準,C
5299,西丸敦基,5コース残り型,5,7,57.14,21.86,得意,C
5014,梶山涼斗,4カド攻撃型,4,5,60.0,12.49,得意,C
4894,原村拓也,4カド攻撃型,4,5,60.0,12.49,得意,C
4287,今井貴士,4カド攻撃型,4,10,70.0,22.49,得意,B
5102,原田雄次,2コース差し/残り型,2,9,66.67,9.52,得意,C
5252,荒木颯斗,標準/要当日展示,4,4,50.0,2.49,少数参考,参考
4259,真庭明志,2コース差し/残り型,2,5,100.0,42.85,得意,C
5207,高山敬悟,4カド攻撃型,4,6,66.67,19.16,得意,C
5289,佃來紀,2コース差し/残り型,2,5,80.0,22.85,得意,C
3869,井芹大志,標準/要当日展示,1,3,100.0,14.63,少数参考,参考
5208,屋良龍紀,標準/要当日展示,4,8,37.5,-10.01,苦手,C
3652,森下勇,標準/要当日展示,3,3,33.33,-22.42,少数参考,参考
4642,松尾夏海,5コース残り型,5,6,66.67,31.39,得意,C
5297,南彩寧,標準/要当日展示,3,3,33.33,-22.42,少数参考,参考
3812,山崎聖司,標準/要当日展示,5,3,0.0,-35.28,少数参考,参考
4809,外崎悟,標準/要当日展示,6,3,66.67,44.17,少数参考,参考
5329,金子龍斗,標準/要当日展示,6,11,18.18,-4.32,標準,B
4561,藤山翔大,イン安定型,1,5,100.0,14.63,得意,C
4461,安田吉宏,標準/要当日展示,4,3,66.67,19.16,少数参考,参考
5333,山下智己,標準/要当日展示,6,6,33.33,10.83,得意,C
4761,山田晃大,標準/要当日展示,3,3,100.0,44.25,少数参考,参考
5007,近藤雄一郎,標準/要当日展示,4,3,0.0,-47.51,少数参考,参考
3580,水口由紀,標準/要当日展示,6,3,0.0,-22.5,少数参考,参考
3771,折下寛法,標準/要当日展示,2,3,100.0,42.85,少数参考,参考
5196,鰐部太空海,5コース残り型,5,7,57.14,21.86,得意,C
4619,伏田裕隆,標準/要当日展示,6,14,42.86,20.36,得意,B
3538,菊池峰晴,標準/要当日展示,2,4,75.0,17.85,少数参考,参考
4603,谷川将太,標準/要当日展示,5,4,75.0,39.72,少数参考,参考
5258,仲本舜,標準/要当日展示,3,5,40.0,-15.75,苦手,C
4808,松尾拓,標準/要当日展示,3,4,100.0,44.25,少数参考,参考
4019,笠原亮,標準/要当日展示,6,3,66.67,44.17,少数参考,参考
4653,小野達哉,4カド攻撃型,4,5,60.0,12.49,得意,C
5157,市川健太,標準/要当日展示,6,3,33.33,10.83,少数参考,参考
4943,八木治樹,標準/要当日展示,6,3,33.33,10.83,少数参考,参考
4077,品田直樹,標準/要当日展示,1,3,100.0,14.63,少数参考,参考
4882,瀧川千依,標準/要当日展示,6,3,0.0,-22.5,少数参考,参考
3898,平田忠則,4カド攻撃型,4,7,57.14,9.63,得意,C
4058,野末智一,5コース残り型,5,5,60.0,24.72,得意,C
3988,古川誠之,イン安定型,1,7,100.0,14.63,得意,C
5308,藤森拓海,標準/要当日展示,6,8,12.5,-10.0,苦手,C
5122,相馬翔,4カド攻撃型,4,6,66.67,19.16,得意,C
4161,黒柳浩孝,標準/要当日展示,2,4,100.0,42.85,少数参考,参考
4839,四宮与寛,標準/要当日展示,3,3,66.67,10.92,少数参考,参考
5352,西岡蒼志,標準/要当日展示,6,12,8.33,-14.17,苦手,B
5008,羽野諒,標準/要当日展示,4,4,50.0,2.49,少数参考,参考
4550,石岡将太,標準/要当日展示,3,4,75.0,19.25,少数参考,参考
3505,山田竜一,標準/要当日展示,1,3,66.67,-18.7,少数参考,参考
3557,太田和美,標準/要当日展示,5,4,75.0,39.72,少数参考,参考
5063,大塚雅治,標準/要当日展示,6,3,33.33,10.83,少数参考,参考
5059,冨田祥,標準/要当日展示,6,5,20.0,-2.5,標準,C
3422,服部幸男,標準/要当日展示,3,3,100.0,44.25,少数参考,参考
5235,岩田凌,標準/要当日展示,1,3,66.67,-18.7,少数参考,参考
5086,本村大,イン安定型,1,5,80.0,-5.37,得意,C
5312,川辺郭人,標準/要当日展示,6,11,9.09,-13.41,苦手,B
5110,杉山喜一,標準/要当日展示,4,4,75.0,27.49,少数参考,参考
5191,飛田江己,標準/要当日展示,6,4,75.0,52.5,少数参考,参考
5039,倉田茂将,標準/要当日展示,5,4,75.0,39.72,少数参考,参考
5150,坂本雄紀,イン安定型,1,6,100.0,14.63,得意,C
5098,大江純,5コース残り型,5,5,40.0,4.72,やや得意,C
5073,上原健次郎,標準/要当日展示,2,3,100.0,42.85,少数参考,参考
5166,仲道大輔,標準/要当日展示,4,3,100.0,52.49,少数参考,参考
5293,眞崎武蔵,標準/要当日展示,5,4,50.0,14.72,少数参考,参考
5079,大石真央,2コース差し/残り型,2,5,80.0,22.85,得意,C
4730,土屋実沙希,2コース差し/残り型,2,5,80.0,22.85,得意,C
4339,平瀬城啓,標準/要当日展示,2,3,66.67,9.52,少数参考,参考
4044,湯川浩司,4カド攻撃型,4,5,60.0,12.49,得意,C
3548,室田泰史,標準/要当日展示,1,3,100.0,14.63,少数参考,参考
4861,田中宏樹,標準/要当日展示,4,3,100.0,52.49,少数参考,参考
4358,松本庸平,標準/要当日展示,5,5,20.0,-15.28,苦手,C
3517,高橋勲,標準/要当日展示,3,4,50.0,-5.75,少数参考,参考
5330,安河内鈴之介,標準/要当日展示,6,3,33.33,10.83,少数参考,参考
5245,倉富大誠,標準/要当日展示,6,7,0.0,-22.5,苦手,C
5348,小林甘寧,標準/要当日展示,6,23,13.04,-9.46,標準,A
3463,乙津康志,2コース差し/残り型,2,5,80.0,22.85,得意,C
4769,馬場剛,標準/要当日展示,2,3,100.0,42.85,少数参考,参考
5095,小原聡将,標準/要当日展示,5,3,66.67,31.39,少数参考,参考
3726,桂林寛,標準/要当日展示,1,3,100.0,14.63,少数参考,参考
5084,末永和也,イン安定型,1,5,100.0,14.63,得意,C
4225,土屋千明,標準/要当日展示,2,4,100.0,42.85,少数参考,参考
5301,岩下巧斗,標準/要当日展示,2,3,66.67,9.52,少数参考,参考
4645,上村純一,標準/要当日展示,3,3,100.0,44.25,少数参考,参考
5048,眞鳥康太,標準/要当日展示,4,3,100.0,52.49,少数参考,参考
4738,清埜翔子,イン安定型,1,6,100.0,14.63,得意,C
4573,佐藤翼,2コース差し/残り型,2,5,100.0,42.85,得意,C
4524,深谷知博,標準/要当日展示,1,4,100.0,14.63,少数参考,参考
4502,遠藤エミ,イン安定型,1,6,83.33,-2.04,得意,C
4050,田口節子,2コース差し/残り型,2,6,66.67,9.52,得意,C
4320,峰竜太,標準/要当日展示,2,3,100.0,42.85,少数参考,参考
5375,庄島潤成,標準/要当日展示,4,3,33.33,-14.18,少数参考,参考
5372,上岡巧汰,標準/要当日展示,6,20,0.0,-22.5,苦手,A
5374,木山大聖,標準/要当日展示,6,12,8.33,-14.17,苦手,B
5136,濱野斗馬,5コース残り型,5,5,80.0,44.72,得意,C
3474,松瀬弘美,標準/要当日展示,5,4,50.0,14.72,少数参考,参考
4534,坂咲友理,標準/要当日展示,2,4,75.0,17.85,少数参考,参考
4482,守屋美穂,2コース差し/残り型,2,8,75.0,17.85,得意,C
4117,廣中智紗衣,2コース差し/残り型,2,7,71.43,14.28,得意,C
5155,内山七海,2コース差し/残り型,2,6,83.33,26.18,得意,C
4900,中田夕貴,標準/要当日展示,3,3,66.67,10.92,少数参考,参考
4399,松本晶恵,標準/要当日展示,1,3,100.0,14.63,少数参考,参考
4304,藤崎小百合,標準/要当日展示,4,3,66.67,19.16,少数参考,参考
3645,淺田千亜希,標準/要当日展示,3,3,66.67,10.92,少数参考,参考
3497,後藤浩,標準/要当日展示,3,4,100.0,44.25,少数参考,参考
4428,有賀達也,5コース残り型,5,5,80.0,44.72,得意,C
5389,恵良琴美,標準/要当日展示,6,18,0.0,-22.5,苦手,B
4734,安河内将,5コース残り型,5,5,40.0,4.72,やや得意,C
5346,中村紋夕梨,標準/要当日展示,5,3,33.33,-1.95,少数参考,参考
5117,冨名腰桃奈,標準/要当日展示,5,4,25.0,-10.28,少数参考,参考
3984,坂口周,標準/要当日展示,2,3,100.0,42.85,少数参考,参考
5328,井上慧人,標準/要当日展示,6,8,12.5,-10.0,苦手,C
5050,木下雄介,イン安定型,1,5,100.0,14.63,得意,C
5319,近藤颯斗,標準/要当日展示,6,3,0.0,-22.5,少数参考,参考
5338,香月大輝,標準/要当日展示,6,4,0.0,-22.5,少数参考,参考
4903,吉田凌太朗,4カド攻撃型,4,7,71.43,23.92,得意,C
3747,國崎良春,標準/要当日展示,2,4,75.0,17.85,少数参考,参考
4639,雑賀勇貴,標準/要当日展示,1,3,100.0,14.63,少数参考,参考
5343,小林礼央,標準/要当日展示,6,10,10.0,-12.5,苦手,B
5351,齊藤廉,標準/要当日展示,6,11,27.27,4.77,やや得意,B
5070,中島航,標準/要当日展示,3,4,75.0,19.25,少数参考,参考
5363,山本凱立,標準/要当日展示,6,11,9.09,-13.41,苦手,B
5074,大澤誠也,標準/要当日展示,4,3,66.67,19.16,少数参考,参考
5023,久永祥平,標準/要当日展示,4,3,66.67,19.16,少数参考,参考
5215,石丸小槙,標準/要当日展示,6,5,0.0,-22.5,苦手,C
5387,戸田海咲音,標準/要当日展示,6,34,0.0,-22.5,苦手,A
3207,田村美和,標準/要当日展示,3,3,66.67,10.92,少数参考,参考
5334,樫葉新心,標準/要当日展示,6,5,40.0,17.5,得意,C
4589,塩崎桐加,標準/要当日展示,1,3,100.0,14.63,少数参考,参考
4611,今井美亜,イン安定型,1,5,100.0,14.63,得意,C
5194,大久保佑香,標準/要当日展示,5,3,66.67,31.39,少数参考,参考
5391,出穂和鼓,標準/要当日展示,6,32,0.0,-22.5,苦手,A
4775,千葉真弥,イン安定型,1,6,100.0,14.63,得意,C
4400,加藤奈月,標準/要当日展示,3,3,33.33,-22.42,少数参考,参考
5283,植木美帆,標準/要当日展示,6,6,0.0,-22.5,苦手,C
5384,八戸琉楓,標準/要当日展示,6,7,0.0,-22.5,苦手,C
4096,石橋道友,標準/要当日展示,3,3,33.33,-22.42,少数参考,参考
4813,宮内直哉,標準/要当日展示,5,4,50.0,14.72,少数参考,参考
5355,萩原丈太朗,標準/要当日展示,6,3,0.0,-22.5,少数参考,参考
3880,浅見宗孝,標準/要当日展示,3,3,66.67,10.92,少数参考,参考
4691,水原慎,標準/要当日展示,3,3,66.67,10.92,少数参考,参考
4405,南野利騰,標準/要当日展示,5,3,0.0,-35.28,少数参考,参考
4028,田村隆信,イン安定型,1,5,100.0,14.63,得意,C
3769,佐竹恒彦,標準/要当日展示,3,6,83.33,27.58,得意,C
4641,磯村匠,標準/要当日展示,5,3,33.33,-1.95,少数参考,参考
5246,楠将太郎,標準/要当日展示,4,3,100.0,52.49,少数参考,参考
5316,村松将平,標準/要当日展示,5,3,66.67,31.39,少数参考,参考
5253,藤井太雅,標準/要当日展示,6,3,0.0,-22.5,少数参考,参考
5339,石井伸長,4カド攻撃型,4,8,75.0,27.49,得意,C
5221,竹間隆晟,標準/要当日展示,3,6,100.0,44.25,得意,C
5337,出畑孝成,標準/要当日展示,5,4,0.0,-35.28,少数参考,参考
5139,大場恒季,標準/要当日展示,1,3,100.0,14.63,少数参考,参考
5242,高山弘斗,標準/要当日展示,3,3,0.0,-55.75,少数参考,参考
3882,新田智彰,標準/要当日展示,4,5,40.0,-7.51,標準,C
5296,永田楽,5コース残り型,5,6,50.0,14.72,得意,C
5358,増本杏珠,標準/要当日展示,6,3,0.0,-22.5,少数参考,参考
4240,今井裕梨,2コース差し/残り型,2,5,80.0,22.85,得意,C
3509,池千夏,標準/要当日展示,5,3,33.33,-1.95,少数参考,参考
5404,内田壮,標準/要当日展示,6,26,0.0,-22.5,苦手,A
5038,金田智博,標準/要当日展示,4,4,75.0,27.49,少数参考,参考
4438,森作雄大,標準/要当日展示,1,3,100.0,14.63,少数参考,参考
5078,山川波乙,標準/要当日展示,5,3,33.33,-1.95,少数参考,参考
5327,西田和加,標準/要当日展示,6,5,0.0,-22.5,苦手,C
4385,鈴木祐美子,標準/要当日展示,2,3,33.33,-23.82,少数参考,参考
5409,宮本琉正,標準/要当日展示,6,19,5.26,-17.24,苦手,B
4610,佐藤大佑,標準/要当日展示,6,3,0.0,-22.5,少数参考,参考
3977,山本兼士,標準/要当日展示,5,4,50.0,14.72,少数参考,参考
5144,中尾彩香,標準/要当日展示,2,5,60.0,2.85,標準,C
5406,小畑楓夏,標準/要当日展示,6,21,4.76,-17.74,苦手,A
5326,三嶌さらら,標準/要当日展示,6,3,0.0,-22.5,少数参考,参考
5370,日隈茜,標準/要当日展示,6,13,0.0,-22.5,苦手,B
5279,石渡翔一郎,標準/要当日展示,4,3,66.67,19.16,少数参考,参考
5325,澁川夏,標準/要当日展示,6,3,33.33,10.83,少数参考,参考
5332,村松遥輝,標準/要当日展示,3,3,66.67,10.92,少数参考,参考
5369,岡崎凪汰,標準/要当日展示,6,6,0.0,-22.5,苦手,C
5288,尾道佳諭,標準/要当日展示,5,3,33.33,-1.95,少数参考,参考
5397,寺田夢生,標準/要当日展示,6,19,0.0,-22.5,苦手,B
5367,赤松咲香,標準/要当日展示,6,4,0.0,-22.5,少数参考,参考
5373,諏訪玲奈,標準/要当日展示,6,4,25.0,2.5,少数参考,参考
5379,廣部大明,標準/要当日展示,6,7,0.0,-22.5,苦手,C
5388,佐野優都,標準/要当日展示,5,3,33.33,-1.95,少数参考,参考
5392,安武一也,標準/要当日展示,6,6,0.0,-22.5,苦手,C
3860,松本浩貴,標準/要当日展示,3,3,66.67,10.92,少数参考,参考
4565,西村豪洋,標準/要当日展示,6,7,14.29,-8.21,標準,C
3822,平尾崇典,標準/要当日展示,1,4,100.0,14.63,少数参考,参考
5314,中曽瑠華,標準/要当日展示,6,3,0.0,-22.5,少数参考,参考
5072,吉田杏美,標準/要当日展示,4,3,0.0,-47.51,少数参考,参考
5382,山下心一,標準/要当日展示,6,6,16.67,-5.83,標準,C
3849,中岡正彦,標準/要当日展示,4,4,100.0,52.49,少数参考,参考
5413,宮城那菜,標準/要当日展示,6,11,0.0,-22.5,苦手,B
5103,芝田京介,標準/要当日展示,5,3,0.0,-35.28,少数参考,参考
5418,堀内亜海,標準/要当日展示,6,7,0.0,-22.5,苦手,C
3268,森竜也,標準/要当日展示,4,3,66.67,19.16,少数参考,参考
4470,平田健之佑,標準/要当日展示,3,3,100.0,44.25,少数参考,参考
5412,久保田凪紗,標準/要当日展示,6,9,0.0,-22.5,苦手,C
5376,吉田一心,標準/要当日展示,3,3,66.67,10.92,少数参考,参考
5401,谷海夏人,標準/要当日展示,6,6,0.0,-22.5,苦手,C
5398,鐘ヶ江真司,標準/要当日展示,6,6,0.0,-22.5,苦手,C
5303,土井歩夢,標準/要当日展示,2,4,75.0,17.85,少数参考,参考
5420,吉原快誓,標準/要当日展示,6,9,0.0,-22.5,苦手,C
3518,倉田郁美,標準/要当日展示,5,3,0.0,-35.28,少数参考,参考
4408,仁科さやか,標準/要当日展示,6,3,0.0,-22.5,少数参考,参考
5340,樋江井舞,標準/要当日展示,3,3,33.33,-22.42,少数参考,参考
3654,武田光史,標準/要当日展示,6,4,50.0,27.5,少数参考,参考
5435,中西月輝,標準/要当日展示,6,10,0.0,-22.5,苦手,B
5442,池田美優,標準/要当日展示,6,10,0.0,-22.5,苦手,B
5035,櫻井優,標準/要当日展示,4,3,66.67,19.16,少数参考,参考
4384,鶴本崇文,標準/要当日展示,1,3,100.0,14.63,少数参考,参考
5428,古園井綾南,標準/要当日展示,6,6,0.0,-22.5,苦手,C
5438,星田夢結,標準/要当日展示,6,6,0.0,-22.5,苦手,C
4926,吉川貴仁,標準/要当日展示,1,3,100.0,14.63,少数参考,参考
5344,谷口丞,標準/要当日展示,3,3,0.0,-55.75,少数参考,参考
3713,伊藤誠二,標準/要当日展示,3,3,66.67,10.92,少数参考,参考
4905,土井祥伍,標準/要当日展示,4,3,66.67,19.16,少数参考,参考
5408,中山鷹輔,標準/要当日展示,6,3,0.0,-22.5,少数参考,参考
4317,木村紗友希,標準/要当日展示,5,4,25.0,-10.28,少数参考,参考
5399,長野未来,標準/要当日展示,6,8,12.5,-10.0,苦手,C
5362,中嶋世奈,標準/要当日展示,4,3,0.0,-47.51,少数参考,参考
5108,柴田愛梨,標準/要当日展示,2,4,0.0,-57.15,少数参考,参考
5272,松田真実,標準/要当日展示,2,3,100.0,42.85,少数参考,参考
5082,一色凌雅,標準/要当日展示,3,3,66.67,10.92,少数参考,参考
4979,中野夢斗,標準/要当日展示,4,3,66.67,19.16,少数参考,参考
