tide_phase,tide_phase_bucket,time_band,lane,n,win_count,second_count,third_count,top2_count,top3_count,nige_count,sashi_count,makuri_count,makurizashi_count,nuki_count,megumare_count,win_rate,second_rate,third_rate,top2_rate,top3_rate,nige_rate,sashi_rate,makuri_rate,makurizashi_rate,nuki_rate,megumare_rate,sample_reliability
falling,falling_early,unknown,1,2590,1540,438,217,1978,2195,0,0,0,0,0,0,0.5945945945945946,0.1691119691119691,0.08378378378378379,0.7637065637065638,0.8474903474903475,0.0,0.0,0.0,0.0,0.0,0.0,1.0
falling,falling_early,unknown,2,2587,282,662,514,944,1458,0,0,0,0,0,0,0.1090065713181291,0.2558948589099343,0.19868573637417858,0.3649014302280634,0.563587166602242,0.0,0.0,0.0,0.0,0.0,0.0,1.0
falling,falling_early,unknown,3,2590,295,602,527,897,1424,0,0,0,0,0,0,0.1138996138996139,0.23243243243243245,0.20347490347490346,0.34633204633204634,0.5498069498069498,0.0,0.0,0.0,0.0,0.0,0.0,1.0
falling,falling_early,unknown,4,2586,261,405,533,666,1199,0,0,0,0,0,0,0.10092807424593968,0.15661252900232017,0.20610982211910286,0.25754060324825984,0.46365042536736273,0.0,0.0,0.0,0.0,0.0,0.0,1.0
falling,falling_early,unknown,5,2574,146,291,437,437,874,0,0,0,0,0,0,0.05672105672105672,0.11305361305361306,0.16977466977466976,0.16977466977466976,0.3395493395493395,0.0,0.0,0.0,0.0,0.0,0.0,1.0
falling,falling_early,unknown,6,2576,94,220,392,314,706,0,0,0,0,0,0,0.036490683229813664,0.08540372670807453,0.15217391304347827,0.12189440993788819,0.27406832298136646,0.0,0.0,0.0,0.0,0.0,0.0,1.0
falling,falling_late,unknown,1,293,190,49,19,239,258,0,0,0,0,0,0,0.6484641638225256,0.16723549488054607,0.06484641638225255,0.8156996587030717,0.8805460750853242,0.0,0.0,0.0,0.0,0.0,0.0,0.9142576632524354
falling,falling_late,unknown,2,292,30,77,63,107,170,0,0,0,0,0,0,0.10273972602739725,0.2636986301369863,0.21575342465753425,0.3664383561643836,0.5821917808219178,0.0,0.0,0.0,0.0,0.0,0.0,0.9137095895501272
falling,falling_late,unknown,3,291,25,63,68,88,156,0,0,0,0,0,0,0.0859106529209622,0.21649484536082475,0.23367697594501718,0.3024054982817869,0.5360824742268041,0.0,0.0,0.0,0.0,0.0,0.0,0.9131596420879275
falling,falling_late,unknown,4,295,26,49,52,75,127,0,0,0,0,0,0,0.08813559322033898,0.16610169491525423,0.17627118644067796,0.2542372881355932,0.43050847457627117,0.0,0.0,0.0,0.0,0.0,0.0,0.9153482401484359
falling,falling_late,unknown,5,291,14,35,53,49,102,0,0,0,0,0,0,0.048109965635738834,0.12027491408934708,0.18213058419243985,0.16838487972508592,0.35051546391752575,0.0,0.0,0.0,0.0,0.0,0.0,0.9131596420879275
falling,falling_late,unknown,6,295,12,24,42,36,78,0,0,0,0,0,0,0.04067796610169491,0.08135593220338982,0.1423728813559322,0.12203389830508475,0.26440677966101694,0.0,0.0,0.0,0.0,0.0,0.0,0.9153482401484359
falling,falling_mid,unknown,1,1436,866,271,116,1137,1253,0,0,0,0,0,0,0.6030640668523677,0.18871866295264625,0.0807799442896936,0.791782729805014,0.8725626740947076,0.0,0.0,0.0,0.0,0.0,0.0,1.0
falling,falling_mid,unknown,2,1439,180,352,289,532,821,0,0,0,0,0,0,0.1250868658790827,0.24461431549687282,0.20083391243919388,0.36970118137595553,0.5705350938151494,0.0,0.0,0.0,0.0,0.0,0.0,1.0
falling,falling_mid,unknown,3,1436,168,327,304,495,799,0,0,0,0,0,0,0.116991643454039,0.2277158774373259,0.2116991643454039,0.3447075208913649,0.5564066852367688,0.0,0.0,0.0,0.0,0.0,0.0,1.0
falling,falling_mid,unknown,4,1434,114,232,290,346,636,0,0,0,0,0,0,0.0794979079497908,0.16178521617852162,0.20223152022315202,0.2412831241283124,0.4435146443514644,0.0,0.0,0.0,0.0,0.0,0.0,1.0
falling,falling_mid,unknown,5,1436,74,158,206,232,438,0,0,0,0,0,0,0.05153203342618384,0.11002785515320335,0.14345403899721448,0.1615598885793872,0.3050139275766017,0.0,0.0,0.0,0.0,0.0,0.0,1.0
falling,falling_mid,unknown,6,1442,51,114,247,165,412,0,0,0,0,0,0,0.03536754507628294,0.07905686546463246,0.17128987517337033,0.1144244105409154,0.2857142857142857,0.0,0.0,0.0,0.0,0.0,0.0,1.0
near_high,near_high,unknown,1,1006,570,185,80,755,835,0,0,0,0,0,0,0.5666003976143141,0.18389662027833,0.07952286282306163,0.7504970178926441,0.8300198807157058,0.0,0.0,0.0,0.0,0.0,0.0,1.0
near_high,near_high,unknown,2,1008,132,246,205,378,583,0,0,0,0,0,0,0.13095238095238096,0.24404761904761904,0.20337301587301587,0.375,0.5783730158730159,0.0,0.0,0.0,0.0,0.0,0.0,1.0
near_high,near_high,unknown,3,1005,110,230,200,340,540,0,0,0,0,0,0,0.10945273631840796,0.22885572139303484,0.19900497512437812,0.3383084577114428,0.5373134328358209,0.0,0.0,0.0,0.0,0.0,0.0,1.0
near_high,near_high,unknown,4,1003,122,147,198,269,467,0,0,0,0,0,0,0.12163509471585245,0.1465603190428714,0.19740777666999004,0.26819541375872386,0.46560319042871384,0.0,0.0,0.0,0.0,0.0,0.0,1.0
near_high,near_high,unknown,5,1002,51,112,167,163,330,0,0,0,0,0,0,0.05089820359281437,0.11177644710578842,0.16666666666666666,0.1626746506986028,0.32934131736526945,0.0,0.0,0.0,0.0,0.0,0.0,1.0
near_high,near_high,unknown,6,1005,31,96,167,127,294,0,0,0,0,0,0,0.030845771144278607,0.0955223880597015,0.16616915422885573,0.1263681592039801,0.29253731343283584,0.0,0.0,0.0,0.0,0.0,0.0,1.0
near_low,near_low,unknown,1,529,319,92,46,411,457,0,0,0,0,0,0,0.6030245746691871,0.17391304347826086,0.08695652173913043,0.776937618147448,0.8638941398865785,0.0,0.0,0.0,0.0,0.0,0.0,1.0
near_low,near_low,unknown,2,529,76,130,108,206,314,0,0,0,0,0,0,0.14366729678638943,0.24574669187145556,0.20415879017013233,0.389413988657845,0.5935727788279773,0.0,0.0,0.0,0.0,0.0,0.0,1.0
near_low,near_low,unknown,3,530,56,100,122,156,278,0,0,0,0,0,0,0.10566037735849057,0.18867924528301888,0.23018867924528302,0.2943396226415094,0.5245283018867924,0.0,0.0,0.0,0.0,0.0,0.0,1.0
near_low,near_low,unknown,4,526,47,93,93,140,233,0,0,0,0,0,0,0.08935361216730038,0.17680608365019013,0.17680608365019013,0.2661596958174905,0.4429657794676806,0.0,0.0,0.0,0.0,0.0,0.0,1.0
near_low,near_low,unknown,5,531,22,70,84,92,176,0,0,0,0,0,0,0.04143126177024482,0.1318267419962335,0.15819209039548024,0.17325800376647835,0.3314500941619586,0.0,0.0,0.0,0.0,0.0,0.0,1.0
near_low,near_low,unknown,6,525,15,50,82,65,147,0,0,0,0,0,0,0.02857142857142857,0.09523809523809523,0.15619047619047619,0.12380952380952381,0.28,0.0,0.0,0.0,0.0,0.0,0.0,1.0
rising,rising_early,unknown,1,1459,866,252,116,1118,1234,0,0,0,0,0,0,0.5935572309801234,0.17272104180945852,0.07950651130911583,0.7662782727895819,0.8457847840986977,0.0,0.0,0.0,0.0,0.0,0.0,1.0
rising,rising_early,unknown,2,1458,206,354,254,560,814,0,0,0,0,0,0,0.1412894375857339,0.24279835390946503,0.17421124828532236,0.3840877914951989,0.5582990397805213,0.0,0.0,0.0,0.0,0.0,0.0,1.0
rising,rising_early,unknown,3,1455,168,337,324,505,829,0,0,0,0,0,0,0.1154639175257732,0.2316151202749141,0.22268041237113403,0.3470790378006873,0.5697594501718213,0.0,0.0,0.0,0.0,0.0,0.0,1.0
rising,rising_early,unknown,4,1453,125,224,301,349,650,0,0,0,0,0,0,0.08602890571231935,0.15416379903647626,0.20715760495526497,0.2401927047487956,0.4473503097040606,0.0,0.0,0.0,0.0,0.0,0.0,1.0
rising,rising_early,unknown,5,1451,60,182,250,242,492,0,0,0,0,0,0,0.04135079255685734,0.12543073742246727,0.17229496898690558,0.1667815299793246,0.3390764989662302,0.0,0.0,0.0,0.0,0.0,0.0,1.0
rising,rising_early,unknown,6,1458,52,128,231,180,411,0,0,0,0,0,0,0.03566529492455418,0.0877914951989026,0.15843621399176955,0.12345679012345678,0.28189300411522633,0.0,0.0,0.0,0.0,0.0,0.0,1.0
rising,rising_late,unknown,1,474,260,83,49,343,392,0,0,0,0,0,0,0.5485232067510548,0.1751054852320675,0.10337552742616034,0.7236286919831224,0.8270042194092827,0.0,0.0,0.0,0.0,0.0,0.0,0.9914275898804457
rising,rising_late,unknown,2,473,70,118,78,188,266,0,0,0,0,0,0,0.14799154334038056,0.24947145877378435,0.1649048625792812,0.3974630021141649,0.5623678646934461,0.0,0.0,0.0,0.0,0.0,0.0,0.9910885813755965
rising,rising_late,unknown,3,470,59,103,97,162,259,0,0,0,0,0,0,0.125531914893617,0.21914893617021278,0.20638297872340425,0.3446808510638298,0.551063829787234,0.0,0.0,0.0,0.0,0.0,0.0,0.99006724793812
rising,rising_late,unknown,4,473,45,66,90,111,201,0,0,0,0,0,0,0.09513742071881606,0.13953488372093023,0.19027484143763213,0.2346723044397463,0.4249471458773784,0.0,0.0,0.0,0.0,0.0,0.0,0.9910885813755965
rising,rising_late,unknown,5,469,21,68,87,89,176,0,0,0,0,0,0,0.04477611940298507,0.14498933901918976,0.18550106609808104,0.18976545842217485,0.3752665245202559,0.0,0.0,0.0,0.0,0.0,0.0,0.9897253573184227
rising,rising_late,unknown,6,470,22,39,76,61,137,0,0,0,0,0,0,0.04680851063829787,0.08297872340425531,0.16170212765957448,0.12978723404255318,0.29148936170212764,0.0,0.0,0.0,0.0,0.0,0.0,0.99006724793812
rising,rising_mid,unknown,1,1548,890,263,140,1153,1293,0,0,0,0,0,0,0.5749354005167958,0.1698966408268734,0.09043927648578812,0.7448320413436692,0.8352713178294574,0.0,0.0,0.0,0.0,0.0,0.0,1.0
rising,rising_mid,unknown,2,1546,220,386,274,606,880,0,0,0,0,0,0,0.1423027166882277,0.24967658473479948,0.17723156532988357,0.39197930142302717,0.5692108667529108,0.0,0.0,0.0,0.0,0.0,0.0,1.0
rising,rising_mid,unknown,3,1553,175,355,344,530,874,0,0,0,0,0,0,0.11268512556342562,0.22858982614294912,0.2215067611075338,0.3412749517063748,0.5627817128139085,0.0,0.0,0.0,0.0,0.0,0.0,1.0
rising,rising_mid,unknown,4,1548,151,240,305,391,696,0,0,0,0,0,0,0.09754521963824289,0.15503875968992248,0.19702842377260982,0.2525839793281654,0.4496124031007752,0.0,0.0,0.0,0.0,0.0,0.0,1.0
rising,rising_mid,unknown,5,1552,81,190,247,271,518,0,0,0,0,0,0,0.05219072164948454,0.12242268041237113,0.15914948453608246,0.17461340206185566,0.3337628865979381,0.0,0.0,0.0,0.0,0.0,0.0,1.0
rising,rising_mid,unknown,6,1547,56,139,262,195,457,0,0,0,0,0,0,0.03619909502262444,0.08985132514544279,0.1693600517129929,0.12605042016806722,0.2954104718810601,0.0,0.0,0.0,0.0,0.0,0.0,1.0
