condition_scope,condition_id,condition_races,tide_type_est,tide_level_band,tide_direction,tide_phase,tide_window,wind_dir,wind_speed_band,wave_band,one_escape_rate,center_head_3_4_rate,outer_head_5_6_rate,outer_in3_5_6_rate,sample_reliability,one_escape_vs_all_pt,center_head_3_4_vs_all_pt,outer_head_5_6_vs_all_pt,outer_in3_5_6_vs_all_pt
baseline,ALL,5304,ALL,ALL,ALL,ALL,ALL,ALL,ALL,ALL,0.4227,0.269042,0.114819,0.591629,A,0.0,-0.0,-0.0,0.0
wind_dir,wind_dir=unknown,160,ALL,ALL,ALL,ALL,ALL,unknown,ALL,ALL,0.425,0.2375,0.2,0.575,B,0.23,-3.154,8.518,-1.663
wind_dir,wind_dir=北,1003,ALL,ALL,ALL,ALL,ALL,北,ALL,ALL,0.397807,0.269192,0.153539,0.654038,A,-2.489,0.015,3.872,6.241
wind_dir,wind_dir=北東,410,ALL,ALL,ALL,ALL,ALL,北東,ALL,ALL,0.426829,0.273171,0.117073,0.595122,A,0.413,0.413,0.225,0.349
wind_dir,wind_dir=北西,76,ALL,ALL,ALL,ALL,ALL,北西,ALL,ALL,0.355263,0.342105,0.105263,0.539474,C,-6.744,7.306,-0.956,-5.215
wind_dir,wind_dir=南,2280,ALL,ALL,ALL,ALL,ALL,南,ALL,ALL,0.441228,0.25,0.098246,0.575439,A,1.853,-1.904,-1.657,-1.619
wind_dir,wind_dir=南東,704,ALL,ALL,ALL,ALL,ALL,南東,ALL,ALL,0.423295,0.291193,0.102273,0.583807,A,0.06,2.215,-1.255,-0.782
wind_dir,wind_dir=南西,91,ALL,ALL,ALL,ALL,ALL,南西,ALL,ALL,0.340659,0.285714,0.153846,0.527473,C,-8.204,1.667,3.903,-6.416
wind_dir,wind_dir=東,261,ALL,ALL,ALL,ALL,ALL,東,ALL,ALL,0.375479,0.340996,0.099617,0.613027,B,-4.722,7.195,-1.52,2.14
wind_dir,wind_dir=無風,300,ALL,ALL,ALL,ALL,ALL,無風,ALL,ALL,0.443333,0.28,0.1,0.55,A,2.063,1.096,-1.482,-4.163
wind_dir,wind_dir=西,19,ALL,ALL,ALL,ALL,ALL,西,ALL,ALL,0.368421,0.368421,0.052632,0.473684,reference,-5.428,9.938,-6.219,-11.794
wind_speed,wind_speed_band=0_1m,1397,ALL,ALL,ALL,ALL,ALL,ALL,0_1m,ALL,0.447387,0.287044,0.093772,0.576235,A,2.469,1.8,-2.105,-1.539
wind_speed,wind_speed_band=2_3m,2134,ALL,ALL,ALL,ALL,ALL,ALL,2_3m,ALL,0.409091,0.27179,0.117151,0.583411,A,-1.361,0.275,0.233,-0.822
wind_speed,wind_speed_band=4_5m,1250,ALL,ALL,ALL,ALL,ALL,ALL,4_5m,ALL,0.424,0.244,0.1224,0.624,A,0.13,-2.504,0.758,3.237
wind_speed,wind_speed_band=6m_plus,363,ALL,ALL,ALL,ALL,ALL,ALL,6m_plus,ALL,0.402204,0.283747,0.118457,0.595041,A,-2.05,1.47,0.364,0.341
wind_speed,wind_speed_band=unknown,160,ALL,ALL,ALL,ALL,ALL,ALL,unknown,ALL,0.425,0.2375,0.2,0.575,B,0.23,-3.154,8.518,-1.663
tide_direction_x_wind_dir,tide_direction=上げ潮|wind_dir=unknown,80,ALL,ALL,上げ潮,ALL,ALL,unknown,ALL,ALL,0.475,0.25,0.15,0.6,C,5.23,-1.904,3.518,0.837
tide_direction_x_wind_dir,tide_direction=上げ潮|wind_dir=北,534,ALL,ALL,上げ潮,ALL,ALL,北,ALL,ALL,0.43633,0.254682,0.131086,0.644195,A,1.363,-1.436,1.627,5.257
tide_direction_x_wind_dir,tide_direction=上げ潮|wind_dir=北東,198,ALL,ALL,上げ潮,ALL,ALL,北東,ALL,ALL,0.444444,0.242424,0.141414,0.59596,B,2.174,-2.662,2.659,0.433
tide_direction_x_wind_dir,tide_direction=上げ潮|wind_dir=北西,35,ALL,ALL,上げ潮,ALL,ALL,北西,ALL,ALL,0.428571,0.4,0.028571,0.542857,reference,0.587,13.096,-8.625,-4.877
tide_direction_x_wind_dir,tide_direction=上げ潮|wind_dir=南,1383,ALL,ALL,上げ潮,ALL,ALL,南,ALL,ALL,0.444685,0.257411,0.097614,0.579176,A,2.199,-1.163,-1.721,-1.245
tide_direction_x_wind_dir,tide_direction=上げ潮|wind_dir=南東,421,ALL,ALL,上げ潮,ALL,ALL,南東,ALL,ALL,0.434679,0.273159,0.099762,0.60095,A,1.198,0.412,-1.506,0.932
tide_direction_x_wind_dir,tide_direction=上げ潮|wind_dir=南西,40,ALL,ALL,上げ潮,ALL,ALL,南西,ALL,ALL,0.3,0.325,0.15,0.55,reference,-12.27,5.596,3.518,-4.163
tide_direction_x_wind_dir,tide_direction=上げ潮|wind_dir=東,155,ALL,ALL,上げ潮,ALL,ALL,東,ALL,ALL,0.374194,0.374194,0.096774,0.612903,B,-4.851,10.515,-1.805,2.127
tide_direction_x_wind_dir,tide_direction=上げ潮|wind_dir=無風,161,ALL,ALL,上げ潮,ALL,ALL,無風,ALL,ALL,0.440994,0.304348,0.111801,0.57764,B,1.829,3.531,-0.302,-1.399
tide_direction_x_wind_dir,tide_direction=上げ潮|wind_dir=西,13,ALL,ALL,上げ潮,ALL,ALL,西,ALL,ALL,0.384615,0.384615,0.076923,0.538462,reference,-3.808,11.557,-3.79,-5.317
tide_direction_x_wind_dir,tide_direction=下げ潮|wind_dir=unknown,80,ALL,ALL,下げ潮,ALL,ALL,unknown,ALL,ALL,0.375,0.225,0.25,0.55,C,-4.77,-4.404,13.518,-4.163
tide_direction_x_wind_dir,tide_direction=下げ潮|wind_dir=北,469,ALL,ALL,下げ潮,ALL,ALL,北,ALL,ALL,0.353945,0.285714,0.179104,0.665245,A,-6.875,1.667,6.428,7.362
tide_direction_x_wind_dir,tide_direction=下げ潮|wind_dir=北東,212,ALL,ALL,下げ潮,ALL,ALL,北東,ALL,ALL,0.410377,0.301887,0.09434,0.59434,B,-1.232,3.284,-2.048,0.271
tide_direction_x_wind_dir,tide_direction=下げ潮|wind_dir=北西,41,ALL,ALL,下げ潮,ALL,ALL,北西,ALL,ALL,0.292683,0.292683,0.170732,0.536585,reference,-13.002,2.364,5.591,-5.504
tide_direction_x_wind_dir,tide_direction=下げ潮|wind_dir=南,897,ALL,ALL,下げ潮,ALL,ALL,南,ALL,ALL,0.435897,0.238573,0.09922,0.569677,A,1.32,-3.047,-1.56,-2.195
tide_direction_x_wind_dir,tide_direction=下げ潮|wind_dir=南東,283,ALL,ALL,下げ潮,ALL,ALL,南東,ALL,ALL,0.40636,0.318021,0.106007,0.558304,B,-1.634,4.898,-0.881,-3.332
tide_direction_x_wind_dir,tide_direction=下げ潮|wind_dir=南西,51,ALL,ALL,下げ潮,ALL,ALL,南西,ALL,ALL,0.372549,0.254902,0.156863,0.509804,reference,-5.015,-1.414,4.204,-8.182
tide_direction_x_wind_dir,tide_direction=下げ潮|wind_dir=東,106,ALL,ALL,下げ潮,ALL,ALL,東,ALL,ALL,0.377358,0.292453,0.103774,0.613208,C,-4.534,2.341,-1.105,2.158
tide_direction_x_wind_dir,tide_direction=下げ潮|wind_dir=無風,139,ALL,ALL,下げ潮,ALL,ALL,無風,ALL,ALL,0.446043,0.251799,0.086331,0.517986,C,2.334,-1.724,-2.849,-7.364
tide_direction_x_wind_dir,tide_direction=下げ潮|wind_dir=西,6,ALL,ALL,下げ潮,ALL,ALL,西,ALL,ALL,0.333333,0.333333,0.0,0.333333,reference,-8.937,6.429,-11.482,-25.83
tide_direction_x_wind_speed,tide_direction=上げ潮|wind_speed_band=0_1m,796,ALL,ALL,上げ潮,ALL,ALL,ALL,0_1m,ALL,0.452261,0.295226,0.099246,0.581658,A,2.956,2.618,-1.557,-0.997
tide_direction_x_wind_speed,tide_direction=上げ潮|wind_speed_band=2_3m,1250,ALL,ALL,上げ潮,ALL,ALL,ALL,2_3m,ALL,0.4168,0.2736,0.1064,0.5768,A,-0.59,0.456,-0.842,-1.483
tide_direction_x_wind_speed,tide_direction=上げ潮|wind_speed_band=4_5m,708,ALL,ALL,上げ潮,ALL,ALL,ALL,4_5m,ALL,0.44774,0.231638,0.118644,0.638418,A,2.504,-3.74,0.382,4.679
tide_direction_x_wind_speed,tide_direction=上げ潮|wind_speed_band=6m_plus,186,ALL,ALL,上げ潮,ALL,ALL,ALL,6m_plus,ALL,0.44086,0.284946,0.107527,0.623656,B,1.816,1.59,-0.729,3.203
tide_direction_x_wind_speed,tide_direction=上げ潮|wind_speed_band=unknown,80,ALL,ALL,上げ潮,ALL,ALL,ALL,unknown,ALL,0.475,0.25,0.15,0.6,C,5.23,-1.904,3.518,0.837
tide_direction_x_wind_speed,tide_direction=下げ潮|wind_speed_band=0_1m,601,ALL,ALL,下げ潮,ALL,ALL,ALL,0_1m,ALL,0.440932,0.276206,0.086522,0.569052,A,1.823,0.716,-2.83,-2.258
tide_direction_x_wind_speed,tide_direction=下げ潮|wind_speed_band=2_3m,884,ALL,ALL,下げ潮,ALL,ALL,ALL,2_3m,ALL,0.39819,0.269231,0.132353,0.59276,A,-2.451,0.019,1.753,0.113
tide_direction_x_wind_speed,tide_direction=下げ潮|wind_speed_band=4_5m,542,ALL,ALL,下げ潮,ALL,ALL,ALL,4_5m,ALL,0.392989,0.260148,0.127306,0.605166,A,-2.971,-0.889,1.249,1.354
tide_direction_x_wind_speed,tide_direction=下げ潮|wind_speed_band=6m_plus,177,ALL,ALL,下げ潮,ALL,ALL,ALL,6m_plus,ALL,0.361582,0.282486,0.129944,0.564972,B,-6.112,1.344,1.512,-2.666
tide_direction_x_wind_speed,tide_direction=下げ潮|wind_speed_band=unknown,80,ALL,ALL,下げ潮,ALL,ALL,ALL,unknown,ALL,0.375,0.225,0.25,0.55,C,-4.77,-4.404,13.518,-4.163
tide_level_x_wind_dir,tide_level_band=やや低潮位(50-99cm)|wind_dir=unknown,91,ALL,やや低潮位(50-99cm),ALL,ALL,ALL,unknown,ALL,ALL,0.43956,0.230769,0.21978,0.571429,C,1.686,-3.827,10.496,-2.02
tide_level_x_wind_dir,tide_level_band=やや低潮位(50-99cm)|wind_dir=北,221,ALL,やや低潮位(50-99cm),ALL,ALL,ALL,北,ALL,ALL,0.402715,0.217195,0.171946,0.692308,B,-1.998,-5.185,5.713,10.068
tide_level_x_wind_dir,tide_level_band=やや低潮位(50-99cm)|wind_dir=北東,86,ALL,やや低潮位(50-99cm),ALL,ALL,ALL,北東,ALL,ALL,0.5,0.186047,0.151163,0.593023,C,7.73,-8.3,3.634,0.139
tide_level_x_wind_dir,tide_level_band=やや低潮位(50-99cm)|wind_dir=北西,21,ALL,やや低潮位(50-99cm),ALL,ALL,ALL,北西,ALL,ALL,0.285714,0.47619,0.095238,0.666667,reference,-13.699,20.715,-1.958,7.504
tide_level_x_wind_dir,tide_level_band=やや低潮位(50-99cm)|wind_dir=南,637,ALL,やや低潮位(50-99cm),ALL,ALL,ALL,南,ALL,ALL,0.44427,0.246468,0.102041,0.56044,A,2.157,-2.257,-1.278,-3.119
tide_level_x_wind_dir,tide_level_band=やや低潮位(50-99cm)|wind_dir=南東,178,ALL,やや低潮位(50-99cm),ALL,ALL,ALL,南東,ALL,ALL,0.382022,0.331461,0.117978,0.623596,B,-4.068,6.242,0.316,3.197
tide_level_x_wind_dir,tide_level_band=やや低潮位(50-99cm)|wind_dir=南西,16,ALL,やや低潮位(50-99cm),ALL,ALL,ALL,南西,ALL,ALL,0.3125,0.3125,0.125,0.625,reference,-11.02,4.346,1.018,3.337
tide_level_x_wind_dir,tide_level_band=やや低潮位(50-99cm)|wind_dir=東,64,ALL,やや低潮位(50-99cm),ALL,ALL,ALL,東,ALL,ALL,0.46875,0.234375,0.09375,0.59375,reference,4.605,-3.467,-2.107,0.212
tide_level_x_wind_dir,tide_level_band=やや低潮位(50-99cm)|wind_dir=無風,56,ALL,やや低潮位(50-99cm),ALL,ALL,ALL,無風,ALL,ALL,0.589286,0.178571,0.089286,0.553571,reference,16.659,-9.047,-2.553,-3.806
tide_level_x_wind_dir,tide_level_band=やや低潮位(50-99cm)|wind_dir=西,4,ALL,やや低潮位(50-99cm),ALL,ALL,ALL,西,ALL,ALL,0.5,0.25,0.25,0.25,reference,7.73,-1.904,13.518,-34.163
tide_level_x_wind_dir,tide_level_band=やや高潮位(150-179cm)|wind_dir=unknown,5,ALL,やや高潮位(150-179cm),ALL,ALL,ALL,unknown,ALL,ALL,0.6,0.0,0.2,0.8,reference,17.73,-26.904,8.518,20.837
tide_level_x_wind_dir,tide_level_band=やや高潮位(150-179cm)|wind_dir=北,166,ALL,やや高潮位(150-179cm),ALL,ALL,ALL,北,ALL,ALL,0.445783,0.259036,0.108434,0.626506,B,2.308,-1.001,-0.639,3.488
tide_level_x_wind_dir,tide_level_band=やや高潮位(150-179cm)|wind_dir=北東,66,ALL,やや高潮位(150-179cm),ALL,ALL,ALL,北東,ALL,ALL,0.469697,0.287879,0.106061,0.590909,reference,4.7,1.884,-0.876,-0.072
tide_level_x_wind_dir,tide_level_band=やや高潮位(150-179cm)|wind_dir=北西,11,ALL,やや高潮位(150-179cm),ALL,ALL,ALL,北西,ALL,ALL,0.545455,0.181818,0.181818,0.454545,reference,12.276,-8.722,6.7,-13.708
tide_level_x_wind_dir,tide_level_band=やや高潮位(150-179cm)|wind_dir=南,271,ALL,やや高潮位(150-179cm),ALL,ALL,ALL,南,ALL,ALL,0.512915,0.214022,0.084871,0.553506,B,9.022,-5.502,-2.995,-3.812
tide_level_x_wind_dir,tide_level_band=やや高潮位(150-179cm)|wind_dir=南東,88,ALL,やや高潮位(150-179cm),ALL,ALL,ALL,南東,ALL,ALL,0.556818,0.193182,0.102273,0.602273,C,13.412,-7.586,-1.255,1.064
tide_level_x_wind_dir,tide_level_band=やや高潮位(150-179cm)|wind_dir=南西,12,ALL,やや高潮位(150-179cm),ALL,ALL,ALL,南西,ALL,ALL,0.25,0.5,0.0,0.333333,reference,-17.27,23.096,-11.482,-25.83
tide_level_x_wind_dir,tide_level_band=やや高潮位(150-179cm)|wind_dir=東,43,ALL,やや高潮位(150-179cm),ALL,ALL,ALL,東,ALL,ALL,0.372093,0.325581,0.116279,0.581395,reference,-5.061,5.654,0.146,-1.023
tide_level_x_wind_dir,tide_level_band=やや高潮位(150-179cm)|wind_dir=無風,45,ALL,やや高潮位(150-179cm),ALL,ALL,ALL,無風,ALL,ALL,0.4,0.288889,0.177778,0.577778,reference,-2.27,1.985,6.296,-1.385
tide_level_x_wind_dir,tide_level_band=やや高潮位(150-179cm)|wind_dir=西,6,ALL,やや高潮位(150-179cm),ALL,ALL,ALL,西,ALL,ALL,0.5,0.333333,0.0,0.5,reference,7.73,6.429,-11.482,-9.163
tide_level_x_wind_dir,tide_level_band=中潮位(100-149cm)|wind_dir=unknown,45,ALL,中潮位(100-149cm),ALL,ALL,ALL,unknown,ALL,ALL,0.444444,0.2,0.155556,0.555556,reference,2.174,-6.904,4.074,-3.607
tide_level_x_wind_dir,tide_level_band=中潮位(100-149cm)|wind_dir=北,550,ALL,中潮位(100-149cm),ALL,ALL,ALL,北,ALL,ALL,0.390909,0.296364,0.16,0.650909,A,-3.179,2.732,4.518,5.928
tide_level_x_wind_dir,tide_level_band=中潮位(100-149cm)|wind_dir=北東,238,ALL,中潮位(100-149cm),ALL,ALL,ALL,北東,ALL,ALL,0.403361,0.302521,0.10084,0.579832,B,-1.934,3.348,-1.398,-1.18
tide_level_x_wind_dir,tide_level_band=中潮位(100-149cm)|wind_dir=北西,37,ALL,中潮位(100-149cm),ALL,ALL,ALL,北西,ALL,ALL,0.351351,0.324324,0.081081,0.513514,reference,-7.135,5.528,-3.374,-7.811
tide_level_x_wind_dir,tide_level_band=中潮位(100-149cm)|wind_dir=南,1032,ALL,中潮位(100-149cm),ALL,ALL,ALL,南,ALL,ALL,0.434109,0.25,0.09593,0.588178,A,1.141,-1.904,-1.889,-0.345
tide_level_x_wind_dir,tide_level_band=中潮位(100-149cm)|wind_dir=南東,353,ALL,中潮位(100-149cm),ALL,ALL,ALL,南東,ALL,ALL,0.430595,0.271955,0.096317,0.566572,A,0.79,0.291,-1.85,-2.506
tide_level_x_wind_dir,tide_level_band=中潮位(100-149cm)|wind_dir=南西,56,ALL,中潮位(100-149cm),ALL,ALL,ALL,南西,ALL,ALL,0.357143,0.25,0.196429,0.517857,reference,-6.556,-1.904,8.161,-7.377
tide_level_x_wind_dir,tide_level_band=中潮位(100-149cm)|wind_dir=東,138,ALL,中潮位(100-149cm),ALL,ALL,ALL,東,ALL,ALL,0.333333,0.405797,0.108696,0.65942,C,-8.937,13.675,-0.612,6.779
tide_level_x_wind_dir,tide_level_band=中潮位(100-149cm)|wind_dir=無風,170,ALL,中潮位(100-149cm),ALL,ALL,ALL,無風,ALL,ALL,0.4,0.317647,0.082353,0.505882,B,-2.27,4.86,-3.247,-8.575
tide_level_x_wind_dir,tide_level_band=中潮位(100-149cm)|wind_dir=西,8,ALL,中潮位(100-149cm),ALL,ALL,ALL,西,ALL,ALL,0.25,0.5,0.0,0.625,reference,-17.27,23.096,-11.482,3.337
tide_level_x_wind_dir,tide_level_band=低潮位(<50cm)|wind_dir=unknown,16,ALL,低潮位(<50cm),ALL,ALL,ALL,unknown,ALL,ALL,0.25,0.375,0.25,0.625,reference,-17.27,10.596,13.518,3.337
tide_level_x_wind_dir,tide_level_band=低潮位(<50cm)|wind_dir=北,47,ALL,低潮位(<50cm),ALL,ALL,ALL,北,ALL,ALL,0.255319,0.319149,0.12766,0.659574,reference,-16.738,5.011,1.284,6.795
tide_level_x_wind_dir,tide_level_band=低潮位(<50cm)|wind_dir=北東,19,ALL,低潮位(<50cm),ALL,ALL,ALL,北東,ALL,ALL,0.263158,0.263158,0.210526,0.842105,reference,-15.954,-0.588,9.571,25.048
tide_level_x_wind_dir,tide_level_band=低潮位(<50cm)|wind_dir=北西,7,ALL,低潮位(<50cm),ALL,ALL,ALL,北西,ALL,ALL,0.285714,0.285714,0.142857,0.428571,reference,-13.699,1.667,2.804,-16.306
tide_level_x_wind_dir,tide_level_band=低潮位(<50cm)|wind_dir=南,229,ALL,低潮位(<50cm),ALL,ALL,ALL,南,ALL,ALL,0.379913,0.292576,0.113537,0.563319,B,-4.279,2.353,-0.128,-2.831
tide_level_x_wind_dir,tide_level_band=低潮位(<50cm)|wind_dir=南東,70,ALL,低潮位(<50cm),ALL,ALL,ALL,南東,ALL,ALL,0.342857,0.414286,0.071429,0.6,reference,-7.984,14.524,-4.339,0.837
tide_level_x_wind_dir,tide_level_band=低潮位(<50cm)|wind_dir=南西,7,ALL,低潮位(<50cm),ALL,ALL,ALL,南西,ALL,ALL,0.428571,0.142857,0.142857,0.714286,reference,0.587,-12.619,2.804,12.266
tide_level_x_wind_dir,tide_level_band=低潮位(<50cm)|wind_dir=東,13,ALL,低潮位(<50cm),ALL,ALL,ALL,東,ALL,ALL,0.384615,0.230769,0.0,0.461538,reference,-3.808,-3.827,-11.482,-13.009
tide_level_x_wind_dir,tide_level_band=低潮位(<50cm)|wind_dir=無風,18,ALL,低潮位(<50cm),ALL,ALL,ALL,無風,ALL,ALL,0.555556,0.166667,0.166667,0.777778,reference,13.286,-10.238,5.185,18.615
tide_level_x_wind_dir,tide_level_band=低潮位(<50cm)|wind_dir=西,1,ALL,低潮位(<50cm),ALL,ALL,ALL,西,ALL,ALL,0.0,0.0,0.0,0.0,reference,-42.27,-26.904,-11.482,-59.163
tide_level_x_wind_dir,tide_level_band=高潮位(180cm+)|wind_dir=unknown,3,ALL,高潮位(180cm+),ALL,ALL,ALL,unknown,ALL,ALL,0.333333,0.666667,0.0,0.333333,reference,-8.937,39.762,-11.482,-25.83
tide_level_x_wind_dir,tide_level_band=高潮位(180cm+)|wind_dir=北,19,ALL,高潮位(180cm+),ALL,ALL,ALL,北,ALL,ALL,0.473684,0.052632,0.210526,0.526316,reference,5.098,-21.641,9.571,-6.531
tide_level_x_wind_dir,tide_level_band=高潮位(180cm+)|wind_dir=北東,1,ALL,高潮位(180cm+),ALL,ALL,ALL,北東,ALL,ALL,0.0,0.0,0.0,0.0,reference,-42.27,-26.904,-11.482,-59.163
tide_level_x_wind_dir,tide_level_band=高潮位(180cm+)|wind_dir=南,111,ALL,高潮位(180cm+),ALL,ALL,ALL,南,ALL,ALL,0.441441,0.27027,0.099099,0.621622,C,1.874,0.123,-1.572,2.999
tide_level_x_wind_dir,tide_level_band=高潮位(180cm+)|wind_dir=南東,15,ALL,高潮位(180cm+),ALL,ALL,ALL,南東,ALL,ALL,0.333333,0.266667,0.2,0.333333,reference,-8.937,-0.238,8.518,-25.83
tide_level_x_wind_dir,tide_level_band=高潮位(180cm+)|wind_dir=東,3,ALL,高潮位(180cm+),ALL,ALL,ALL,東,ALL,ALL,0.333333,0.333333,0.0,0.0,reference,-8.937,6.429,-11.482,-59.163
tide_level_x_wind_dir,tide_level_band=高潮位(180cm+)|wind_dir=無風,11,ALL,高潮位(180cm+),ALL,ALL,ALL,無風,ALL,ALL,0.363636,0.363636,0.0,0.727273,reference,-5.906,9.459,-11.482,13.564
tide_level_x_wind_speed,tide_level_band=やや低潮位(50-99cm)|wind_speed_band=0_1m,295,ALL,やや低潮位(50-99cm),ALL,ALL,ALL,ALL,0_1m,ALL,0.508475,0.240678,0.094915,0.613559,B,8.578,-2.836,-1.99,2.193
tide_level_x_wind_speed,tide_level_band=やや低潮位(50-99cm)|wind_speed_band=2_3m,542,ALL,やや低潮位(50-99cm),ALL,ALL,ALL,ALL,2_3m,ALL,0.409594,0.256458,0.132841,0.577491,A,-1.311,-1.258,1.802,-1.414
tide_level_x_wind_speed,tide_level_band=やや低潮位(50-99cm)|wind_speed_band=4_5m,333,ALL,やや低潮位(50-99cm),ALL,ALL,ALL,ALL,4_5m,ALL,0.42042,0.228228,0.126126,0.606607,A,-0.228,-4.081,1.131,1.498
tide_level_x_wind_speed,tide_level_band=やや低潮位(50-99cm)|wind_speed_band=6m_plus,113,ALL,やや低潮位(50-99cm),ALL,ALL,ALL,ALL,6m_plus,ALL,0.415929,0.309735,0.097345,0.619469,C,-0.677,4.069,-1.747,2.784
tide_level_x_wind_speed,tide_level_band=やや低潮位(50-99cm)|wind_speed_band=unknown,91,ALL,やや低潮位(50-99cm),ALL,ALL,ALL,ALL,unknown,ALL,0.43956,0.230769,0.21978,0.571429,C,1.686,-3.827,10.496,-2.02
tide_level_x_wind_speed,tide_level_band=やや高潮位(150-179cm)|wind_speed_band=0_1m,252,ALL,やや高潮位(150-179cm),ALL,ALL,ALL,ALL,0_1m,ALL,0.511905,0.25,0.083333,0.56746,B,8.921,-1.904,-3.149,-2.417
tide_level_x_wind_speed,tide_level_band=やや高潮位(150-179cm)|wind_speed_band=2_3m,297,ALL,やや高潮位(150-179cm),ALL,ALL,ALL,ALL,2_3m,ALL,0.454545,0.262626,0.111111,0.572391,B,3.185,-0.642,-0.371,-1.924
tide_level_x_wind_speed,tide_level_band=やや高潮位(150-179cm)|wind_speed_band=4_5m,131,ALL,やや高潮位(150-179cm),ALL,ALL,ALL,ALL,4_5m,ALL,0.48855,0.183206,0.122137,0.603053,C,6.585,-8.584,0.732,1.142
tide_level_x_wind_speed,tide_level_band=やや高潮位(150-179cm)|wind_speed_band=6m_plus,28,ALL,やや高潮位(150-179cm),ALL,ALL,ALL,ALL,6m_plus,ALL,0.392857,0.321429,0.071429,0.607143,reference,-2.984,5.239,-4.339,1.551
tide_level_x_wind_speed,tide_level_band=やや高潮位(150-179cm)|wind_speed_band=unknown,5,ALL,やや高潮位(150-179cm),ALL,ALL,ALL,ALL,unknown,ALL,0.6,0.0,0.2,0.8,reference,17.73,-26.904,8.518,20.837
tide_level_x_wind_speed,tide_level_band=中潮位(100-149cm)|wind_speed_band=0_1m,715,ALL,中潮位(100-149cm),ALL,ALL,ALL,ALL,0_1m,ALL,0.413986,0.307692,0.097902,0.570629,A,-0.871,3.865,-1.692,-2.1
tide_level_x_wind_speed,tide_level_band=中潮位(100-149cm)|wind_speed_band=2_3m,1085,ALL,中潮位(100-149cm),ALL,ALL,ALL,ALL,2_3m,ALL,0.404608,0.282028,0.108756,0.581567,A,-1.809,1.299,-0.606,-1.006
tide_level_x_wind_speed,tide_level_band=中潮位(100-149cm)|wind_speed_band=4_5m,614,ALL,中潮位(100-149cm),ALL,ALL,ALL,ALL,4_5m,ALL,0.42671,0.258958,0.117264,0.636808,A,0.401,-1.008,0.244,4.518
tide_level_x_wind_speed,tide_level_band=中潮位(100-149cm)|wind_speed_band=6m_plus,168,ALL,中潮位(100-149cm),ALL,ALL,ALL,ALL,6m_plus,ALL,0.375,0.261905,0.166667,0.613095,B,-4.77,-0.714,5.185,2.147
tide_level_x_wind_speed,tide_level_band=中潮位(100-149cm)|wind_speed_band=unknown,45,ALL,中潮位(100-149cm),ALL,ALL,ALL,ALL,unknown,ALL,0.444444,0.2,0.155556,0.555556,reference,2.174,-6.904,4.074,-3.607
tide_level_x_wind_speed,tide_level_band=低潮位(<50cm)|wind_speed_band=0_1m,91,ALL,低潮位(<50cm),ALL,ALL,ALL,ALL,0_1m,ALL,0.340659,0.373626,0.10989,0.571429,C,-8.204,10.458,-0.493,-2.02
tide_level_x_wind_speed,tide_level_band=低潮位(<50cm)|wind_speed_band=2_3m,176,ALL,低潮位(<50cm),ALL,ALL,ALL,ALL,2_3m,ALL,0.352273,0.306818,0.102273,0.607955,B,-7.043,3.778,-1.255,1.633
tide_level_x_wind_speed,tide_level_band=低潮位(<50cm)|wind_speed_band=4_5m,110,ALL,低潮位(<50cm),ALL,ALL,ALL,ALL,4_5m,ALL,0.345455,0.254545,0.154545,0.654545,C,-7.724,-1.45,3.973,6.292
tide_level_x_wind_speed,tide_level_band=低潮位(<50cm)|wind_speed_band=6m_plus,34,ALL,低潮位(<50cm),ALL,ALL,ALL,ALL,6m_plus,ALL,0.5,0.264706,0.029412,0.441176,reference,7.73,-0.434,-8.541,-15.045
tide_level_x_wind_speed,tide_level_band=低潮位(<50cm)|wind_speed_band=unknown,16,ALL,低潮位(<50cm),ALL,ALL,ALL,ALL,unknown,ALL,0.25,0.375,0.25,0.625,reference,-17.27,10.596,13.518,3.337
tide_level_x_wind_speed,tide_level_band=高潮位(180cm+)|wind_speed_band=0_1m,44,ALL,高潮位(180cm+),ALL,ALL,ALL,ALL,0_1m,ALL,0.431818,0.295455,0.045455,0.477273,reference,0.912,2.641,-6.936,-11.436
tide_level_x_wind_speed,tide_level_band=高潮位(180cm+)|wind_speed_band=2_3m,34,ALL,高潮位(180cm+),ALL,ALL,ALL,ALL,2_3m,ALL,0.441176,0.088235,0.264706,0.705882,reference,1.848,-18.081,14.989,11.425
tide_level_x_wind_speed,tide_level_band=高潮位(180cm+)|wind_speed_band=4_5m,62,ALL,高潮位(180cm+),ALL,ALL,ALL,ALL,4_5m,ALL,0.419355,0.290323,0.096774,0.580645,reference,-0.334,2.128,-1.805,-1.098
tide_level_x_wind_speed,tide_level_band=高潮位(180cm+)|wind_speed_band=6m_plus,20,ALL,高潮位(180cm+),ALL,ALL,ALL,ALL,6m_plus,ALL,0.4,0.3,0.05,0.55,reference,-2.27,3.096,-6.482,-4.163
tide_level_x_wind_speed,tide_level_band=高潮位(180cm+)|wind_speed_band=unknown,3,ALL,高潮位(180cm+),ALL,ALL,ALL,ALL,unknown,ALL,0.333333,0.666667,0.0,0.333333,reference,-8.937,39.762,-11.482,-25.83
tide_phase_x_wind_dir,tide_phase=falling_early|wind_dir=unknown,3,ALL,ALL,ALL,falling_early,ALL,unknown,ALL,ALL,0.666667,0.0,0.333333,0.666667,reference,24.397,-26.904,21.851,7.504
tide_phase_x_wind_dir,tide_phase=falling_early|wind_dir=北,138,ALL,ALL,ALL,falling_early,ALL,北,ALL,ALL,0.42029,0.289855,0.130435,0.666667,C,-0.241,2.081,1.562,7.504
tide_phase_x_wind_dir,tide_phase=falling_early|wind_dir=北東,65,ALL,ALL,ALL,falling_early,ALL,北東,ALL,ALL,0.353846,0.323077,0.061538,0.553846,reference,-6.885,5.403,-5.328,-3.778
tide_phase_x_wind_dir,tide_phase=falling_early|wind_dir=北西,8,ALL,ALL,ALL,falling_early,ALL,北西,ALL,ALL,0.375,0.25,0.25,0.5,reference,-4.77,-1.904,13.518,-9.163
tide_phase_x_wind_dir,tide_phase=falling_early|wind_dir=南,204,ALL,ALL,ALL,falling_early,ALL,南,ALL,ALL,0.495098,0.220588,0.083333,0.519608,B,7.24,-4.845,-3.149,-7.202
tide_phase_x_wind_dir,tide_phase=falling_early|wind_dir=南東,65,ALL,ALL,ALL,falling_early,ALL,南東,ALL,ALL,0.446154,0.276923,0.092308,0.569231,reference,2.345,0.788,-2.251,-2.24
tide_phase_x_wind_dir,tide_phase=falling_early|wind_dir=南西,10,ALL,ALL,ALL,falling_early,ALL,南西,ALL,ALL,0.6,0.2,0.0,0.3,reference,17.73,-6.904,-11.482,-29.163
tide_phase_x_wind_dir,tide_phase=falling_early|wind_dir=東,28,ALL,ALL,ALL,falling_early,ALL,東,ALL,ALL,0.357143,0.392857,0.035714,0.571429,reference,-6.556,12.381,-7.911,-2.02
tide_phase_x_wind_dir,tide_phase=falling_early|wind_dir=無風,41,ALL,ALL,ALL,falling_early,ALL,無風,ALL,ALL,0.463415,0.292683,0.073171,0.463415,reference,4.072,2.364,-4.165,-12.821
tide_phase_x_wind_dir,tide_phase=falling_early|wind_dir=西,2,ALL,ALL,ALL,falling_early,ALL,西,ALL,ALL,0.0,0.5,0.0,0.5,reference,-42.27,23.096,-11.482,-9.163
tide_phase_x_wind_dir,tide_phase=falling_late|wind_dir=unknown,47,ALL,ALL,ALL,falling_late,ALL,unknown,ALL,ALL,0.382979,0.234043,0.212766,0.446809,reference,-3.972,-3.5,9.795,-14.482
tide_phase_x_wind_dir,tide_phase=falling_late|wind_dir=北,169,ALL,ALL,ALL,falling_late,ALL,北,ALL,ALL,0.343195,0.266272,0.189349,0.704142,B,-7.95,-0.277,7.453,11.251
tide_phase_x_wind_dir,tide_phase=falling_late|wind_dir=北東,94,ALL,ALL,ALL,falling_late,ALL,北東,ALL,ALL,0.393617,0.308511,0.117021,0.62766,C,-2.908,3.947,0.22,3.603
tide_phase_x_wind_dir,tide_phase=falling_late|wind_dir=北西,20,ALL,ALL,ALL,falling_late,ALL,北西,ALL,ALL,0.35,0.25,0.15,0.6,reference,-7.27,-1.904,3.518,0.837
tide_phase_x_wind_dir,tide_phase=falling_late|wind_dir=南,429,ALL,ALL,ALL,falling_late,ALL,南,ALL,ALL,0.431235,0.258741,0.09324,0.571096,A,0.854,-1.03,-2.158,-2.053
tide_phase_x_wind_dir,tide_phase=falling_late|wind_dir=南東,131,ALL,ALL,ALL,falling_late,ALL,南東,ALL,ALL,0.389313,0.381679,0.099237,0.549618,C,-3.339,11.264,-1.558,-4.201
tide_phase_x_wind_dir,tide_phase=falling_late|wind_dir=南西,22,ALL,ALL,ALL,falling_late,ALL,南西,ALL,ALL,0.409091,0.227273,0.045455,0.454545,reference,-1.361,-4.177,-6.936,-13.708
tide_phase_x_wind_dir,tide_phase=falling_late|wind_dir=東,51,ALL,ALL,ALL,falling_late,ALL,東,ALL,ALL,0.411765,0.176471,0.137255,0.627451,reference,-1.093,-9.257,2.244,3.582
tide_phase_x_wind_dir,tide_phase=falling_late|wind_dir=無風,43,ALL,ALL,ALL,falling_late,ALL,無風,ALL,ALL,0.372093,0.302326,0.139535,0.674419,reference,-5.061,3.328,2.472,8.279
tide_phase_x_wind_dir,tide_phase=falling_late|wind_dir=西,4,ALL,ALL,ALL,falling_late,ALL,西,ALL,ALL,0.5,0.25,0.0,0.25,reference,7.73,-1.904,-11.482,-34.163
tide_phase_x_wind_dir,tide_phase=falling_middle|wind_dir=unknown,30,ALL,ALL,ALL,falling_middle,ALL,unknown,ALL,ALL,0.333333,0.233333,0.3,0.7,reference,-8.937,-3.571,18.518,10.837
tide_phase_x_wind_dir,tide_phase=falling_middle|wind_dir=北,162,ALL,ALL,ALL,falling_middle,ALL,北,ALL,ALL,0.308642,0.302469,0.209877,0.623457,B,-11.406,3.343,9.506,3.183
tide_phase_x_wind_dir,tide_phase=falling_middle|wind_dir=北東,53,ALL,ALL,ALL,falling_middle,ALL,北東,ALL,ALL,0.509434,0.264151,0.09434,0.584906,reference,8.673,-0.489,-2.048,-0.672
tide_phase_x_wind_dir,tide_phase=falling_middle|wind_dir=北西,13,ALL,ALL,ALL,falling_middle,ALL,北西,ALL,ALL,0.153846,0.384615,0.153846,0.461538,reference,-26.885,11.557,3.903,-13.009
tide_phase_x_wind_dir,tide_phase=falling_middle|wind_dir=南,264,ALL,ALL,ALL,falling_middle,ALL,南,ALL,ALL,0.397727,0.219697,0.121212,0.606061,B,-2.497,-4.935,0.639,1.443
tide_phase_x_wind_dir,tide_phase=falling_middle|wind_dir=南東,87,ALL,ALL,ALL,falling_middle,ALL,南東,ALL,ALL,0.402299,0.252874,0.126437,0.563218,C,-2.04,-1.617,1.162,-2.841
tide_phase_x_wind_dir,tide_phase=falling_middle|wind_dir=南西,19,ALL,ALL,ALL,falling_middle,ALL,南西,ALL,ALL,0.210526,0.315789,0.368421,0.684211,reference,-21.217,4.675,25.36,9.258
tide_phase_x_wind_dir,tide_phase=falling_middle|wind_dir=東,27,ALL,ALL,ALL,falling_middle,ALL,東,ALL,ALL,0.333333,0.407407,0.111111,0.62963,reference,-8.937,13.836,-0.371,3.8
tide_phase_x_wind_dir,tide_phase=falling_middle|wind_dir=無風,55,ALL,ALL,ALL,falling_middle,ALL,無風,ALL,ALL,0.490909,0.181818,0.054545,0.436364,reference,6.821,-8.722,-6.027,-15.526
tide_phase_x_wind_dir,tide_phase=rising_early|wind_dir=unknown,45,ALL,ALL,ALL,rising_early,ALL,unknown,ALL,ALL,0.422222,0.244444,0.222222,0.666667,reference,-0.048,-2.46,10.74,7.504
tide_phase_x_wind_dir,tide_phase=rising_early|wind_dir=北,179,ALL,ALL,ALL,rising_early,ALL,北,ALL,ALL,0.351955,0.284916,0.145251,0.687151,B,-7.074,1.587,3.043,9.552
tide_phase_x_wind_dir,tide_phase=rising_early|wind_dir=北東,69,ALL,ALL,ALL,rising_early,ALL,北東,ALL,ALL,0.42029,0.217391,0.115942,0.608696,reference,-0.241,-5.165,0.112,1.707
tide_phase_x_wind_dir,tide_phase=rising_early|wind_dir=北西,16,ALL,ALL,ALL,rising_early,ALL,北西,ALL,ALL,0.4375,0.3125,0.0,0.625,reference,1.48,4.346,-11.482,3.337
tide_phase_x_wind_dir,tide_phase=rising_early|wind_dir=南,503,ALL,ALL,ALL,rising_early,ALL,南,ALL,ALL,0.427435,0.248509,0.11332,0.582505,A,0.474,-2.053,-0.15,-0.912
tide_phase_x_wind_dir,tide_phase=rising_early|wind_dir=南東,163,ALL,ALL,ALL,rising_early,ALL,南東,ALL,ALL,0.368098,0.300613,0.104294,0.625767,B,-5.46,3.157,-1.053,3.414
tide_phase_x_wind_dir,tide_phase=rising_early|wind_dir=南西,15,ALL,ALL,ALL,rising_early,ALL,南西,ALL,ALL,0.333333,0.333333,0.133333,0.533333,reference,-8.937,6.429,1.851,-5.83
tide_phase_x_wind_dir,tide_phase=rising_early|wind_dir=東,54,ALL,ALL,ALL,rising_early,ALL,東,ALL,ALL,0.444444,0.296296,0.074074,0.518519,reference,2.174,2.725,-4.075,-7.311
tide_phase_x_wind_dir,tide_phase=rising_early|wind_dir=無風,67,ALL,ALL,ALL,rising_early,ALL,無風,ALL,ALL,0.537313,0.223881,0.059701,0.537313,reference,11.461,-4.516,-5.512,-5.432
tide_phase_x_wind_dir,tide_phase=rising_early|wind_dir=西,7,ALL,ALL,ALL,rising_early,ALL,西,ALL,ALL,0.285714,0.428571,0.142857,0.428571,reference,-13.699,15.953,2.804,-16.306
tide_phase_x_wind_dir,tide_phase=rising_late|wind_dir=unknown,10,ALL,ALL,ALL,rising_late,ALL,unknown,ALL,ALL,0.5,0.3,0.1,0.5,reference,7.73,3.096,-1.482,-9.163
tide_phase_x_wind_dir,tide_phase=rising_late|wind_dir=北,164,ALL,ALL,ALL,rising_late,ALL,北,ALL,ALL,0.530488,0.170732,0.128049,0.615854,B,10.779,-9.831,1.323,2.423
tide_phase_x_wind_dir,tide_phase=rising_late|wind_dir=北東,66,ALL,ALL,ALL,rising_late,ALL,北東,ALL,ALL,0.515152,0.227273,0.151515,0.606061,reference,9.245,-4.177,3.67,1.443
tide_phase_x_wind_dir,tide_phase=rising_late|wind_dir=北西,7,ALL,ALL,ALL,rising_late,ALL,北西,ALL,ALL,0.714286,0.142857,0.0,0.428571,reference,29.159,-12.619,-11.482,-16.306
tide_phase_x_wind_dir,tide_phase=rising_late|wind_dir=南,361,ALL,ALL,ALL,rising_late,ALL,南,ALL,ALL,0.479224,0.235457,0.094183,0.576177,A,5.652,-3.359,-2.064,-1.545
tide_phase_x_wind_dir,tide_phase=rising_late|wind_dir=南東,95,ALL,ALL,ALL,rising_late,ALL,南東,ALL,ALL,0.557895,0.2,0.115789,0.536842,C,13.52,-6.904,0.097,-5.479
tide_phase_x_wind_dir,tide_phase=rising_late|wind_dir=南西,8,ALL,ALL,ALL,rising_late,ALL,南西,ALL,ALL,0.125,0.5,0.125,0.5,reference,-29.77,23.096,1.018,-9.163
tide_phase_x_wind_dir,tide_phase=rising_late|wind_dir=東,41,ALL,ALL,ALL,rising_late,ALL,東,ALL,ALL,0.390244,0.365854,0.073171,0.609756,reference,-3.246,9.681,-4.165,1.813
tide_phase_x_wind_dir,tide_phase=rising_late|wind_dir=無風,54,ALL,ALL,ALL,rising_late,ALL,無風,ALL,ALL,0.388889,0.351852,0.148148,0.518519,reference,-3.381,8.281,3.333,-7.311
tide_phase_x_wind_dir,tide_phase=rising_middle|wind_dir=unknown,25,ALL,ALL,ALL,rising_middle,ALL,unknown,ALL,ALL,0.56,0.24,0.04,0.52,reference,13.73,-2.904,-7.482,-7.163
tide_phase_x_wind_dir,tide_phase=rising_middle|wind_dir=北,191,ALL,ALL,ALL,rising_middle,ALL,北,ALL,ALL,0.434555,0.298429,0.120419,0.628272,B,1.186,2.939,0.56,3.664
tide_phase_x_wind_dir,tide_phase=rising_middle|wind_dir=北東,63,ALL,ALL,ALL,rising_middle,ALL,北東,ALL,ALL,0.396825,0.285714,0.15873,0.571429,reference,-2.587,1.667,4.391,-2.02
tide_phase_x_wind_dir,tide_phase=rising_middle|wind_dir=北西,12,ALL,ALL,ALL,rising_middle,ALL,北西,ALL,ALL,0.25,0.666667,0.083333,0.5,reference,-17.27,39.762,-3.149,-9.163
tide_phase_x_wind_dir,tide_phase=rising_middle|wind_dir=南,519,ALL,ALL,ALL,rising_middle,ALL,南,ALL,ALL,0.43738,0.28131,0.084778,0.578035,A,1.468,1.227,-3.004,-1.359
tide_phase_x_wind_dir,tide_phase=rising_middle|wind_dir=南東,163,ALL,ALL,ALL,rising_middle,ALL,南東,ALL,ALL,0.429448,0.288344,0.08589,0.613497,B,0.675,1.93,-2.893,2.187
tide_phase_x_wind_dir,tide_phase=rising_middle|wind_dir=南西,17,ALL,ALL,ALL,rising_middle,ALL,南西,ALL,ALL,0.352941,0.235294,0.176471,0.588235,reference,-6.976,-3.375,6.165,-0.339
tide_phase_x_wind_dir,tide_phase=rising_middle|wind_dir=東,60,ALL,ALL,ALL,rising_middle,ALL,東,ALL,ALL,0.3,0.45,0.133333,0.7,reference,-12.27,18.096,1.851,10.837
tide_phase_x_wind_dir,tide_phase=rising_middle|wind_dir=無風,40,ALL,ALL,ALL,rising_middle,ALL,無風,ALL,ALL,0.35,0.375,0.15,0.725,reference,-7.27,10.596,3.518,13.337
tide_phase_x_wind_dir,tide_phase=rising_middle|wind_dir=西,6,ALL,ALL,ALL,rising_middle,ALL,西,ALL,ALL,0.5,0.333333,0.0,0.666667,reference,7.73,6.429,-11.482,7.504
tide_phase_x_wind_speed,tide_phase=falling_early|wind_speed_band=0_1m,184,ALL,ALL,ALL,falling_early,ALL,ALL,0_1m,ALL,0.456522,0.288043,0.054348,0.527174,B,3.382,1.9,-6.047,-6.445
tide_phase_x_wind_speed,tide_phase=falling_early|wind_speed_band=2_3m,237,ALL,ALL,ALL,falling_early,ALL,ALL,2_3m,ALL,0.443038,0.261603,0.105485,0.620253,B,2.034,-0.744,-0.933,2.862
tide_phase_x_wind_speed,tide_phase=falling_early|wind_speed_band=4_5m,112,ALL,ALL,ALL,falling_early,ALL,ALL,4_5m,ALL,0.446429,0.223214,0.133929,0.491071,C,2.373,-4.583,1.911,-10.056
tide_phase_x_wind_speed,tide_phase=falling_early|wind_speed_band=6m_plus,28,ALL,ALL,ALL,falling_early,ALL,ALL,6m_plus,ALL,0.357143,0.428571,0.035714,0.535714,reference,-6.556,15.953,-7.911,-5.591
tide_phase_x_wind_speed,tide_phase=falling_early|wind_speed_band=unknown,3,ALL,ALL,ALL,falling_early,ALL,ALL,unknown,ALL,0.666667,0.0,0.333333,0.666667,reference,24.397,-26.904,21.851,7.504
tide_phase_x_wind_speed,tide_phase=falling_late|wind_speed_band=0_1m,241,ALL,ALL,ALL,falling_late,ALL,ALL,0_1m,ALL,0.410788,0.294606,0.116183,0.60166,B,-1.191,2.556,0.136,1.003
tide_phase_x_wind_speed,tide_phase=falling_late|wind_speed_band=2_3m,381,ALL,ALL,ALL,falling_late,ALL,ALL,2_3m,ALL,0.396325,0.265092,0.133858,0.598425,A,-2.637,-0.395,1.904,0.68
tide_phase_x_wind_speed,tide_phase=falling_late|wind_speed_band=4_5m,267,ALL,ALL,ALL,falling_late,ALL,ALL,4_5m,ALL,0.397004,0.277154,0.097378,0.614232,B,-2.57,0.811,-1.744,2.26
tide_phase_x_wind_speed,tide_phase=falling_late|wind_speed_band=6m_plus,74,ALL,ALL,ALL,falling_late,ALL,ALL,6m_plus,ALL,0.405405,0.297297,0.108108,0.567568,reference,-1.729,2.825,-0.671,-2.406
tide_phase_x_wind_speed,tide_phase=falling_late|wind_speed_band=unknown,47,ALL,ALL,ALL,falling_late,ALL,ALL,unknown,ALL,0.382979,0.234043,0.212766,0.446809,reference,-3.972,-3.5,9.795,-14.482
tide_phase_x_wind_speed,tide_phase=falling_middle|wind_speed_band=0_1m,176,ALL,ALL,ALL,falling_middle,ALL,ALL,0_1m,ALL,0.465909,0.238636,0.079545,0.568182,B,4.321,-3.041,-3.527,-2.345
tide_phase_x_wind_speed,tide_phase=falling_middle|wind_speed_band=2_3m,266,ALL,ALL,ALL,falling_middle,ALL,ALL,2_3m,ALL,0.360902,0.281955,0.154135,0.56015,B,-6.18,1.291,3.932,-3.148
tide_phase_x_wind_speed,tide_phase=falling_middle|wind_speed_band=4_5m,163,ALL,ALL,ALL,falling_middle,ALL,ALL,4_5m,ALL,0.349693,0.257669,0.171779,0.668712,B,-7.301,-1.137,5.696,7.708
tide_phase_x_wind_speed,tide_phase=falling_middle|wind_speed_band=6m_plus,75,ALL,ALL,ALL,falling_middle,ALL,ALL,6m_plus,ALL,0.32,0.213333,0.186667,0.573333,C,-10.27,-5.571,7.185,-1.83
tide_phase_x_wind_speed,tide_phase=falling_middle|wind_speed_band=unknown,30,ALL,ALL,ALL,falling_middle,ALL,ALL,unknown,ALL,0.333333,0.233333,0.3,0.7,reference,-8.937,-3.571,18.518,10.837
tide_phase_x_wind_speed,tide_phase=rising_early|wind_speed_band=0_1m,284,ALL,ALL,ALL,rising_early,ALL,ALL,0_1m,ALL,0.429577,0.295775,0.09507,0.59507,B,0.688,2.673,-1.975,0.344
tide_phase_x_wind_speed,tide_phase=rising_early|wind_speed_band=2_3m,440,ALL,ALL,ALL,rising_early,ALL,ALL,2_3m,ALL,0.388636,0.279545,0.106818,0.586364,A,-3.406,1.05,-0.8,-0.526
tide_phase_x_wind_speed,tide_phase=rising_early|wind_speed_band=4_5m,273,ALL,ALL,ALL,rising_early,ALL,ALL,4_5m,ALL,0.417582,0.216117,0.139194,0.626374,B,-0.512,-5.293,2.437,3.475
tide_phase_x_wind_speed,tide_phase=rising_early|wind_speed_band=6m_plus,76,ALL,ALL,ALL,rising_early,ALL,ALL,6m_plus,ALL,0.447368,0.236842,0.092105,0.618421,C,2.467,-3.22,-2.271,2.679
tide_phase_x_wind_speed,tide_phase=rising_early|wind_speed_band=unknown,45,ALL,ALL,ALL,rising_early,ALL,ALL,unknown,ALL,0.422222,0.244444,0.222222,0.666667,reference,-0.048,-2.46,10.74,7.504
tide_phase_x_wind_speed,tide_phase=rising_late|wind_speed_band=0_1m,228,ALL,ALL,ALL,rising_late,ALL,ALL,0_1m,ALL,0.52193,0.25,0.109649,0.548246,B,9.923,-1.904,-0.517,-4.338
tide_phase_x_wind_speed,tide_phase=rising_late|wind_speed_band=2_3m,346,ALL,ALL,ALL,rising_late,ALL,ALL,2_3m,ALL,0.473988,0.234104,0.115607,0.557803,A,5.129,-3.494,0.079,-3.383
tide_phase_x_wind_speed,tide_phase=rising_late|wind_speed_band=4_5m,180,ALL,ALL,ALL,rising_late,ALL,ALL,4_5m,ALL,0.494444,0.211111,0.094444,0.644444,B,7.174,-5.793,-2.038,5.282
tide_phase_x_wind_speed,tide_phase=rising_late|wind_speed_band=6m_plus,42,ALL,ALL,ALL,rising_late,ALL,ALL,6m_plus,ALL,0.428571,0.238095,0.142857,0.619048,reference,0.587,-3.095,2.804,2.742
tide_phase_x_wind_speed,tide_phase=rising_late|wind_speed_band=unknown,10,ALL,ALL,ALL,rising_late,ALL,ALL,unknown,ALL,0.5,0.3,0.1,0.5,reference,7.73,3.096,-1.482,-9.163
tide_phase_x_wind_speed,tide_phase=rising_middle|wind_speed_band=0_1m,284,ALL,ALL,ALL,rising_middle,ALL,ALL,0_1m,ALL,0.419014,0.330986,0.09507,0.59507,B,-0.369,6.194,-1.975,0.344
tide_phase_x_wind_speed,tide_phase=rising_middle|wind_speed_band=2_3m,464,ALL,ALL,ALL,rising_middle,ALL,ALL,2_3m,ALL,0.400862,0.297414,0.099138,0.581897,A,-2.184,2.837,-1.568,-0.973
tide_phase_x_wind_speed,tide_phase=rising_middle|wind_speed_band=4_5m,255,ALL,ALL,ALL,rising_middle,ALL,ALL,4_5m,ALL,0.447059,0.262745,0.113725,0.647059,B,2.436,-0.63,-0.109,5.543
tide_phase_x_wind_speed,tide_phase=rising_middle|wind_speed_band=6m_plus,68,ALL,ALL,ALL,rising_middle,ALL,ALL,6m_plus,ALL,0.441176,0.367647,0.102941,0.632353,reference,1.848,9.86,-1.188,4.072
tide_phase_x_wind_speed,tide_phase=rising_middle|wind_speed_band=unknown,25,ALL,ALL,ALL,rising_middle,ALL,ALL,unknown,ALL,0.56,0.24,0.04,0.52,reference,13.73,-2.904,-7.482,-7.163
tide_window_x_wind_dir,tide_window=干潮前1h|wind_dir=unknown,18,ALL,ALL,ALL,ALL,干潮前1h,unknown,ALL,ALL,0.444444,0.222222,0.166667,0.388889,reference,2.174,-4.682,5.185,-20.274
tide_window_x_wind_dir,tide_window=干潮前1h|wind_dir=北,87,ALL,ALL,ALL,ALL,干潮前1h,北,ALL,ALL,0.287356,0.275862,0.252874,0.804598,C,-13.534,0.682,13.805,21.297
tide_window_x_wind_dir,tide_window=干潮前1h|wind_dir=北東,46,ALL,ALL,ALL,ALL,干潮前1h,北東,ALL,ALL,0.478261,0.326087,0.043478,0.521739,reference,5.556,5.704,-7.134,-6.989
tide_window_x_wind_dir,tide_window=干潮前1h|wind_dir=北西,9,ALL,ALL,ALL,ALL,干潮前1h,北西,ALL,ALL,0.111111,0.444444,0.222222,0.666667,reference,-31.159,17.54,10.74,7.504
tide_window_x_wind_dir,tide_window=干潮前1h|wind_dir=南,204,ALL,ALL,ALL,ALL,干潮前1h,南,ALL,ALL,0.397059,0.259804,0.117647,0.607843,B,-2.564,-0.924,0.283,1.621
tide_window_x_wind_dir,tide_window=干潮前1h|wind_dir=南東,75,ALL,ALL,ALL,ALL,干潮前1h,南東,ALL,ALL,0.373333,0.4,0.08,0.533333,C,-4.937,13.096,-3.482,-5.83
tide_window_x_wind_dir,tide_window=干潮前1h|wind_dir=南西,16,ALL,ALL,ALL,ALL,干潮前1h,南西,ALL,ALL,0.3125,0.3125,0.0625,0.5,reference,-11.02,4.346,-5.232,-9.163
tide_window_x_wind_dir,tide_window=干潮前1h|wind_dir=東,28,ALL,ALL,ALL,ALL,干潮前1h,東,ALL,ALL,0.357143,0.178571,0.142857,0.75,reference,-6.556,-9.047,2.804,15.837
tide_window_x_wind_dir,tide_window=干潮前1h|wind_dir=無風,25,ALL,ALL,ALL,ALL,干潮前1h,無風,ALL,ALL,0.36,0.32,0.2,0.64,reference,-6.27,5.096,8.518,4.837
tide_window_x_wind_dir,tide_window=干潮前1h|wind_dir=西,1,ALL,ALL,ALL,ALL,干潮前1h,西,ALL,ALL,0.0,0.0,0.0,0.0,reference,-42.27,-26.904,-11.482,-59.163
tide_window_x_wind_dir,tide_window=干潮前2h|wind_dir=unknown,21,ALL,ALL,ALL,ALL,干潮前2h,unknown,ALL,ALL,0.380952,0.238095,0.142857,0.380952,reference,-4.175,-3.095,2.804,-21.068
tide_window_x_wind_dir,tide_window=干潮前2h|wind_dir=北,80,ALL,ALL,ALL,ALL,干潮前2h,北,ALL,ALL,0.4125,0.2,0.1625,0.6125,C,-1.02,-6.904,4.768,2.087
tide_window_x_wind_dir,tide_window=干潮前2h|wind_dir=北東,42,ALL,ALL,ALL,ALL,干潮前2h,北東,ALL,ALL,0.285714,0.333333,0.166667,0.690476,reference,-13.699,6.429,5.185,9.885
tide_window_x_wind_dir,tide_window=干潮前2h|wind_dir=北西,10,ALL,ALL,ALL,ALL,干潮前2h,北西,ALL,ALL,0.5,0.1,0.1,0.6,reference,7.73,-16.904,-1.482,0.837
tide_window_x_wind_dir,tide_window=干潮前2h|wind_dir=南,175,ALL,ALL,ALL,ALL,干潮前2h,南,ALL,ALL,0.457143,0.251429,0.085714,0.56,B,3.444,-1.761,-2.911,-3.163
tide_window_x_wind_dir,tide_window=干潮前2h|wind_dir=南東,56,ALL,ALL,ALL,ALL,干潮前2h,南東,ALL,ALL,0.428571,0.357143,0.125,0.553571,reference,0.587,8.81,1.018,-3.806
tide_window_x_wind_dir,tide_window=干潮前2h|wind_dir=南西,7,ALL,ALL,ALL,ALL,干潮前2h,南西,ALL,ALL,0.571429,0.0,0.0,0.428571,reference,14.873,-26.904,-11.482,-16.306
tide_window_x_wind_dir,tide_window=干潮前2h|wind_dir=東,21,ALL,ALL,ALL,ALL,干潮前2h,東,ALL,ALL,0.52381,0.190476,0.095238,0.52381,reference,10.111,-7.857,-1.958,-6.782
tide_window_x_wind_dir,tide_window=干潮前2h|wind_dir=無風,16,ALL,ALL,ALL,ALL,干潮前2h,無風,ALL,ALL,0.5,0.25,0.0625,0.625,reference,7.73,-1.904,-5.232,3.337
tide_window_x_wind_dir,tide_window=干潮前2h|wind_dir=西,3,ALL,ALL,ALL,ALL,干潮前2h,西,ALL,ALL,0.666667,0.333333,0.0,0.333333,reference,24.397,6.429,-11.482,-25.83
tide_window_x_wind_dir,tide_window=干潮後1h|wind_dir=unknown,22,ALL,ALL,ALL,ALL,干潮後1h,unknown,ALL,ALL,0.272727,0.318182,0.318182,0.772727,reference,-14.997,4.914,20.336,18.11
tide_window_x_wind_dir,tide_window=干潮後1h|wind_dir=北,86,ALL,ALL,ALL,ALL,干潮後1h,北,ALL,ALL,0.325581,0.325581,0.093023,0.686047,C,-9.712,5.654,-2.18,9.442
tide_window_x_wind_dir,tide_window=干潮後1h|wind_dir=北東,41,ALL,ALL,ALL,ALL,干潮後1h,北東,ALL,ALL,0.341463,0.243902,0.146341,0.585366,reference,-8.124,-2.514,3.152,-0.626
tide_window_x_wind_dir,tide_window=干潮後1h|wind_dir=北西,10,ALL,ALL,ALL,ALL,干潮後1h,北西,ALL,ALL,0.5,0.4,0.0,0.6,reference,7.73,13.096,-11.482,0.837
tide_window_x_wind_dir,tide_window=干潮後1h|wind_dir=南,229,ALL,ALL,ALL,ALL,干潮後1h,南,ALL,ALL,0.419214,0.257642,0.100437,0.524017,B,-0.349,-1.14,-1.438,-6.761
tide_window_x_wind_dir,tide_window=干潮後1h|wind_dir=南東,90,ALL,ALL,ALL,ALL,干潮後1h,南東,ALL,ALL,0.355556,0.366667,0.077778,0.633333,C,-6.714,9.762,-3.704,4.17
tide_window_x_wind_dir,tide_window=干潮後1h|wind_dir=南西,9,ALL,ALL,ALL,ALL,干潮後1h,南西,ALL,ALL,0.333333,0.444444,0.0,0.444444,reference,-8.937,17.54,-11.482,-14.718
tide_window_x_wind_dir,tide_window=干潮後1h|wind_dir=東,24,ALL,ALL,ALL,ALL,干潮後1h,東,ALL,ALL,0.375,0.375,0.041667,0.541667,reference,-4.77,10.596,-7.315,-4.996
tide_window_x_wind_dir,tide_window=干潮後1h|wind_dir=無風,44,ALL,ALL,ALL,ALL,干潮後1h,無風,ALL,ALL,0.568182,0.181818,0.090909,0.568182,reference,14.548,-8.722,-2.391,-2.345
tide_window_x_wind_dir,tide_window=干潮後1h|wind_dir=西,2,ALL,ALL,ALL,ALL,干潮後1h,西,ALL,ALL,0.5,0.5,0.0,0.0,reference,7.73,23.096,-11.482,-59.163
tide_window_x_wind_dir,tide_window=干潮後2h|wind_dir=unknown,22,ALL,ALL,ALL,ALL,干潮後2h,unknown,ALL,ALL,0.590909,0.181818,0.136364,0.545455,reference,16.821,-8.722,2.154,-4.617
tide_window_x_wind_dir,tide_window=干潮後2h|wind_dir=北,98,ALL,ALL,ALL,ALL,干潮後2h,北,ALL,ALL,0.367347,0.255102,0.183673,0.653061,C,-5.535,-1.394,6.885,6.143
tide_window_x_wind_dir,tide_window=干潮後2h|wind_dir=北東,31,ALL,ALL,ALL,ALL,干潮後2h,北東,ALL,ALL,0.516129,0.16129,0.064516,0.580645,reference,9.343,-10.775,-5.03,-1.098
tide_window_x_wind_dir,tide_window=干潮後2h|wind_dir=北西,9,ALL,ALL,ALL,ALL,干潮後2h,北西,ALL,ALL,0.222222,0.444444,0.0,0.555556,reference,-20.048,17.54,-11.482,-3.607
tide_window_x_wind_dir,tide_window=干潮後2h|wind_dir=南,240,ALL,ALL,ALL,ALL,干潮後2h,南,ALL,ALL,0.4375,0.229167,0.120833,0.629167,B,1.48,-3.988,0.601,3.754
tide_window_x_wind_dir,tide_window=干潮後2h|wind_dir=南東,73,ALL,ALL,ALL,ALL,干潮後2h,南東,ALL,ALL,0.410959,0.232877,0.109589,0.630137,reference,-1.174,-3.617,-0.523,3.851
tide_window_x_wind_dir,tide_window=干潮後2h|wind_dir=南西,8,ALL,ALL,ALL,ALL,干潮後2h,南西,ALL,ALL,0.5,0.125,0.25,0.5,reference,7.73,-14.404,13.518,-9.163
tide_window_x_wind_dir,tide_window=干潮後2h|wind_dir=東,34,ALL,ALL,ALL,ALL,干潮後2h,東,ALL,ALL,0.470588,0.264706,0.117647,0.529412,reference,4.789,-0.434,0.283,-6.222
tide_window_x_wind_dir,tide_window=干潮後2h|wind_dir=無風,28,ALL,ALL,ALL,ALL,干潮後2h,無風,ALL,ALL,0.5,0.25,0.071429,0.464286,reference,7.73,-1.904,-4.339,-12.734
tide_window_x_wind_dir,tide_window=干潮後2h|wind_dir=西,6,ALL,ALL,ALL,ALL,干潮後2h,西,ALL,ALL,0.166667,0.333333,0.166667,0.666667,reference,-25.603,6.429,5.185,7.504
tide_window_x_wind_dir,tide_window=満潮前1h|wind_dir=unknown,4,ALL,ALL,ALL,ALL,満潮前1h,unknown,ALL,ALL,0.25,0.5,0.0,0.5,reference,-17.27,23.096,-11.482,-9.163
tide_window_x_wind_dir,tide_window=満潮前1h|wind_dir=北,79,ALL,ALL,ALL,ALL,満潮前1h,北,ALL,ALL,0.56962,0.164557,0.101266,0.531646,C,14.692,-10.449,-1.355,-5.998
tide_window_x_wind_dir,tide_window=満潮前1h|wind_dir=北東,25,ALL,ALL,ALL,ALL,満潮前1h,北東,ALL,ALL,0.64,0.2,0.16,0.64,reference,21.73,-6.904,4.518,4.837
tide_window_x_wind_dir,tide_window=満潮前1h|wind_dir=北西,2,ALL,ALL,ALL,ALL,満潮前1h,北西,ALL,ALL,0.5,0.0,0.0,0.5,reference,7.73,-26.904,-11.482,-9.163
tide_window_x_wind_dir,tide_window=満潮前1h|wind_dir=南,145,ALL,ALL,ALL,ALL,満潮前1h,南,ALL,ALL,0.468966,0.275862,0.082759,0.551724,C,4.627,0.682,-3.206,-3.99
tide_window_x_wind_dir,tide_window=満潮前1h|wind_dir=南東,38,ALL,ALL,ALL,ALL,満潮前1h,南東,ALL,ALL,0.605263,0.184211,0.105263,0.552632,reference,18.256,-8.483,-0.956,-3.9
tide_window_x_wind_dir,tide_window=満潮前1h|wind_dir=南西,3,ALL,ALL,ALL,ALL,満潮前1h,南西,ALL,ALL,0.0,0.666667,0.0,0.333333,reference,-42.27,39.762,-11.482,-25.83
tide_window_x_wind_dir,tide_window=満潮前1h|wind_dir=東,20,ALL,ALL,ALL,ALL,満潮前1h,東,ALL,ALL,0.35,0.25,0.1,0.5,reference,-7.27,-1.904,-1.482,-9.163
tide_window_x_wind_dir,tide_window=満潮前1h|wind_dir=無風,20,ALL,ALL,ALL,ALL,満潮前1h,無風,ALL,ALL,0.25,0.35,0.15,0.6,reference,-17.27,8.096,3.518,0.837
tide_window_x_wind_dir,tide_window=満潮前2h|wind_dir=unknown,5,ALL,ALL,ALL,ALL,満潮前2h,unknown,ALL,ALL,0.8,0.0,0.2,0.6,reference,37.73,-26.904,8.518,0.837
tide_window_x_wind_dir,tide_window=満潮前2h|wind_dir=北,80,ALL,ALL,ALL,ALL,満潮前2h,北,ALL,ALL,0.45,0.2,0.175,0.65,C,2.73,-6.904,6.018,5.837
tide_window_x_wind_dir,tide_window=満潮前2h|wind_dir=北東,39,ALL,ALL,ALL,ALL,満潮前2h,北東,ALL,ALL,0.435897,0.25641,0.153846,0.512821,reference,1.32,-1.263,3.903,-7.881
tide_window_x_wind_dir,tide_window=満潮前2h|wind_dir=北西,5,ALL,ALL,ALL,ALL,満潮前2h,北西,ALL,ALL,0.8,0.2,0.0,0.4,reference,37.73,-6.904,-11.482,-19.163
tide_window_x_wind_dir,tide_window=満潮前2h|wind_dir=南,174,ALL,ALL,ALL,ALL,満潮前2h,南,ALL,ALL,0.494253,0.201149,0.109195,0.563218,B,7.155,-6.789,-0.562,-2.841
tide_window_x_wind_dir,tide_window=満潮前2h|wind_dir=南東,50,ALL,ALL,ALL,ALL,満潮前2h,南東,ALL,ALL,0.54,0.24,0.08,0.54,reference,11.73,-2.904,-3.482,-5.163
tide_window_x_wind_dir,tide_window=満潮前2h|wind_dir=南西,6,ALL,ALL,ALL,ALL,満潮前2h,南西,ALL,ALL,0.166667,0.333333,0.333333,0.666667,reference,-25.603,6.429,21.851,7.504
tide_window_x_wind_dir,tide_window=満潮前2h|wind_dir=東,20,ALL,ALL,ALL,ALL,満潮前2h,東,ALL,ALL,0.45,0.45,0.1,0.7,reference,2.73,18.096,-1.482,10.837
tide_window_x_wind_dir,tide_window=満潮前2h|wind_dir=無風,35,ALL,ALL,ALL,ALL,満潮前2h,無風,ALL,ALL,0.428571,0.4,0.171429,0.628571,reference,0.587,13.096,5.661,3.694
tide_window_x_wind_dir,tide_window=満潮前2h|wind_dir=西,2,ALL,ALL,ALL,ALL,満潮前2h,西,ALL,ALL,1.0,0.0,0.0,0.0,reference,57.73,-26.904,-11.482,-59.163
tide_window_x_wind_dir,tide_window=満潮後1h|wind_dir=unknown,2,ALL,ALL,ALL,ALL,満潮後1h,unknown,ALL,ALL,1.0,0.0,0.0,0.5,reference,57.73,-26.904,-11.482,-9.163
tide_window_x_wind_dir,tide_window=満潮後1h|wind_dir=北,61,ALL,ALL,ALL,ALL,満潮後1h,北,ALL,ALL,0.409836,0.295082,0.147541,0.721311,reference,-1.286,2.604,3.272,12.968
tide_window_x_wind_dir,tide_window=満潮後1h|wind_dir=北東,34,ALL,ALL,ALL,ALL,満潮後1h,北東,ALL,ALL,0.264706,0.294118,0.088235,0.5,reference,-15.799,2.508,-2.658,-9.163
tide_window_x_wind_dir,tide_window=満潮後1h|wind_dir=北西,4,ALL,ALL,ALL,ALL,満潮後1h,北西,ALL,ALL,0.25,0.25,0.5,0.5,reference,-17.27,-1.904,38.518,-9.163
tide_window_x_wind_dir,tide_window=満潮後1h|wind_dir=南,106,ALL,ALL,ALL,ALL,満潮後1h,南,ALL,ALL,0.528302,0.226415,0.075472,0.54717,C,10.56,-4.263,-3.935,-4.446
tide_window_x_wind_dir,tide_window=満潮後1h|wind_dir=南東,38,ALL,ALL,ALL,ALL,満潮後1h,南東,ALL,ALL,0.473684,0.289474,0.078947,0.605263,reference,5.098,2.043,-3.587,1.363
tide_window_x_wind_dir,tide_window=満潮後1h|wind_dir=南西,5,ALL,ALL,ALL,ALL,満潮後1h,南西,ALL,ALL,0.4,0.2,0.0,0.4,reference,-2.27,-6.904,-11.482,-19.163
tide_window_x_wind_dir,tide_window=満潮後1h|wind_dir=東,13,ALL,ALL,ALL,ALL,満潮後1h,東,ALL,ALL,0.384615,0.307692,0.076923,0.538462,reference,-3.808,3.865,-3.79,-5.317
tide_window_x_wind_dir,tide_window=満潮後1h|wind_dir=無風,14,ALL,ALL,ALL,ALL,満潮後1h,無風,ALL,ALL,0.357143,0.357143,0.142857,0.714286,reference,-6.556,8.81,2.804,12.266
tide_window_x_wind_dir,tide_window=満潮後1h|wind_dir=西,1,ALL,ALL,ALL,ALL,満潮後1h,西,ALL,ALL,0.0,1.0,0.0,0.0,reference,-42.27,73.096,-11.482,-59.163
tide_window_x_wind_dir,tide_window=満潮後2h|wind_dir=unknown,1,ALL,ALL,ALL,ALL,満潮後2h,unknown,ALL,ALL,0.0,0.0,0.0,0.0,reference,-42.27,-26.904,-11.482,-59.163
tide_window_x_wind_dir,tide_window=満潮後2h|wind_dir=北,67,ALL,ALL,ALL,ALL,満潮後2h,北,ALL,ALL,0.447761,0.283582,0.119403,0.597015,reference,2.506,1.454,0.458,0.539
tide_window_x_wind_dir,tide_window=満潮後2h|wind_dir=北東,26,ALL,ALL,ALL,ALL,満潮後2h,北東,ALL,ALL,0.384615,0.384615,0.038462,0.615385,reference,-3.808,11.557,-7.636,2.376
tide_window_x_wind_dir,tide_window=満潮後2h|wind_dir=北西,4,ALL,ALL,ALL,ALL,満潮後2h,北西,ALL,ALL,0.5,0.25,0.0,0.75,reference,7.73,-1.904,-11.482,15.837
tide_window_x_wind_dir,tide_window=満潮後2h|wind_dir=南,97,ALL,ALL,ALL,ALL,満潮後2h,南,ALL,ALL,0.443299,0.206186,0.103093,0.56701,C,2.06,-6.286,-1.173,-2.462
tide_window_x_wind_dir,tide_window=満潮後2h|wind_dir=南東,24,ALL,ALL,ALL,ALL,満潮後2h,南東,ALL,ALL,0.416667,0.166667,0.125,0.5,reference,-0.603,-10.238,1.018,-9.163
tide_window_x_wind_dir,tide_window=満潮後2h|wind_dir=南西,4,ALL,ALL,ALL,ALL,満潮後2h,南西,ALL,ALL,0.75,0.25,0.0,0.5,reference,32.73,-1.904,-11.482,-9.163
tide_window_x_wind_dir,tide_window=満潮後2h|wind_dir=東,10,ALL,ALL,ALL,ALL,満潮後2h,東,ALL,ALL,0.4,0.4,0.1,0.7,reference,-2.27,13.096,-1.482,10.837
tide_window_x_wind_dir,tide_window=満潮後2h|wind_dir=無風,19,ALL,ALL,ALL,ALL,満潮後2h,無風,ALL,ALL,0.578947,0.210526,0.052632,0.368421,reference,15.625,-5.852,-6.219,-22.321
tide_window_x_wind_dir,tide_window=満潮後2h|wind_dir=西,1,ALL,ALL,ALL,ALL,満潮後2h,西,ALL,ALL,0.0,0.0,0.0,1.0,reference,-42.27,-26.904,-11.482,40.837
tide_window_x_wind_dir,tide_window=通常|wind_dir=unknown,65,ALL,ALL,ALL,ALL,通常,unknown,ALL,ALL,0.4,0.246154,0.230769,0.646154,reference,-2.27,-2.289,11.595,5.453
tide_window_x_wind_dir,tide_window=通常|wind_dir=北,365,ALL,ALL,ALL,ALL,通常,北,ALL,ALL,0.386301,0.30411,0.147945,0.646575,A,-3.64,3.507,3.313,5.495
tide_window_x_wind_dir,tide_window=通常|wind_dir=北東,126,ALL,ALL,ALL,ALL,通常,北東,ALL,ALL,0.468254,0.261905,0.134921,0.634921,C,4.555,-0.714,2.01,4.329
tide_window_x_wind_dir,tide_window=通常|wind_dir=北西,23,ALL,ALL,ALL,ALL,通常,北西,ALL,ALL,0.26087,0.434783,0.130435,0.434783,reference,-16.183,16.574,1.562,-15.685
tide_window_x_wind_dir,tide_window=通常|wind_dir=南,910,ALL,ALL,ALL,ALL,通常,南,ALL,ALL,0.42967,0.263736,0.092308,0.58022,A,0.697,-0.531,-2.251,-1.141
tide_window_x_wind_dir,tide_window=通常|wind_dir=南東,260,ALL,ALL,ALL,ALL,通常,南東,ALL,ALL,0.407692,0.273077,0.115385,0.592308,B,-1.501,0.403,0.057,0.068
tide_window_x_wind_dir,tide_window=通常|wind_dir=南西,33,ALL,ALL,ALL,ALL,通常,南西,ALL,ALL,0.272727,0.30303,0.272727,0.606061,reference,-14.997,3.399,15.791,1.443
tide_window_x_wind_dir,tide_window=通常|wind_dir=東,91,ALL,ALL,ALL,ALL,通常,東,ALL,ALL,0.296703,0.43956,0.098901,0.648352,C,-12.6,17.052,-1.592,5.672
tide_window_x_wind_dir,tide_window=通常|wind_dir=無風,99,ALL,ALL,ALL,ALL,通常,無風,ALL,ALL,0.414141,0.272727,0.060606,0.505051,C,-0.856,0.368,-5.421,-8.658
tide_window_x_wind_dir,tide_window=通常|wind_dir=西,3,ALL,ALL,ALL,ALL,通常,西,ALL,ALL,0.333333,0.666667,0.0,1.0,reference,-8.937,39.762,-11.482,40.837
tide_window_x_wind_speed,tide_window=干潮前1h|wind_speed_band=0_1m,131,ALL,ALL,ALL,ALL,干潮前1h,ALL,0_1m,ALL,0.389313,0.312977,0.122137,0.59542,C,-3.339,4.393,0.732,0.379
tide_window_x_wind_speed,tide_window=干潮前1h|wind_speed_band=2_3m,196,ALL,ALL,ALL,ALL,干潮前1h,ALL,2_3m,ALL,0.352041,0.290816,0.158163,0.627551,B,-7.066,2.177,4.334,3.592
tide_window_x_wind_speed,tide_window=干潮前1h|wind_speed_band=4_5m,134,ALL,ALL,ALL,ALL,干潮前1h,ALL,4_5m,ALL,0.380597,0.276119,0.097015,0.649254,C,-4.21,0.708,-1.78,5.763
tide_window_x_wind_speed,tide_window=干潮前1h|wind_speed_band=6m_plus,30,ALL,ALL,ALL,ALL,干潮前1h,ALL,6m_plus,ALL,0.333333,0.3,0.2,0.7,reference,-8.937,3.096,8.518,10.837
tide_window_x_wind_speed,tide_window=干潮前1h|wind_speed_band=unknown,18,ALL,ALL,ALL,ALL,干潮前1h,ALL,unknown,ALL,0.444444,0.222222,0.166667,0.388889,reference,2.174,-4.682,5.185,-20.274
tide_window_x_wind_speed,tide_window=干潮前2h|wind_speed_band=0_1m,105,ALL,ALL,ALL,ALL,干潮前2h,ALL,0_1m,ALL,0.485714,0.247619,0.114286,0.609524,C,6.301,-2.142,-0.053,1.79
tide_window_x_wind_speed,tide_window=干潮前2h|wind_speed_band=2_3m,163,ALL,ALL,ALL,ALL,干潮前2h,ALL,2_3m,ALL,0.423313,0.239264,0.110429,0.552147,B,0.061,-2.978,-0.439,-3.948
tide_window_x_wind_speed,tide_window=干潮前2h|wind_speed_band=4_5m,111,ALL,ALL,ALL,ALL,干潮前2h,ALL,4_5m,ALL,0.423423,0.261261,0.117117,0.630631,C,0.072,-0.778,0.23,3.9
tide_window_x_wind_speed,tide_window=干潮前2h|wind_speed_band=6m_plus,31,ALL,ALL,ALL,ALL,干潮前2h,ALL,6m_plus,ALL,0.387097,0.322581,0.096774,0.451613,reference,-3.56,5.354,-1.805,-14.002
tide_window_x_wind_speed,tide_window=干潮前2h|wind_speed_band=unknown,21,ALL,ALL,ALL,ALL,干潮前2h,ALL,unknown,ALL,0.380952,0.238095,0.142857,0.380952,reference,-4.175,-3.095,2.804,-21.068
tide_window_x_wind_speed,tide_window=干潮後1h|wind_speed_band=0_1m,155,ALL,ALL,ALL,ALL,干潮後1h,ALL,0_1m,ALL,0.432258,0.335484,0.070968,0.587097,B,0.956,6.644,-4.385,-0.453
tide_window_x_wind_speed,tide_window=干潮後1h|wind_speed_band=2_3m,209,ALL,ALL,ALL,ALL,干潮後1h,ALL,2_3m,ALL,0.397129,0.287081,0.090909,0.545455,B,-2.557,1.804,-2.391,-4.617
tide_window_x_wind_speed,tide_window=干潮後1h|wind_speed_band=4_5m,138,ALL,ALL,ALL,ALL,干潮後1h,ALL,4_5m,ALL,0.369565,0.253623,0.115942,0.615942,C,-5.313,-1.542,0.112,2.431
tide_window_x_wind_speed,tide_window=干潮後1h|wind_speed_band=6m_plus,33,ALL,ALL,ALL,ALL,干潮後1h,ALL,6m_plus,ALL,0.363636,0.272727,0.090909,0.545455,reference,-5.906,0.368,-2.391,-4.617
tide_window_x_wind_speed,tide_window=干潮後1h|wind_speed_band=unknown,22,ALL,ALL,ALL,ALL,干潮後1h,ALL,unknown,ALL,0.272727,0.318182,0.318182,0.772727,reference,-14.997,4.914,20.336,18.11
tide_window_x_wind_speed,tide_window=干潮後2h|wind_speed_band=0_1m,144,ALL,ALL,ALL,ALL,干潮後2h,ALL,0_1m,ALL,0.4375,0.229167,0.125,0.5625,C,1.48,-3.988,1.018,-2.913
tide_window_x_wind_speed,tide_window=干潮後2h|wind_speed_band=2_3m,223,ALL,ALL,ALL,ALL,干潮後2h,ALL,2_3m,ALL,0.376682,0.282511,0.112108,0.623318,B,-4.602,1.347,-0.271,3.169
tide_window_x_wind_speed,tide_window=干潮後2h|wind_speed_band=4_5m,120,ALL,ALL,ALL,ALL,干潮後2h,ALL,4_5m,ALL,0.475,0.183333,0.15,0.633333,C,5.23,-8.571,3.518,4.17
tide_window_x_wind_speed,tide_window=干潮後2h|wind_speed_band=6m_plus,40,ALL,ALL,ALL,ALL,干潮後2h,ALL,6m_plus,ALL,0.5,0.175,0.125,0.675,reference,7.73,-9.404,1.018,8.337
tide_window_x_wind_speed,tide_window=干潮後2h|wind_speed_band=unknown,22,ALL,ALL,ALL,ALL,干潮後2h,ALL,unknown,ALL,0.590909,0.181818,0.136364,0.545455,reference,16.821,-8.722,2.154,-4.617
tide_window_x_wind_speed,tide_window=満潮前1h|wind_speed_band=0_1m,99,ALL,ALL,ALL,ALL,満潮前1h,ALL,0_1m,ALL,0.484848,0.262626,0.090909,0.555556,C,6.215,-0.642,-2.391,-3.607
tide_window_x_wind_speed,tide_window=満潮前1h|wind_speed_band=2_3m,151,ALL,ALL,ALL,ALL,満潮前1h,ALL,2_3m,ALL,0.523179,0.205298,0.119205,0.543046,B,10.048,-6.374,0.439,-4.858
tide_window_x_wind_speed,tide_window=満潮前1h|wind_speed_band=4_5m,67,ALL,ALL,ALL,ALL,満潮前1h,ALL,4_5m,ALL,0.462687,0.253731,0.089552,0.58209,reference,3.999,-1.531,-2.527,-0.954
tide_window_x_wind_speed,tide_window=満潮前1h|wind_speed_band=6m_plus,15,ALL,ALL,ALL,ALL,満潮前1h,ALL,6m_plus,ALL,0.466667,0.333333,0.0,0.466667,reference,4.397,6.429,-11.482,-12.496
tide_window_x_wind_speed,tide_window=満潮前1h|wind_speed_band=unknown,4,ALL,ALL,ALL,ALL,満潮前1h,ALL,unknown,ALL,0.25,0.5,0.0,0.5,reference,-17.27,23.096,-11.482,-9.163
tide_window_x_wind_speed,tide_window=満潮前2h|wind_speed_band=0_1m,128,ALL,ALL,ALL,ALL,満潮前2h,ALL,0_1m,ALL,0.539062,0.257812,0.125,0.5625,C,11.636,-1.123,1.018,-2.913
tide_window_x_wind_speed,tide_window=満潮前2h|wind_speed_band=2_3m,175,ALL,ALL,ALL,ALL,満潮前2h,ALL,2_3m,ALL,0.4,0.291429,0.125714,0.537143,B,-2.27,2.239,1.089,-5.449
tide_window_x_wind_speed,tide_window=満潮前2h|wind_speed_band=4_5m,88,ALL,ALL,ALL,ALL,満潮前2h,ALL,4_5m,ALL,0.545455,0.147727,0.136364,0.681818,C,12.276,-12.132,2.154,9.019
tide_window_x_wind_speed,tide_window=満潮前2h|wind_speed_band=6m_plus,20,ALL,ALL,ALL,ALL,満潮前2h,ALL,6m_plus,ALL,0.5,0.1,0.15,0.65,reference,7.73,-16.904,3.518,5.837
tide_window_x_wind_speed,tide_window=満潮前2h|wind_speed_band=unknown,5,ALL,ALL,ALL,ALL,満潮前2h,ALL,unknown,ALL,0.8,0.0,0.2,0.6,reference,37.73,-26.904,8.518,0.837
tide_window_x_wind_speed,tide_window=満潮後1h|wind_speed_band=0_1m,87,ALL,ALL,ALL,ALL,満潮後1h,ALL,0_1m,ALL,0.425287,0.298851,0.057471,0.505747,C,0.259,2.981,-5.735,-8.588
tide_window_x_wind_speed,tide_window=満潮後1h|wind_speed_band=2_3m,118,ALL,ALL,ALL,ALL,満潮後1h,ALL,2_3m,ALL,0.457627,0.254237,0.152542,0.677966,C,3.493,-1.481,3.772,8.634
tide_window_x_wind_speed,tide_window=満潮後1h|wind_speed_band=4_5m,55,ALL,ALL,ALL,ALL,満潮後1h,ALL,4_5m,ALL,0.436364,0.236364,0.090909,0.545455,reference,1.366,-3.268,-2.391,-4.617
tide_window_x_wind_speed,tide_window=満潮後1h|wind_speed_band=6m_plus,16,ALL,ALL,ALL,ALL,満潮後1h,ALL,6m_plus,ALL,0.375,0.375,0.0,0.5625,reference,-4.77,10.596,-11.482,-2.913
tide_window_x_wind_speed,tide_window=満潮後1h|wind_speed_band=unknown,2,ALL,ALL,ALL,ALL,満潮後1h,ALL,unknown,ALL,1.0,0.0,0.0,0.5,reference,57.73,-26.904,-11.482,-9.163
tide_window_x_wind_speed,tide_window=満潮後2h|wind_speed_band=0_1m,81,ALL,ALL,ALL,ALL,満潮後2h,ALL,0_1m,ALL,0.518519,0.222222,0.074074,0.580247,C,9.582,-4.682,-4.075,-1.138
tide_window_x_wind_speed,tide_window=満潮後2h|wind_speed_band=2_3m,96,ALL,ALL,ALL,ALL,満潮後2h,ALL,2_3m,ALL,0.40625,0.270833,0.083333,0.572917,C,-1.645,0.179,-3.149,-1.871
tide_window_x_wind_speed,tide_window=満潮後2h|wind_speed_band=4_5m,61,ALL,ALL,ALL,ALL,満潮後2h,ALL,4_5m,ALL,0.459016,0.213115,0.147541,0.540984,reference,3.632,-5.593,3.272,-5.064
tide_window_x_wind_speed,tide_window=満潮後2h|wind_speed_band=6m_plus,14,ALL,ALL,ALL,ALL,満潮後2h,ALL,6m_plus,ALL,0.285714,0.428571,0.071429,0.571429,reference,-13.699,15.953,-4.339,-2.02
tide_window_x_wind_speed,tide_window=満潮後2h|wind_speed_band=unknown,1,ALL,ALL,ALL,ALL,満潮後2h,ALL,unknown,ALL,0.0,0.0,0.0,0.0,reference,-42.27,-26.904,-11.482,-59.163
tide_window_x_wind_speed,tide_window=通常|wind_speed_band=0_1m,467,ALL,ALL,ALL,ALL,通常,ALL,0_1m,ALL,0.421842,0.312634,0.08137,0.584582,A,-0.086,4.359,-3.345,-0.705
tide_window_x_wind_speed,tide_window=通常|wind_speed_band=2_3m,803,ALL,ALL,ALL,ALL,通常,ALL,2_3m,ALL,0.405978,0.277709,0.113325,0.582814,A,-1.672,0.867,-0.149,-0.881
tide_window_x_wind_speed,tide_window=通常|wind_speed_band=4_5m,476,ALL,ALL,ALL,ALL,通常,ALL,4_5m,ALL,0.405462,0.264706,0.128151,0.630252,A,-1.724,-0.434,1.333,3.862
tide_window_x_wind_speed,tide_window=通常|wind_speed_band=6m_plus,164,ALL,ALL,ALL,ALL,通常,ALL,6m_plus,ALL,0.396341,0.29878,0.134146,0.603659,B,-2.636,2.974,1.933,1.203
tide_window_x_wind_speed,tide_window=通常|wind_speed_band=unknown,65,ALL,ALL,ALL,ALL,通常,ALL,unknown,ALL,0.4,0.246154,0.230769,0.646154,reference,-2.27,-2.289,11.595,5.453
tide_type_x_wind_dir,tide_type_est=中潮相当|wind_dir=unknown,76,中潮相当,ALL,ALL,ALL,ALL,unknown,ALL,ALL,0.355263,0.210526,0.25,0.605263,C,-6.744,-5.852,13.518,1.363
tide_type_x_wind_dir,tide_type_est=中潮相当|wind_dir=北,370,中潮相当,ALL,ALL,ALL,ALL,北,ALL,ALL,0.413514,0.281081,0.135135,0.697297,A,-0.919,1.204,2.032,10.567
tide_type_x_wind_dir,tide_type_est=中潮相当|wind_dir=北東,110,中潮相当,ALL,ALL,ALL,ALL,北東,ALL,ALL,0.427273,0.281818,0.118182,0.581818,C,0.457,1.278,0.336,-0.981
tide_type_x_wind_dir,tide_type_est=中潮相当|wind_dir=北西,36,中潮相当,ALL,ALL,ALL,ALL,北西,ALL,ALL,0.222222,0.5,0.138889,0.638889,reference,-20.048,23.096,2.407,4.726
tide_type_x_wind_dir,tide_type_est=中潮相当|wind_dir=南,749,中潮相当,ALL,ALL,ALL,ALL,南,ALL,ALL,0.433912,0.24032,0.110814,0.58745,A,1.121,-2.872,-0.401,-0.418
tide_type_x_wind_dir,tide_type_est=中潮相当|wind_dir=南東,203,中潮相当,ALL,ALL,ALL,ALL,南東,ALL,ALL,0.428571,0.325123,0.108374,0.615764,B,0.587,5.608,-0.645,2.414
tide_type_x_wind_dir,tide_type_est=中潮相当|wind_dir=南西,47,中潮相当,ALL,ALL,ALL,ALL,南西,ALL,ALL,0.297872,0.319149,0.170213,0.574468,reference,-12.483,5.011,5.539,-1.716
tide_type_x_wind_dir,tide_type_est=中潮相当|wind_dir=東,81,中潮相当,ALL,ALL,ALL,ALL,東,ALL,ALL,0.37037,0.382716,0.074074,0.617284,C,-5.233,11.367,-4.075,2.566
tide_type_x_wind_dir,tide_type_est=中潮相当|wind_dir=無風,87,中潮相当,ALL,ALL,ALL,ALL,無風,ALL,ALL,0.402299,0.252874,0.126437,0.586207,C,-2.04,-1.617,1.162,-0.542
tide_type_x_wind_dir,tide_type_est=中潮相当|wind_dir=西,10,中潮相当,ALL,ALL,ALL,ALL,西,ALL,ALL,0.3,0.4,0.1,0.5,reference,-12.27,13.096,-1.482,-9.163
tide_type_x_wind_dir,tide_type_est=大潮相当|wind_dir=unknown,48,大潮相当,ALL,ALL,ALL,ALL,unknown,ALL,ALL,0.5,0.270833,0.104167,0.541667,reference,7.73,0.179,-1.065,-4.996
tide_type_x_wind_dir,tide_type_est=大潮相当|wind_dir=北,322,大潮相当,ALL,ALL,ALL,ALL,北,ALL,ALL,0.388199,0.232919,0.170807,0.636646,A,-3.45,-3.612,5.599,4.502
tide_type_x_wind_dir,tide_type_est=大潮相当|wind_dir=北東,116,大潮相当,ALL,ALL,ALL,ALL,北東,ALL,ALL,0.439655,0.293103,0.12931,0.672414,C,1.696,2.406,1.449,8.079
tide_type_x_wind_dir,tide_type_est=大潮相当|wind_dir=北西,27,大潮相当,ALL,ALL,ALL,ALL,北西,ALL,ALL,0.481481,0.148148,0.037037,0.407407,reference,5.878,-12.089,-7.778,-18.422
tide_type_x_wind_dir,tide_type_est=大潮相当|wind_dir=南,852,大潮相当,ALL,ALL,ALL,ALL,南,ALL,ALL,0.441315,0.264085,0.097418,0.586854,A,1.862,-0.496,-1.74,-0.477
tide_type_x_wind_dir,tide_type_est=大潮相当|wind_dir=南東,232,大潮相当,ALL,ALL,ALL,ALL,南東,ALL,ALL,0.37069,0.293103,0.103448,0.581897,B,-5.201,2.406,-1.137,-0.973
tide_type_x_wind_dir,tide_type_est=大潮相当|wind_dir=南西,26,大潮相当,ALL,ALL,ALL,ALL,南西,ALL,ALL,0.307692,0.307692,0.153846,0.423077,reference,-11.501,3.865,3.903,-16.855
tide_type_x_wind_dir,tide_type_est=大潮相当|wind_dir=東,60,大潮相当,ALL,ALL,ALL,ALL,東,ALL,ALL,0.383333,0.266667,0.15,0.6,reference,-3.937,-0.238,3.518,0.837
tide_type_x_wind_dir,tide_type_est=大潮相当|wind_dir=無風,89,大潮相当,ALL,ALL,ALL,ALL,無風,ALL,ALL,0.483146,0.292135,0.101124,0.52809,C,6.045,2.309,-1.37,-6.354
tide_type_x_wind_dir,tide_type_est=大潮相当|wind_dir=西,7,大潮相当,ALL,ALL,ALL,ALL,西,ALL,ALL,0.428571,0.285714,0.0,0.571429,reference,0.587,1.667,-11.482,-2.02
tide_type_x_wind_dir,tide_type_est=小潮相当|wind_dir=unknown,32,小潮相当,ALL,ALL,ALL,ALL,unknown,ALL,ALL,0.46875,0.25,0.25,0.5,reference,4.605,-1.904,13.518,-9.163
tide_type_x_wind_dir,tide_type_est=小潮相当|wind_dir=北,283,小潮相当,ALL,ALL,ALL,ALL,北,ALL,ALL,0.392226,0.282686,0.162544,0.632509,B,-3.047,1.364,4.772,4.088
tide_type_x_wind_dir,tide_type_est=小潮相当|wind_dir=北東,175,小潮相当,ALL,ALL,ALL,ALL,北東,ALL,ALL,0.422857,0.245714,0.114286,0.554286,B,0.016,-2.333,-0.053,-3.734
tide_type_x_wind_dir,tide_type_est=小潮相当|wind_dir=北西,13,小潮相当,ALL,ALL,ALL,ALL,北西,ALL,ALL,0.461538,0.307692,0.153846,0.538462,reference,3.884,3.865,3.903,-5.317
tide_type_x_wind_dir,tide_type_est=小潮相当|wind_dir=南,590,小潮相当,ALL,ALL,ALL,ALL,南,ALL,ALL,0.444068,0.257627,0.083051,0.547458,A,2.137,-1.142,-3.177,-4.417
tide_type_x_wind_dir,tide_type_est=小潮相当|wind_dir=南東,236,小潮相当,ALL,ALL,ALL,ALL,南東,ALL,ALL,0.466102,0.258475,0.097458,0.559322,B,4.34,-1.057,-1.736,-3.231
tide_type_x_wind_dir,tide_type_est=小潮相当|wind_dir=南西,10,小潮相当,ALL,ALL,ALL,ALL,南西,ALL,ALL,0.5,0.3,0.1,0.5,reference,7.73,3.096,-1.482,-9.163
tide_type_x_wind_dir,tide_type_est=小潮相当|wind_dir=東,111,小潮相当,ALL,ALL,ALL,ALL,東,ALL,ALL,0.36036,0.36036,0.099099,0.630631,C,-6.234,9.132,-1.572,3.9
tide_type_x_wind_dir,tide_type_est=小潮相当|wind_dir=無風,115,小潮相当,ALL,ALL,ALL,ALL,無風,ALL,ALL,0.452174,0.269565,0.086957,0.53913,C,2.947,0.052,-2.786,-5.25
tide_type_x_wind_dir,tide_type_est=小潮相当|wind_dir=西,2,小潮相当,ALL,ALL,ALL,ALL,西,ALL,ALL,0.5,0.5,0.0,0.0,reference,7.73,23.096,-11.482,-59.163
tide_type_x_wind_dir,tide_type_est=若潮相当|wind_dir=南,12,若潮相当,ALL,ALL,ALL,ALL,南,ALL,ALL,0.416667,0.25,0.0,0.416667,reference,-0.603,-1.904,-11.482,-17.496
tide_type_x_wind_dir,tide_type_est=長潮相当|wind_dir=unknown,4,長潮相当,ALL,ALL,ALL,ALL,unknown,ALL,ALL,0.5,0.25,0.0,1.0,reference,7.73,-1.904,-11.482,40.837
tide_type_x_wind_dir,tide_type_est=長潮相当|wind_dir=北,28,長潮相当,ALL,ALL,ALL,ALL,北,ALL,ALL,0.357143,0.392857,0.107143,0.5,reference,-6.556,12.381,-0.768,-9.163
tide_type_x_wind_dir,tide_type_est=長潮相当|wind_dir=北東,9,長潮相当,ALL,ALL,ALL,ALL,北東,ALL,ALL,0.333333,0.444444,0.0,0.555556,reference,-8.937,17.54,-11.482,-3.607
tide_type_x_wind_dir,tide_type_est=長潮相当|wind_dir=南,77,長潮相当,ALL,ALL,ALL,ALL,南,ALL,ALL,0.493506,0.12987,0.116883,0.571429,C,7.081,-13.917,0.206,-2.02
tide_type_x_wind_dir,tide_type_est=長潮相当|wind_dir=南東,33,長潮相当,ALL,ALL,ALL,ALL,南東,ALL,ALL,0.454545,0.30303,0.090909,0.575758,reference,3.185,3.399,-2.391,-1.587
tide_type_x_wind_dir,tide_type_est=長潮相当|wind_dir=南西,8,長潮相当,ALL,ALL,ALL,ALL,南西,ALL,ALL,0.5,0.0,0.125,0.625,reference,7.73,-26.904,1.018,3.337
tide_type_x_wind_dir,tide_type_est=長潮相当|wind_dir=東,9,長潮相当,ALL,ALL,ALL,ALL,東,ALL,ALL,0.555556,0.222222,0.0,0.444444,reference,13.286,-4.682,-11.482,-14.718
tide_type_x_wind_dir,tide_type_est=長潮相当|wind_dir=無風,9,長潮相当,ALL,ALL,ALL,ALL,無風,ALL,ALL,0.333333,0.555556,0.0,0.555556,reference,-8.937,28.651,-11.482,-3.607
tide_type_x_wind_speed,tide_type_est=中潮相当|wind_speed_band=0_1m,444,中潮相当,ALL,ALL,ALL,ALL,ALL,0_1m,ALL,0.432432,0.297297,0.09009,0.614865,A,0.973,2.825,-2.473,2.324
tide_type_x_wind_speed,tide_type_est=中潮相当|wind_speed_band=2_3m,693,中潮相当,ALL,ALL,ALL,ALL,ALL,2_3m,ALL,0.412698,0.284271,0.124098,0.59596,A,-1.0,1.523,0.928,0.433
tide_type_x_wind_speed,tide_type_est=中潮相当|wind_speed_band=4_5m,425,中潮相当,ALL,ALL,ALL,ALL,ALL,4_5m,ALL,0.430588,0.223529,0.12,0.635294,A,0.789,-4.551,0.518,4.367
tide_type_x_wind_speed,tide_type_est=中潮相当|wind_speed_band=6m_plus,131,中潮相当,ALL,ALL,ALL,ALL,ALL,6m_plus,ALL,0.312977,0.358779,0.167939,0.664122,C,-10.972,8.974,5.312,7.249
tide_type_x_wind_speed,tide_type_est=中潮相当|wind_speed_band=unknown,76,中潮相当,ALL,ALL,ALL,ALL,ALL,unknown,ALL,0.355263,0.210526,0.25,0.605263,C,-6.744,-5.852,13.518,1.363
tide_type_x_wind_speed,tide_type_est=大潮相当|wind_speed_band=0_1m,447,大潮相当,ALL,ALL,ALL,ALL,ALL,0_1m,ALL,0.438479,0.288591,0.114094,0.572707,A,1.578,1.955,-0.073,-1.892
tide_type_x_wind_speed,tide_type_est=大潮相当|wind_speed_band=2_3m,728,大潮相当,ALL,ALL,ALL,ALL,ALL,2_3m,ALL,0.410714,0.26511,0.10989,0.576923,A,-1.199,-0.393,-0.493,-1.471
tide_type_x_wind_speed,tide_type_est=大潮相当|wind_speed_band=4_5m,431,大潮相当,ALL,ALL,ALL,ALL,ALL,4_5m,ALL,0.406032,0.241299,0.136891,0.649652,A,-1.667,-2.774,2.207,5.802
tide_type_x_wind_speed,tide_type_est=大潮相当|wind_speed_band=6m_plus,125,大潮相当,ALL,ALL,ALL,ALL,ALL,6m_plus,ALL,0.464,0.256,0.08,0.568,C,4.13,-1.304,-3.482,-2.363
tide_type_x_wind_speed,tide_type_est=大潮相当|wind_speed_band=unknown,48,大潮相当,ALL,ALL,ALL,ALL,ALL,unknown,ALL,0.5,0.270833,0.104167,0.541667,reference,7.73,0.179,-1.065,-4.996
tide_type_x_wind_speed,tide_type_est=小潮相当|wind_speed_band=0_1m,465,小潮相当,ALL,ALL,ALL,ALL,ALL,0_1m,ALL,0.464516,0.27957,0.08172,0.56129,A,4.182,1.053,-3.31,-3.034
tide_type_x_wind_speed,tide_type_est=小潮相当|wind_speed_band=2_3m,630,小潮相当,ALL,ALL,ALL,ALL,ALL,2_3m,ALL,0.403175,0.266667,0.119048,0.569841,A,-1.952,-0.238,0.423,-2.179
tide_type_x_wind_speed,tide_type_est=小潮相当|wind_speed_band=4_5m,354,小潮相当,ALL,ALL,ALL,ALL,ALL,4_5m,ALL,0.432203,0.276836,0.112994,0.587571,A,0.95,0.779,-0.183,-0.406
tide_type_x_wind_speed,tide_type_est=小潮相当|wind_speed_band=6m_plus,86,小潮相当,ALL,ALL,ALL,ALL,ALL,6m_plus,ALL,0.44186,0.22093,0.104651,0.546512,C,1.916,-4.811,-1.017,-4.512
tide_type_x_wind_speed,tide_type_est=小潮相当|wind_speed_band=unknown,32,小潮相当,ALL,ALL,ALL,ALL,ALL,unknown,ALL,0.46875,0.25,0.25,0.5,reference,4.605,-1.904,13.518,-9.163
tide_type_x_wind_speed,tide_type_est=若潮相当|wind_speed_band=2_3m,2,若潮相当,ALL,ALL,ALL,ALL,ALL,2_3m,ALL,0.5,0.0,0.0,0.5,reference,7.73,-26.904,-11.482,-9.163
tide_type_x_wind_speed,tide_type_est=若潮相当|wind_speed_band=4_5m,5,若潮相当,ALL,ALL,ALL,ALL,ALL,4_5m,ALL,0.2,0.4,0.0,0.6,reference,-22.27,13.096,-11.482,0.837
tide_type_x_wind_speed,tide_type_est=若潮相当|wind_speed_band=6m_plus,5,若潮相当,ALL,ALL,ALL,ALL,ALL,6m_plus,ALL,0.6,0.2,0.0,0.2,reference,17.73,-6.904,-11.482,-39.163
tide_type_x_wind_speed,tide_type_est=長潮相当|wind_speed_band=0_1m,41,長潮相当,ALL,ALL,ALL,ALL,ALL,0_1m,ALL,0.512195,0.243902,0.04878,0.365854,reference,8.95,-2.514,-6.604,-22.577
tide_type_x_wind_speed,tide_type_est=長潮相当|wind_speed_band=2_3m,81,長潮相当,ALL,ALL,ALL,ALL,ALL,2_3m,ALL,0.407407,0.271605,0.111111,0.641975,C,-1.529,0.256,-0.371,5.035
tide_type_x_wind_speed,tide_type_est=長潮相当|wind_speed_band=4_5m,35,長潮相当,ALL,ALL,ALL,ALL,ALL,4_5m,ALL,0.514286,0.171429,0.085714,0.542857,reference,9.159,-9.761,-2.911,-4.877
tide_type_x_wind_speed,tide_type_est=長潮相当|wind_speed_band=6m_plus,16,長潮相当,ALL,ALL,ALL,ALL,ALL,6m_plus,ALL,0.375,0.25,0.125,0.625,reference,-4.77,-1.904,1.018,3.337
tide_type_x_wind_speed,tide_type_est=長潮相当|wind_speed_band=unknown,4,長潮相当,ALL,ALL,ALL,ALL,ALL,unknown,ALL,0.5,0.25,0.0,1.0,reference,7.73,-1.904,-11.482,40.837
tide_direction_x_wind_dir_x_speed,tide_direction=上げ潮|wind_dir=unknown|wind_speed_band=unknown,80,ALL,ALL,上げ潮,ALL,ALL,unknown,unknown,ALL,0.475,0.25,0.15,0.6,C,5.23,-1.904,3.518,0.837
tide_direction_x_wind_dir_x_speed,tide_direction=上げ潮|wind_dir=北|wind_speed_band=0_1m,95,ALL,ALL,上げ潮,ALL,ALL,北,0_1m,ALL,0.452632,0.273684,0.147368,0.6,C,2.993,0.464,3.255,0.837
tide_direction_x_wind_dir_x_speed,tide_direction=上げ潮|wind_dir=北|wind_speed_band=2_3m,281,ALL,ALL,上げ潮,ALL,ALL,北,2_3m,ALL,0.41637,0.263345,0.11032,0.619217,B,-0.633,-0.57,-0.45,2.759
tide_direction_x_wind_dir_x_speed,tide_direction=上げ潮|wind_dir=北|wind_speed_band=4_5m,125,ALL,ALL,上げ潮,ALL,ALL,北,4_5m,ALL,0.464,0.224,0.168,0.736,C,4.13,-4.504,5.318,14.437
tide_direction_x_wind_dir_x_speed,tide_direction=上げ潮|wind_dir=北|wind_speed_band=6m_plus,33,ALL,ALL,上げ潮,ALL,ALL,北,6m_plus,ALL,0.454545,0.242424,0.121212,0.636364,reference,3.185,-2.662,0.639,4.474
tide_direction_x_wind_dir_x_speed,tide_direction=上げ潮|wind_dir=北東|wind_speed_band=0_1m,71,ALL,ALL,上げ潮,ALL,ALL,北東,0_1m,ALL,0.450704,0.253521,0.126761,0.535211,reference,2.8,-1.552,1.194,-5.642
tide_direction_x_wind_dir_x_speed,tide_direction=上げ潮|wind_dir=北東|wind_speed_band=2_3m,109,ALL,ALL,上げ潮,ALL,ALL,北東,2_3m,ALL,0.458716,0.238532,0.155963,0.605505,C,3.602,-3.051,4.114,1.388
tide_direction_x_wind_dir_x_speed,tide_direction=上げ潮|wind_dir=北東|wind_speed_band=4_5m,16,ALL,ALL,上げ潮,ALL,ALL,北東,4_5m,ALL,0.3125,0.25,0.125,0.8125,reference,-11.02,-1.904,1.018,22.087
tide_direction_x_wind_dir_x_speed,tide_direction=上げ潮|wind_dir=北東|wind_speed_band=6m_plus,2,ALL,ALL,上げ潮,ALL,ALL,北東,6m_plus,ALL,0.5,0.0,0.0,0.5,reference,7.73,-26.904,-11.482,-9.163
tide_direction_x_wind_dir_x_speed,tide_direction=上げ潮|wind_dir=北西|wind_speed_band=0_1m,7,ALL,ALL,上げ潮,ALL,ALL,北西,0_1m,ALL,0.428571,0.571429,0.0,0.571429,reference,0.587,30.239,-11.482,-2.02
tide_direction_x_wind_dir_x_speed,tide_direction=上げ潮|wind_dir=北西|wind_speed_band=2_3m,20,ALL,ALL,上げ潮,ALL,ALL,北西,2_3m,ALL,0.5,0.3,0.05,0.5,reference,7.73,3.096,-6.482,-9.163
tide_direction_x_wind_dir_x_speed,tide_direction=上げ潮|wind_dir=北西|wind_speed_band=4_5m,5,ALL,ALL,上げ潮,ALL,ALL,北西,4_5m,ALL,0.4,0.2,0.0,0.6,reference,-2.27,-6.904,-11.482,0.837
tide_direction_x_wind_dir_x_speed,tide_direction=上げ潮|wind_dir=北西|wind_speed_band=6m_plus,3,ALL,ALL,上げ潮,ALL,ALL,北西,6m_plus,ALL,0.0,1.0,0.0,0.666667,reference,-42.27,73.096,-11.482,7.504
tide_direction_x_wind_dir_x_speed,tide_direction=上げ潮|wind_dir=南|wind_speed_band=0_1m,165,ALL,ALL,上げ潮,ALL,ALL,南,0_1m,ALL,0.509091,0.248485,0.072727,0.6,B,8.639,-2.056,-4.209,0.837
tide_direction_x_wind_dir_x_speed,tide_direction=上げ潮|wind_dir=南|wind_speed_band=2_3m,549,ALL,ALL,上げ潮,ALL,ALL,南,2_3m,ALL,0.409836,0.284153,0.098361,0.530055,A,-1.286,1.511,-1.646,-6.157
tide_direction_x_wind_dir_x_speed,tide_direction=上げ潮|wind_dir=南|wind_speed_band=4_5m,527,ALL,ALL,上げ潮,ALL,ALL,南,4_5m,ALL,0.457306,0.225806,0.104364,0.614801,A,3.461,-4.324,-1.046,2.317
tide_direction_x_wind_dir_x_speed,tide_direction=上げ潮|wind_dir=南|wind_speed_band=6m_plus,142,ALL,ALL,上げ潮,ALL,ALL,南,6m_plus,ALL,0.457746,0.28169,0.098592,0.612676,C,3.505,1.265,-1.623,2.105
tide_direction_x_wind_dir_x_speed,tide_direction=上げ潮|wind_dir=南東|wind_speed_band=0_1m,160,ALL,ALL,上げ潮,ALL,ALL,南東,0_1m,ALL,0.475,0.2875,0.0875,0.56875,B,5.23,1.846,-2.732,-2.288
tide_direction_x_wind_dir_x_speed,tide_direction=上げ潮|wind_dir=南東|wind_speed_band=2_3m,237,ALL,ALL,上げ潮,ALL,ALL,南東,2_3m,ALL,0.413502,0.265823,0.097046,0.628692,B,-0.92,-0.322,-1.777,3.706
tide_direction_x_wind_dir_x_speed,tide_direction=上げ潮|wind_dir=南東|wind_speed_band=4_5m,23,ALL,ALL,上げ潮,ALL,ALL,南東,4_5m,ALL,0.391304,0.26087,0.217391,0.565217,reference,-3.14,-0.817,10.257,-2.641
tide_direction_x_wind_dir_x_speed,tide_direction=上げ潮|wind_dir=南東|wind_speed_band=6m_plus,1,ALL,ALL,上げ潮,ALL,ALL,南東,6m_plus,ALL,0.0,0.0,0.0,0.0,reference,-42.27,-26.904,-11.482,-59.163
tide_direction_x_wind_dir_x_speed,tide_direction=上げ潮|wind_dir=南西|wind_speed_band=0_1m,10,ALL,ALL,上げ潮,ALL,ALL,南西,0_1m,ALL,0.4,0.2,0.1,0.5,reference,-2.27,-6.904,-1.482,-9.163
tide_direction_x_wind_dir_x_speed,tide_direction=上げ潮|wind_dir=南西|wind_speed_band=2_3m,16,ALL,ALL,上げ潮,ALL,ALL,南西,2_3m,ALL,0.3125,0.25,0.1875,0.5,reference,-11.02,-1.904,7.268,-9.163
tide_direction_x_wind_dir_x_speed,tide_direction=上げ潮|wind_dir=南西|wind_speed_band=4_5m,9,ALL,ALL,上げ潮,ALL,ALL,南西,4_5m,ALL,0.222222,0.555556,0.0,0.444444,reference,-20.048,28.651,-11.482,-14.718
tide_direction_x_wind_dir_x_speed,tide_direction=上げ潮|wind_dir=南西|wind_speed_band=6m_plus,5,ALL,ALL,上げ潮,ALL,ALL,南西,6m_plus,ALL,0.2,0.4,0.4,1.0,reference,-22.27,13.096,28.518,40.837
tide_direction_x_wind_dir_x_speed,tide_direction=上げ潮|wind_dir=東|wind_speed_band=0_1m,116,ALL,ALL,上げ潮,ALL,ALL,東,0_1m,ALL,0.37069,0.387931,0.086207,0.603448,C,-5.201,11.889,-2.861,1.182
tide_direction_x_wind_dir_x_speed,tide_direction=上げ潮|wind_dir=東|wind_speed_band=2_3m,37,ALL,ALL,上げ潮,ALL,ALL,東,2_3m,ALL,0.405405,0.351351,0.108108,0.621622,reference,-1.729,8.231,-0.671,2.999
tide_direction_x_wind_dir_x_speed,tide_direction=上げ潮|wind_dir=東|wind_speed_band=4_5m,2,ALL,ALL,上げ潮,ALL,ALL,東,4_5m,ALL,0.0,0.0,0.5,1.0,reference,-42.27,-26.904,38.518,40.837
tide_direction_x_wind_dir_x_speed,tide_direction=上げ潮|wind_dir=無風|wind_speed_band=0_1m,161,ALL,ALL,上げ潮,ALL,ALL,無風,0_1m,ALL,0.440994,0.304348,0.111801,0.57764,B,1.829,3.531,-0.302,-1.399
tide_direction_x_wind_dir_x_speed,tide_direction=上げ潮|wind_dir=西|wind_speed_band=0_1m,11,ALL,ALL,上げ潮,ALL,ALL,西,0_1m,ALL,0.363636,0.363636,0.090909,0.545455,reference,-5.906,9.459,-2.391,-4.617
tide_direction_x_wind_dir_x_speed,tide_direction=上げ潮|wind_dir=西|wind_speed_band=2_3m,1,ALL,ALL,上げ潮,ALL,ALL,西,2_3m,ALL,1.0,0.0,0.0,0.0,reference,57.73,-26.904,-11.482,-59.163
tide_direction_x_wind_dir_x_speed,tide_direction=上げ潮|wind_dir=西|wind_speed_band=4_5m,1,ALL,ALL,上げ潮,ALL,ALL,西,4_5m,ALL,0.0,1.0,0.0,1.0,reference,-42.27,73.096,-11.482,40.837
tide_direction_x_wind_dir_x_speed,tide_direction=下げ潮|wind_dir=unknown|wind_speed_band=unknown,80,ALL,ALL,下げ潮,ALL,ALL,unknown,unknown,ALL,0.375,0.225,0.25,0.55,C,-4.77,-4.404,13.518,-4.163
tide_direction_x_wind_dir_x_speed,tide_direction=下げ潮|wind_dir=北|wind_speed_band=0_1m,83,ALL,ALL,下げ潮,ALL,ALL,北,0_1m,ALL,0.445783,0.289157,0.120482,0.674699,C,2.308,2.011,0.566,8.307
tide_direction_x_wind_dir_x_speed,tide_direction=下げ潮|wind_dir=北|wind_speed_band=2_3m,212,ALL,ALL,下げ潮,ALL,ALL,北,2_3m,ALL,0.353774,0.287736,0.179245,0.632075,B,-6.893,1.869,6.443,4.045
tide_direction_x_wind_dir_x_speed,tide_direction=下げ潮|wind_dir=北|wind_speed_band=4_5m,128,ALL,ALL,下げ潮,ALL,ALL,北,4_5m,ALL,0.304688,0.273438,0.21875,0.726562,C,-11.801,0.44,10.393,13.493
tide_direction_x_wind_dir_x_speed,tide_direction=下げ潮|wind_dir=北|wind_speed_band=6m_plus,46,ALL,ALL,下げ潮,ALL,ALL,北,6m_plus,ALL,0.326087,0.304348,0.173913,0.630435,reference,-9.661,3.531,5.909,3.881
tide_direction_x_wind_dir_x_speed,tide_direction=下げ潮|wind_dir=北東|wind_speed_band=0_1m,79,ALL,ALL,下げ潮,ALL,ALL,北東,0_1m,ALL,0.468354,0.303797,0.037975,0.56962,C,4.565,3.475,-7.684,-2.201
tide_direction_x_wind_dir_x_speed,tide_direction=下げ潮|wind_dir=北東|wind_speed_band=2_3m,118,ALL,ALL,下げ潮,ALL,ALL,北東,2_3m,ALL,0.381356,0.288136,0.135593,0.601695,C,-4.134,1.909,2.077,1.007
tide_direction_x_wind_dir_x_speed,tide_direction=下げ潮|wind_dir=北東|wind_speed_band=4_5m,14,ALL,ALL,下げ潮,ALL,ALL,北東,4_5m,ALL,0.285714,0.428571,0.071429,0.714286,reference,-13.699,15.953,-4.339,12.266
tide_direction_x_wind_dir_x_speed,tide_direction=下げ潮|wind_dir=北東|wind_speed_band=6m_plus,1,ALL,ALL,下げ潮,ALL,ALL,北東,6m_plus,ALL,1.0,0.0,0.0,0.0,reference,57.73,-26.904,-11.482,-59.163
tide_direction_x_wind_dir_x_speed,tide_direction=下げ潮|wind_dir=北西|wind_speed_band=0_1m,12,ALL,ALL,下げ潮,ALL,ALL,北西,0_1m,ALL,0.166667,0.416667,0.083333,0.5,reference,-25.603,14.762,-3.149,-9.163
tide_direction_x_wind_dir_x_speed,tide_direction=下げ潮|wind_dir=北西|wind_speed_band=2_3m,22,ALL,ALL,下げ潮,ALL,ALL,北西,2_3m,ALL,0.318182,0.227273,0.227273,0.636364,reference,-10.452,-4.177,11.245,4.474
tide_direction_x_wind_dir_x_speed,tide_direction=下げ潮|wind_dir=北西|wind_speed_band=4_5m,1,ALL,ALL,下げ潮,ALL,ALL,北西,4_5m,ALL,1.0,0.0,0.0,1.0,reference,57.73,-26.904,-11.482,40.837
tide_direction_x_wind_dir_x_speed,tide_direction=下げ潮|wind_dir=北西|wind_speed_band=6m_plus,6,ALL,ALL,下げ潮,ALL,ALL,北西,6m_plus,ALL,0.333333,0.333333,0.166667,0.166667,reference,-8.937,6.429,5.185,-42.496
tide_direction_x_wind_dir_x_speed,tide_direction=下げ潮|wind_dir=南|wind_speed_band=0_1m,87,ALL,ALL,下げ潮,ALL,ALL,南,0_1m,ALL,0.482759,0.264368,0.045977,0.632184,C,6.006,-0.467,-6.884,4.056
tide_direction_x_wind_dir_x_speed,tide_direction=下げ潮|wind_dir=南|wind_speed_band=2_3m,310,ALL,ALL,下げ潮,ALL,ALL,南,2_3m,ALL,0.451613,0.203226,0.119355,0.574194,A,2.891,-6.582,0.454,-1.743
tide_direction_x_wind_dir_x_speed,tide_direction=下げ潮|wind_dir=南|wind_speed_band=4_5m,382,ALL,ALL,下げ潮,ALL,ALL,南,4_5m,ALL,0.431937,0.253927,0.091623,0.560209,A,0.924,-1.512,-2.32,-3.142
tide_direction_x_wind_dir_x_speed,tide_direction=下げ潮|wind_dir=南|wind_speed_band=6m_plus,118,ALL,ALL,下げ潮,ALL,ALL,南,6m_plus,ALL,0.372881,0.262712,0.110169,0.542373,C,-4.982,-0.633,-0.465,-4.926
tide_direction_x_wind_dir_x_speed,tide_direction=下げ潮|wind_dir=南東|wind_speed_band=0_1m,107,ALL,ALL,下げ潮,ALL,ALL,南東,0_1m,ALL,0.439252,0.271028,0.121495,0.523364,C,1.655,0.199,0.668,-6.826
tide_direction_x_wind_dir_x_speed,tide_direction=下げ潮|wind_dir=南東|wind_speed_band=2_3m,168,ALL,ALL,下げ潮,ALL,ALL,南東,2_3m,ALL,0.39881,0.35119,0.077381,0.565476,B,-2.389,8.215,-3.744,-2.615
tide_direction_x_wind_dir_x_speed,tide_direction=下げ潮|wind_dir=南東|wind_speed_band=4_5m,7,ALL,ALL,下げ潮,ALL,ALL,南東,4_5m,ALL,0.142857,0.142857,0.571429,0.857143,reference,-27.984,-12.619,45.661,26.551
tide_direction_x_wind_dir_x_speed,tide_direction=下げ潮|wind_dir=南東|wind_speed_band=6m_plus,1,ALL,ALL,下げ潮,ALL,ALL,南東,6m_plus,ALL,0.0,1.0,0.0,1.0,reference,-42.27,73.096,-11.482,40.837
tide_direction_x_wind_dir_x_speed,tide_direction=下げ潮|wind_dir=南西|wind_speed_band=0_1m,7,ALL,ALL,下げ潮,ALL,ALL,南西,0_1m,ALL,0.428571,0.142857,0.0,0.285714,reference,0.587,-12.619,-11.482,-30.591
tide_direction_x_wind_dir_x_speed,tide_direction=下げ潮|wind_dir=南西|wind_speed_band=2_3m,29,ALL,ALL,下げ潮,ALL,ALL,南西,2_3m,ALL,0.37931,0.275862,0.206897,0.517241,reference,-4.339,0.682,9.208,-7.439
tide_direction_x_wind_dir_x_speed,tide_direction=下げ潮|wind_dir=南西|wind_speed_band=4_5m,10,ALL,ALL,下げ潮,ALL,ALL,南西,4_5m,ALL,0.3,0.2,0.1,0.4,reference,-12.27,-6.904,-1.482,-19.163
tide_direction_x_wind_dir_x_speed,tide_direction=下げ潮|wind_dir=南西|wind_speed_band=6m_plus,5,ALL,ALL,下げ潮,ALL,ALL,南西,6m_plus,ALL,0.4,0.4,0.2,1.0,reference,-2.27,13.096,8.518,40.837
tide_direction_x_wind_dir_x_speed,tide_direction=下げ潮|wind_dir=東|wind_speed_band=0_1m,81,ALL,ALL,下げ潮,ALL,ALL,東,0_1m,ALL,0.407407,0.283951,0.111111,0.592593,C,-1.529,1.491,-0.371,0.096
tide_direction_x_wind_dir_x_speed,tide_direction=下げ潮|wind_dir=東|wind_speed_band=2_3m,25,ALL,ALL,下げ潮,ALL,ALL,東,2_3m,ALL,0.28,0.32,0.08,0.68,reference,-14.27,5.096,-3.482,8.837
tide_direction_x_wind_dir_x_speed,tide_direction=下げ潮|wind_dir=無風|wind_speed_band=0_1m,139,ALL,ALL,下げ潮,ALL,ALL,無風,0_1m,ALL,0.446043,0.251799,0.086331,0.517986,C,2.334,-1.724,-2.849,-7.364
tide_direction_x_wind_dir_x_speed,tide_direction=下げ潮|wind_dir=西|wind_speed_band=0_1m,6,ALL,ALL,下げ潮,ALL,ALL,西,0_1m,ALL,0.333333,0.333333,0.0,0.333333,reference,-8.937,6.429,-11.482,-25.83
