summary_type,tide_type_est,races,one_escape_rate,course2_head_rate,center_head_3_4_rate,outer_head_5_6_rate,outer_in3_5_6_rate,roughness_rate,avg_tide_cm_est,race_time_band,tide_direction,tide_window,tide_level_band,tide_condition_label
潮種推定,中潮相当,1939,0.4296,0.165,0.2764,0.1289,0.6199,0.5704,112.4,,,,,
潮種推定,大潮相当,1935,0.4506,0.1633,0.2677,0.1183,0.5953,0.5494,102.9,,,,,
潮種推定,小潮相当,1882,0.4485,0.17,0.2731,0.1084,0.5691,0.5515,124.5,,,,,
潮種推定,若潮相当,12,0.4167,0.3333,0.25,0.0,0.4167,0.5833,127.2,,,,,
潮種推定,長潮相当,204,0.4608,0.1912,0.25,0.098,0.6029,0.5392,123.5,,,,,
潮種推定_時間帯,中潮相当,648,0.3503,0.2037,0.3056,0.1404,0.6296,0.6497,104.7,early,,,,
潮種推定_時間帯,中潮相当,644,0.5388,0.1335,0.2158,0.1118,0.5776,0.4612,125.8,late,,,,
潮種推定_時間帯,中潮相当,647,0.4003,0.1577,0.3076,0.1345,0.6522,0.5997,106.7,middle,,,,
潮種推定_時間帯,大潮相当,646,0.3885,0.1997,0.2848,0.1269,0.5913,0.6115,79.9,early,,,,
潮種推定_時間帯,大潮相当,642,0.5685,0.134,0.2072,0.0903,0.5841,0.4315,134.3,late,,,,
潮種推定_時間帯,大潮相当,647,0.3957,0.1561,0.3107,0.1376,0.6105,0.6043,94.7,middle,,,,
潮種推定_時間帯,小潮相当,628,0.3599,0.2006,0.3185,0.121,0.5892,0.6401,127.5,early,,,,
潮種推定_時間帯,小潮相当,627,0.555,0.1531,0.2105,0.0813,0.5486,0.445,120.4,late,,,,
潮種推定_時間帯,小潮相当,627,0.4306,0.1563,0.2903,0.1228,0.5694,0.5694,125.6,middle,,,,
潮種推定_時間帯,長潮相当,68,0.4412,0.1765,0.25,0.1324,0.5441,0.5588,128.8,early,,,,
潮種推定_時間帯,長潮相当,68,0.4853,0.2059,0.25,0.0588,0.6618,0.5147,115.7,late,,,,
潮種推定_時間帯,長潮相当,68,0.4559,0.1912,0.25,0.1029,0.6029,0.5441,126.0,middle,,,,
潮方向,,3413,0.4509,0.1606,0.2745,0.114,0.5998,0.5491,115.5,,上げ潮,,,
潮方向,,2559,0.4334,0.1762,0.2677,0.1227,0.5885,0.5666,110.9,,下げ潮,,,
潮窓,,544,0.3879,0.1912,0.2831,0.1379,0.6195,0.6121,74.8,,,干潮前1h,,
潮窓,,465,0.4538,0.172,0.2602,0.114,0.5849,0.5462,94.6,,,干潮前2h,,
潮窓,,609,0.4286,0.1773,0.2906,0.1034,0.5977,0.5714,72.7,,,干潮後1h,,
潮窓,,613,0.4454,0.1762,0.248,0.1305,0.6069,0.5546,91.9,,,干潮後2h,,
潮窓,,378,0.5212,0.1376,0.2328,0.1085,0.5503,0.4788,162.6,,,満潮前1h,,
潮窓,,463,0.4946,0.1231,0.2484,0.1339,0.5832,0.5054,152.7,,,満潮前2h,,
潮窓,,317,0.4732,0.1514,0.2713,0.1041,0.5868,0.5268,155.3,,,満潮後1h,,
潮窓,,281,0.4769,0.1886,0.242,0.0925,0.5623,0.5231,138.7,,,満潮後2h,,
潮窓,,2302,0.4266,0.169,0.2871,0.1173,0.6021,0.5734,118.3,,,通常,,
潮位帯,,1534,0.4602,0.1591,0.2503,0.1304,0.5978,0.5398,77.9,,,,やや低潮位(50-99cm),
潮位帯,,809,0.5068,0.1409,0.246,0.1063,0.5797,0.4932,160.9,,,,やや高潮位(150-179cm),
潮位帯,,2998,0.4246,0.1765,0.2849,0.1141,0.5981,0.5754,126.5,,,,中潮位(100-149cm),
潮位帯,,458,0.3952,0.179,0.3079,0.1179,0.6004,0.6048,34.4,,,,低潮位(<50cm),
潮位帯,,173,0.4509,0.1734,0.2543,0.1214,0.5723,0.5491,193.9,,,,高潮位(180cm+),
潮条件,,754,0.3899,0.1857,0.2865,0.1379,0.6061,0.6101,108.3,,,,,falling_mid
潮条件,,500,0.42,0.186,0.25,0.144,0.608,0.58,92.3,,,,,falling_strong
潮条件,,7,0.2857,0.2857,0.4286,0.0,0.2857,0.7143,126.9,,,,,falling_turning
潮条件,,145,0.4759,0.2,0.2345,0.0897,0.6276,0.5241,117.8,,,,,falling_very_weak
潮条件,,1153,0.4631,0.1622,0.2663,0.1084,0.5655,0.5369,119.8,,,,,falling_weak
潮条件,,1185,0.4549,0.1519,0.27,0.1232,0.6287,0.5451,115.0,,,,,rising_mid
潮条件,,1435,0.4613,0.1554,0.2739,0.1094,0.5909,0.5387,106.6,,,,,rising_strong
潮条件,,5,0.6,0.4,0.0,0.0,0.6,0.4,127.8,,,,,rising_turning
潮条件,,59,0.4237,0.1695,0.2881,0.1186,0.5424,0.5763,137.7,,,,,rising_very_weak
潮条件,,729,0.4252,0.1824,0.284,0.1084,0.5748,0.5748,131.9,,,,,rising_weak
潮条件_時間帯,,367,0.3569,0.2071,0.2943,0.1417,0.5967,0.6431,105.5,early,,,,falling_mid
潮条件_時間帯,,144,0.5417,0.1111,0.2153,0.1319,0.5903,0.4583,136.9,late,,,,falling_mid
潮条件_時間帯,,243,0.3498,0.1975,0.3169,0.1358,0.6296,0.6502,95.5,middle,,,,falling_mid
潮条件_時間帯,,377,0.4005,0.1936,0.2599,0.1459,0.5942,0.5995,80.7,early,,,,falling_strong
潮条件_時間帯,,47,0.5319,0.1277,0.234,0.1064,0.6809,0.4681,179.2,late,,,,falling_strong
潮条件_時間帯,,76,0.4474,0.1842,0.2105,0.1579,0.6316,0.5526,96.0,middle,,,,falling_strong
潮条件_時間帯,,31,0.4839,0.1613,0.2258,0.129,0.5161,0.5161,124.4,early,,,,falling_very_weak
潮条件_時間帯,,59,0.4915,0.2203,0.2373,0.0508,0.661,0.5085,109.1,late,,,,falling_very_weak
潮条件_時間帯,,55,0.4545,0.2,0.2364,0.1091,0.6545,0.5455,123.2,middle,,,,falling_very_weak
潮条件_時間帯,,331,0.3323,0.2115,0.3323,0.1239,0.577,0.6677,129.8,early,,,,falling_weak
潮条件_時間帯,,420,0.5786,0.1429,0.2024,0.0762,0.55,0.4214,113.6,late,,,,falling_weak
潮条件_時間帯,,402,0.4502,0.1418,0.2786,0.1294,0.5721,0.5498,118.1,middle,,,,falling_weak
潮条件_時間帯,,281,0.3416,0.1993,0.3203,0.1388,0.6726,0.6584,103.7,early,,,,rising_mid
潮条件_時間帯,,500,0.538,0.14,0.216,0.106,0.574,0.462,122.7,late,,,,rising_mid
潮条件_時間帯,,404,0.4307,0.1337,0.302,0.1337,0.6658,0.5693,113.4,middle,,,,rising_mid
潮条件_時間帯,,269,0.3717,0.2082,0.3197,0.1004,0.5874,0.6283,78.7,early,,,,rising_strong
潮条件_時間帯,,595,0.5714,0.1345,0.205,0.0891,0.5765,0.4286,130.7,late,,,,rising_strong
潮条件_時間帯,,571,0.3888,0.1524,0.324,0.1349,0.6077,0.6112,94.5,middle,,,,rising_strong
潮条件_時間帯,,37,0.4054,0.1892,0.2703,0.1351,0.5676,0.5946,132.5,early,,,,rising_very_weak
潮条件_時間帯,,9,0.4444,0.1111,0.3333,0.1111,0.6667,0.5556,158.7,late,,,,rising_very_weak
潮条件_時間帯,,13,0.4615,0.1538,0.3077,0.0769,0.3846,0.5385,137.8,middle,,,,rising_very_weak
潮条件_時間帯,,297,0.3906,0.1886,0.303,0.1178,0.6027,0.6094,125.0,early,,,,rising_weak
潮条件_時間帯,,207,0.5072,0.1739,0.2271,0.0918,0.5459,0.4928,134.4,late,,,,rising_weak
潮条件_時間帯,,225,0.3956,0.1822,0.3111,0.1111,0.5644,0.6044,138.8,middle,,,,rising_weak
